DisNo.,Historic,Classification Key,Disaster Group,Disaster Subgroup,Disaster Type,Disaster Subtype,External IDs,Event Name,ISO,Country,Subregion,Region,Location,Origin,Associated Types,OFDA/BHA Response,Appeal,Declaration,AID Contribution ('000 US$),Magnitude,Magnitude Scale,Latitude,Longitude,River Basin,Start Year,Start Month,Start Day,End Year,End Month,End Day,Total Deaths,No. Injured,No. Affected,No. Homeless,Total Affected,Reconstruction Costs ('000 US$),"Reconstruction Costs, Adjusted ('000 US$)",Insured Damage ('000 US$),"Insured Damage, Adjusted ('000 US$)",Total Damage ('000 US$),"Total Damage, Adjusted ('000 US$)",CPI,Admin Units,Entry Date,Last Update
2000-0024-NOR,No,tec-tra-rai-rai,Technological,Transport,Rail,Rail,,,NOR,Norway,Northern Europe,Europe,Aasta (Hedmark),,,No,No,No,,,,,,,2000,1,4,2000,1,4,19,30,,,30,,,,,,,56.5142905592776,,2004-08-06,2023-09-25
2000-0028-ROU,No,nat-met-sto-bli,Natural,Meteorological,Storm,Blizzard/Winter storm,,,ROU,Romania,Eastern Europe,Europe,"Bihor, Satu Mare, Cluj, Salaj, Mures provinces",,,No,No,No,,,Kph,,,,2000,1,,2000,1,,14,,,300,300,,,,,,,56.5142905592776,"[{""adm1_code"":2450,""adm1_name"":""Bihor""},{""adm1_code"":2459,""adm1_name"":""Cluj""},{""adm1_code"":2473,""adm1_name"":""Mures""},{""adm1_code"":2477,""adm1_name"":""Salaj""},{""adm1_code"":2478,""adm1_name"":""Satu Mare""}]",2003-07-01,2023-09-25
2000-0029-BGR,No,nat-met-ext-col,Natural,Meteorological,Extreme temperature,Cold wave,,,BGR,Bulgaria,Eastern Europe,Europe,"Sofia province, Sofia-city province",,,No,No,No,,,°C,,,,2000,1,,2000,1,,,,,,,,,,,,,56.5142905592776,"[{""adm1_code"":722,""adm1_name"":""Sofia""},{""adm1_code"":723,""adm1_name"":""Sofia-city""}]",2003-07-01,2023-09-25
2000-0032-CHE,No,tec-tra-air-air,Technological,Transport,Air,Air,,Crossair Saab-340,CHE,Switzerland,Western Europe,Europe,Niederhasli (Zurich),,,No,No,No,,,,,,,2000,1,10,2000,1,10,10,,,,,,,,,,,56.5142905592776,,2003-07-01,2023-09-25
2000-0039-ESP,No,tec-mis-col-col,Technological,Miscellaneous accident,Collapse (Miscellaneous),Collapse (Miscellaneous),,Furniture store (meubles peralta),ESP,Spain,Southern Europe,Europe,Dos Hermanas (Séville),,,No,No,No,,,,,,,2000,2,3,2000,2,3,,163,,,163,,,,,,,56.5142905592776,,2003-07-01,2025-03-14
2000-0042-DEU,No,tec-tra-rai-rai,Technological,Transport,Rail,Rail,,,DEU,Germany,Western Europe,Europe,Bruehl,,,No,No,No,,,,,,,2000,2,6,2000,2,6,9,100,,,100,,,,,,,56.5142905592776,,2003-07-01,2023-09-25
2000-0049-RUS,No,tec-mis-exp-exp,Technological,Miscellaneous accident,Explosion (Miscellaneous),Explosion (Miscellaneous),,,RUS,Russian Federation,Eastern Europe,Europe,Khabarovsk (Extrême Orient Russe),,,No,No,No,,,,,,,2000,2,8,2000,2,8,13,9,,,9,,,,,,,56.5142905592776,,2004-08-04,2023-09-25
2000-0052-RUS,No,nat-bio-epi-vir,Natural,Biological,Epidemic,Viral disease,,Haemorrhagic fever,RUS,Russian Federation,Eastern Europe,Europe,Tatarstan,,,No,No,No,,,Vaccinated,,,,2000,1,,2000,1,,,,564,,564,,,,,,,56.5142905592776,,2003-07-01,2023-09-25
2000-0070-ITA,No,tec-tra-wat-wat,Technological,Transport,Water,Water,,"Espresso Catania, Zafir",ITA,Italy,Southern Europe,Europe,Catanzaro,,,No,No,No,,,,,,,2000,2,14,2000,2,14,13,,,,,,,,,,,56.5142905592776,,2003-07-16,2023-09-25
2000-0072-BIH,No,nat-hyd-mmw-lan,Natural,Hydrological,Mass movement (wet),Landslide (wet),,,BIH,Bosnia and Herzegovina,Southern Europe,Europe,"Velika Broda (Zenicko-dobojski district, Federacija Bosne I Hercegovine)",,,No,No,No,,,,,,,2000,2,10,2000,2,10,6,3,400,,403,,,,,,,56.5142905592776,"[{""adm2_code"":6250,""adm2_name"":""Zenicko-dobojski""}]",2003-07-01,2023-09-25
2000-0076-ISL,No,nat-geo-ear-gro,Natural,Geophysical,Earthquake,Ground movement,USGS:usp0009ux8,,ISL,Iceland,Northern Europe,Europe,"Grimsnes, Selfoss, Eyrarbakki, Stokkseyri city (Arnes provinces)",,,No,No,No,,6.5,Moment Magnitude,63.98,-20.758,,2000,6,21,2000,6,21,,,72,36,108,,,,,12000,21234,56.5142905592776,"[{""adm1_code"":1460,""adm1_name"":""Arnes""}]",2008-05-08,2023-09-25
2000-0123-HUN,No,tec-ind-che-che,Technological,Industrial accident,Chemical spill,Chemical spill,,Cyanide,HUN,Hungary,Eastern Europe,Europe,,,,No,No,No,,,m3,,,,2000,1,30,2000,1,30,,,,,,,,,,,,56.5142905592776,,2005-02-08,2025-03-14
2000-0123-ROU,No,tec-ind-che-che,Technological,Industrial accident,Chemical spill,Chemical spill,,Cyanide,ROU,Romania,Eastern Europe,Europe,Baia Mare,,,No,No,No,,100000,m3,,,"Lapus, Szamos rivers",2000,1,30,2000,1,30,,,,,,,,,,,,56.5142905592776,,2010-10-07,2025-03-14
2000-0155-AUT,No,nat-hyd-mmw-ava,Natural,Hydrological,Mass movement (wet),Avalanche (wet),,,AUT,Austria,Western Europe,Europe,"Kitzsteinhorn (Zell am See, Salzburg)",,,No,No,No,,,,,,,2000,3,28,2000,3,28,13,,,,,,,,,,,56.5142905592776,"[{""adm2_code"":5641,""adm2_name"":""Zell am See""}]",2003-07-01,2023-09-25
2000-0164-RUS,No,nat-hyd-mmw-ava,Natural,Hydrological,Mass movement (wet),Avalanche (wet),,,RUS,Russian Federation,Eastern Europe,Europe,Transcaucasian (Severnaya Osetiya-alaniya Rep. Province),,,No,No,No,,,,,,,2000,1,19,2000,1,19,20,,,,,,,,,,,56.5142905592776,"[{""adm1_code"":2556,""adm1_name"":""Severnaya Osetiya-alaniya Rep.""}]",2003-07-01,2023-09-25
2000-0165-RUS,No,nat-met-ext-col,Natural,Meteorological,Extreme temperature,Cold wave,,,RUS,Russian Federation,Eastern Europe,Europe,Moskva province,,,No,No,No,,,°C,,,,2000,2,,2000,2,,13,252,,,252,,,,,,,56.5142905592776,"[{""adm1_code"":2535,""adm1_name"":""Moskva""}]",2003-07-01,2023-09-25
2000-0167-CZE,No,nat-hyd-flo-riv,Natural,Hydrological,Flood,Riverine flood,,,CZE,Czechia,Eastern Europe,Europe,"Stredocesky,Praha provinces (Center), Jihocesky, Severocesky, Zapadocesky provinces (West)",,,No,No,No,,,Km2,,,,2000,3,8,2000,3,13,,,,,,,,55000,97321,80000,141557,56.5142905592776,"[{""adm1_code"":1030,""adm1_name"":""Jihocesky""},{""adm1_code"":1032,""adm1_name"":""Praha""},{""adm1_code"":1033,""adm1_name"":""Severocesky""},{""adm1_code"":1035,""adm1_name"":""Stredocesky""},{""adm1_code"":1037,""adm1_name"":""Zapadocesky""}]",2007-04-17,2023-09-25
2000-0167-ROU,No,nat-hyd-flo-riv,Natural,Hydrological,Flood,Riverine flood,,,ROU,Romania,Eastern Europe,Europe,"Hunedoara, Maramures, Cluj, Mures, Bistrita Nasaud provinces",,,No,No,No,,,Km2,,,,2000,3,,2000,3,,,,3000,,3000,,,,,500,885,56.5142905592776,"[{""adm1_code"":2451,""adm1_name"":""Bistrita-nasaud""},{""adm1_code"":2459,""adm1_name"":""Cluj""},{""adm1_code"":2468,""adm1_name"":""Hunedoara""},{""adm1_code"":2471,""adm1_name"":""Maramures""},{""adm1_code"":2473,""adm1_name"":""Mures""}]",2007-04-17,2023-09-25
2000-0168-UKR,No,tec-ind-exp-exp,Technological,Industrial accident,Explosion (Industrial),Explosion (Industrial),,Coal mine,UKR,Ukraine,Eastern Europe,Europe,Sukhodolsk (Luhansk Oblast),,,Yes,No,No,,,m3,,,,2000,3,11,2000,3,11,80,7,,,7,,,,,,,56.5142905592776,,2003-07-01,2023-09-25
2000-0179-RUS,No,nat-hyd-flo-flo,Natural,Hydrological,Flood,Flood (General),,,RUS,Russian Federation,Eastern Europe,Europe,"Krymsky, Severskiy, Abinskiy districts (Krasnodarskiy Kray province)",,,No,No,No,,,Km2,,,,2000,3,,2000,3,,,,19800,,19800,,,,,5273,9330,56.5142905592776,"[{""adm1_code"":2524,""adm1_name"":""Krasnodarskiy Kray""}]",2003-07-01,2023-09-25
2000-0180-RUS,No,tec-ind-exp-exp,Technological,Industrial accident,Explosion (Industrial),Explosion (Industrial),,,RUS,Russian Federation,Eastern Europe,Europe,"Leninsk-Kuznetsky (Kemerovo region, Siberia)",,,No,No,No,,,m3,,,,2000,3,22,2000,3,22,12,,,,,,,,,,,56.5142905592776,,2003-07-01,2023-09-25
2000-0187-ROU,No,nat-hyd-flo-riv,Natural,Hydrological,Flood,Riverine flood,,,ROU,Romania,Eastern Europe,Europe,"Alba, Arad, Bihor, Bistrita, Botosani, Brasov, Caras-Severin, Cluj, Harghita, Hunedoara, Mamamures, Mures, Olt, Satu-Mare, Salaj, Timis provinces",Snowmelt,,Yes,No,No,536,932,Km2,,,"Lapus, Cavnis, Iza, Viseu, Tisa, Cris, Olt, Mures, Somes, Bega, Crisul Alb, Tirnava Mica, and Timis",2000,4,5,2000,4,25,9,,60000,431,60431,,,,,100000,176946,56.5142905592776,"[{""adm1_code"":2446,""adm1_name"":""Alba""},{""adm1_code"":2447,""adm1_name"":""Arad""},{""adm1_code"":2450,""adm1_name"":""Bihor""},{""adm1_code"":2451,""adm1_name"":""Bistrita-nasaud""},{""adm1_code"":2452,""adm1_name"":""Botosani""},{""adm1_code"":2454,""adm1_name"":""Brasov""},{""adm1_code"":2458,""adm1_name"":""Caras-severin""},{""adm1_code"":2459,""adm1_name"":""Cluj""},{""adm1_code"":2467,""adm1_name"":""Harghita""},{""adm1_code"":2468,""adm1_name"":""Hunedoara""},{""adm1_code"":2471,""adm1_name"":""Maramures""},{""adm1_code"":2473,""adm1_name"":""Mures""},{""adm1_code"":2475,""adm1_name"":""Olt""},{""adm1_code"":2477,""adm1_name"":""Salaj""},{""adm1_code"":2478,""adm1_name"":""Satu Mare""},{""adm1_code"":2482,""adm1_name"":""Timis""}]",2005-09-16,2023-09-25
2000-0191-HUN,No,nat-hyd-flo-riv,Natural,Hydrological,Flood,Riverine flood,,,HUN,Hungary,Eastern Europe,Europe,"Borsod-Abauj-Zemplen, Szabolcs-Szatmar-Bereg province, Szolnok city (Jasz-nagykun-Szolnok province)",,,Yes,No,No,83,2500,Km2,,,,2000,4,6,2000,5,1,1,,2000,,2000,,,,,55000,97321,56.5142905592776,"[{""adm1_code"":1443,""adm1_name"":""Borsod-abauj-zemplen""},{""adm1_code"":1450,""adm1_name"":""Jasz-nagykun-szolnok""},{""adm1_code"":1455,""adm1_name"":""Szabolcs-szatmar-bereg""}]",2005-12-12,2023-09-25
2000-0196-SCG,No,nat-hyd-flo-riv,Natural,Hydrological,Flood,Riverine flood,,,SCG,Serbia Montenegro,Southern Europe,Europe,"Surjan, Konaks towns (Srednje-banatski province) (Serbia)",,,No,No,No,,100,Km2,,,"Tamis, Tisza",2000,4,5,2000,4,25,,,4000,,4000,,,,,,,56.5142905592776,"[{""adm1_code"":25394,""adm1_name"":""Srednje-banatski""}]",2005-09-16,2023-09-25
2000-0202-RUS,No,nat-hyd-flo-riv,Natural,Hydrological,Flood,Riverine flood,,,RUS,Russian Federation,Eastern Europe,Europe,"Kurgan, Orenburg (Chelyabinskaya Oblast province)",,,No,No,No,,,Km2,,,,2000,4,14,2000,4,14,1,,23000,,23000,,,,,,,56.5142905592776,"[{""adm1_code"":2499,""adm1_name"":""Chelyabinskaya Oblast""}]",2003-07-01,2023-09-25
2000-0218-RUS,No,nat-cli-wil-for,Natural,Climatological,Wildfire,Forest fire,,,RUS,Russian Federation,Eastern Europe,Europe,Koryakskiy Okrug province,,,No,No,No,,250,Km2,,,,2000,7,,2000,7,,,,,,,,,,,,,56.5142905592776,"[{""adm1_code"":2522,""adm1_name"":""Koryakskiy Okrug""}]",2003-07-01,2023-09-25
2000-0231-RUS,No,nat-cli-wil-for,Natural,Climatological,Wildfire,Forest fire,,,RUS,Russian Federation,Eastern Europe,Europe,"Buryatiya Rep., Irkutskaya Oblast, Chitinskaya Oblast, Aginskiy Buryatskiy A. Okrug provinces",,,No,No,No,,930,Km2,,,,2000,5,,2000,5,,,,,,,,,,,,,56.5142905592776,"[{""adm1_code"":2488,""adm1_name"":""Aginskiy Buryatskiy A. Okrug""},{""adm1_code"":2497,""adm1_name"":""Buryatiya Rep.""},{""adm1_code"":2500,""adm1_name"":""Chitinskaya Oblast""},{""adm1_code"":2506,""adm1_name"":""Irkutskaya Oblast""}]",2003-07-01,2023-09-25
2000-0244-BIH,No,tec-tra-roa-roa,Technological,Transport,Road,Road,,,BIH,Bosnia and Herzegovina,Southern Europe,Europe,Near Kakanj,,,No,No,No,,,,,,,2000,5,13,2000,5,13,44,11,,,11,,,,,,,56.5142905592776,,2003-07-01,2023-09-25
2000-0247-NLD,No,tec-mis-exp-exp,Technological,Miscellaneous accident,Explosion (Miscellaneous),Explosion (Miscellaneous),,Fireworks,NLD,Netherlands (Kingdom of the),Western Europe,Europe,Enschede,,,No,No,No,,,,,,,2000,5,13,2000,5,13,25,1000,2000,,3000,,,,,256000,452983,56.5142905592776,,2003-07-01,2023-09-25
2000-0248-GBR,No,nat-hyd-flo-flo,Natural,Hydrological,Flood,Flood (General),,,GBR,United Kingdom of Great Britain and Northern Ireland,Northern Europe,Europe,"Lothian (Edinburgh), Grampian (Aberdeenshire) - Scotland region",,,No,No,No,,,Km2,,,,2000,4,27,2000,4,27,,,200,,200,,,,,,,56.5142905592776,"[{""adm2_code"":40171,""adm2_name"":""Grampian""},{""adm2_code"":40173,""adm2_name"":""Lothian""}]",2003-07-01,2023-09-25
2000-0254-DEU,No,tec-tra-roa-roa,Technological,Transport,Road,Road,,,DEU,Germany,Western Europe,Europe,Near Eutin,,,No,No,No,,,,,,,2000,5,17,2000,5,17,11,,,,,,,,,,,56.5142905592776,,2003-07-01,2023-09-25
2000-0269-BLR,No,nat-met-ext-col,Natural,Meteorological,Extreme temperature,Cold wave,,,BLR,Belarus,Eastern Europe,Europe,"Brest, Gomel, Grodno, Minsk, Minsk City, Mogilev, Vitebsk provinces",,,No,No,No,,,°C,,,,2000,5,,2000,5,,,,,,,,,,,30300,53615,56.5142905592776,"[{""adm1_code"":593,""adm1_name"":""Brest""},{""adm1_code"":594,""adm1_name"":""Gomel""},{""adm1_code"":595,""adm1_name"":""Grodno""},{""adm1_code"":596,""adm1_name"":""Minsk""},{""adm1_code"":597,""adm1_name"":""Minsk City""},{""adm1_code"":598,""adm1_name"":""Mogilev""},{""adm1_code"":599,""adm1_name"":""Vitebsk""}]",2003-07-01,2023-09-25
2000-0278-RUS,No,nat-hyd-flo-flo,Natural,Hydrological,Flood,Flood (General),,,RUS,Russian Federation,Eastern Europe,Europe,"Aginskiy Buryatskiy A. Okrug, Altay Rep., Altayskiy Kray, Buryatiya Rep., Chitinskaya Oblast, Irkutskaya Oblast, Kemerovskaya Oblast, Khakasiya Rep., Krasnoyarskiy Kray, Novosibirskaya Oblast, Omskaya Oblast, Tomskaya Oblast, Tyva Rep., Ustordynskiy Buryatskiy Okrug",,,No,No,No,,,Km2,,,,2000,5,13,2000,5,13,,,1200,,1200,,,,,,,56.5142905592776,"[{""adm1_code"":2488,""adm1_name"":""Aginskiy Buryatskiy A. Okrug""},{""adm1_code"":2489,""adm1_name"":""Altay Rep.""},{""adm1_code"":2490,""adm1_name"":""Altayskiy Kray""},{""adm1_code"":2497,""adm1_name"":""Buryatiya Rep.""},{""adm1_code"":2500,""adm1_name"":""Chitinskaya Oblast""},{""adm1_code"":2506,""adm1_name"":""Irkutskaya Oblast""},{""adm1_code"":2515,""adm1_name"":""Kemerovskaya Oblast""},{""adm1_code"":2517,""adm1_name"":""Khakasiya Rep.""},{""adm1_code"":2525,""adm1_name"":""Krasnoyarskiy Kray""},{""adm1_code"":2541,""adm1_name"":""Novosibirskaya Oblast""},{""adm1_code"":2542,""adm1_name"":""Omskaya Oblast""},{""adm1_code"":2563,""adm1_name"":""Tomskaya Oblast""},{""adm1_code"":2567,""adm1_name"":""Tyva Rep.""},{""adm1_code"":2570,""adm1_name"":""Ustordynskiy Buryatskiy Okrug""}]",2003-07-01,2023-09-25
2000-0284-RUS,No,nat-bio-epi-vir,Natural,Biological,Epidemic,Viral disease,,Haemorrhagic fever with renal syndrome,RUS,Russian Federation,Eastern Europe,Europe,Orenburg region,,,No,No,No,,,Vaccinated,,,,2000,1,,2000,1,,,,124,,124,,,,,,,56.5142905592776,,2003-07-01,2023-09-25
2000-0295-RUS,No,nat-cli-wil-for,Natural,Climatological,Wildfire,Forest fire,,,RUS,Russian Federation,Eastern Europe,Europe,"Komi Rep., Arkhangelskaya Oblast provinces",,,No,No,No,,1000,Km2,,,,2000,7,,2000,7,,,,,,,,,,,,,56.5142905592776,"[{""adm1_code"":2492,""adm1_name"":""Arkhangelskaya Oblast""},{""adm1_code"":2520,""adm1_name"":""Komi Rep.""}]",2003-07-01,2023-09-25
2000-0303-GRC,No,nat-geo-ear-gro,Natural,Geophysical,Earthquake,Ground movement,USGS:usp0009tg5,,GRC,Greece,Southern Europe,Europe,"Michalitsi, Mitikas (Artis District, Ipeiros province), Flampoura, Kanali, Pantokratos villages (Prevezis district, Ipeiros province)",,,No,No,No,,5.6,Moment Magnitude,38.922,20.64,,2000,5,26,2000,5,26,,,600,,600,,,,,,,56.5142905592776,"[{""adm2_code"":16692,""adm2_name"":""Artis""},{""adm2_code"":16694,""adm2_name"":""Prevezis""}]",2003-07-01,2023-09-25
2000-0311-AUT,No,nat-met-sto-sto,Natural,Meteorological,Storm,Storm (General),,,AUT,Austria,Western Europe,Europe,Steiermark province,,Hail,No,No,No,,,Kph,,,,2000,5,27,2000,5,27,,,,,,,,,,20000,35389,56.5142905592776,"[{""adm1_code"":483,""adm1_name"":""Steiermark""}]",2006-09-17,2023-09-25
2000-0324-HRV,No,nat-met-ext-hea,Natural,Meteorological,Extreme temperature,Heat wave,,,HRV,Croatia,Southern Europe,Europe,"Zagreb city (Zagreb province), Split city (Split-dalmatija province), Osijek city (Osijek-baranja province), Rijeka city (Primorje-gorski Kota province)",,,No,No,No,,35,°C,,,,2000,6,,2000,6,,40,200,,,200,,,,,240000,424671,56.5142905592776,"[{""adm1_code"":997,""adm1_name"":""Osijek-baranja""},{""adm1_code"":999,""adm1_name"":""Primorje-gorski Kota""},{""adm1_code"":1003,""adm1_name"":""Split-dalmatija""},{""adm1_code"":1008,""adm1_name"":""Zagreb""}]",2003-07-01,2023-09-25
2000-0331-GBR,No,nat-hyd-flo-fla,Natural,Hydrological,Flood,Flash flood,,,GBR,United Kingdom of Great Britain and Northern Ireland,Northern Europe,Europe,West Yorkshire (North England),,,No,No,No,,,Km2,,,,2000,6,,2000,6,,,,240,,240,,,,,18150,32116,56.5142905592776,"[{""adm2_code"":40138,""adm2_name"":""West Yorkshire""}]",2003-07-01,2023-09-25
2000-0335-ISL,No,nat-geo-ear-gro,Natural,Geophysical,Earthquake,Ground movement,USGS:usp0009urh,,ISL,Iceland,Northern Europe,Europe,Hella city (Rangarvalla province),,,No,No,No,,6.5,Moment Magnitude,63.966,-20.487,,2000,6,17,2000,6,17,,1,57,33,91,,,,,12000,21234,56.5142905592776,"[{""adm1_code"":1474,""adm1_name"":""Rangárvalla""}]",2003-09-09,2023-09-25
2000-0337-UKR,No,nat-met-ext-col,Natural,Meteorological,Extreme temperature,Cold wave,,,UKR,Ukraine,Eastern Europe,Europe,"Cherkas'ka, Chernihivs'ka, Chernivets'ka, Dnipropetrovs'ka, Donets'ka, Ivano-rankivs'ka, Kharkivs'ka, Khersons'ka, Khmel'nyts'ka, Kirovohrads'ka, Krym, Kyyivs'ka, L'vivs'ka, Luhans'ka, Mykolayivs'ka, Odes'ka, Poltavs'ka, Rivnens'ka, Sums'ka, Ternopil's'ka, Vinnyts'ka, Volyns'ka, Zakarpats'ka, Zaporiz'ka, Zhytomyrs'ka provinces",,,No,No,No,,,°C,,,,2000,5,1,2000,5,11,,,,,,,,,,85000,150404,56.5142905592776,"[{""adm1_code"":3148,""adm1_name"":""Cherkas'ka""},{""adm1_code"":3149,""adm1_name"":""Chernihivs'ka""},{""adm1_code"":3150,""adm1_name"":""Chernivets'ka""},{""adm1_code"":3151,""adm1_name"":""Dnipropetrovs'ka""},{""adm1_code"":3152,""adm1_name"":""Donets'ka""},{""adm1_code"":3153,""adm1_name"":""Ivano-frankivs'ka""},{""adm1_code"":3154,""adm1_name"":""Kharkivs'ka""},{""adm1_code"":3155,""adm1_name"":""Khersons'ka""},{""adm1_code"":3156,""adm1_name"":""Khmel'nyts'ka""},{""adm1_code"":3157,""adm1_name"":""Kirovohrads'ka""},{""adm1_code"":3158,""adm1_name"":""Krym""},{""adm1_code"":3159,""adm1_name"":""Kyyivs'ka""},{""adm1_code"":3160,""adm1_name"":""L'vivs'ka""},{""adm1_code"":3161,""adm1_name"":""Luhans'ka""},{""adm1_code"":3162,""adm1_name"":""Mykolayivs'ka""},{""adm1_code"":3163,""adm1_name"":""Odes'ka""},{""adm1_code"":3164,""adm1_name"":""Poltavs'ka""},{""adm1_code"":3165,""adm1_name"":""Rivnens'ka""},{""adm1_code"":3166,""adm1_name"":""Sums'ka""},{""adm1_code"":3167,""adm1_name"":""Ternopil's'ka""},{""adm1_code"":3168,""adm1_name"":""Vinnyts'ka""},{""adm1_code"":3169,""adm1_name"":""Volyns'ka""},{""adm1_code"":3170,""adm1_name"":""Zakarpats'ka""},{""adm1_code"":3171,""adm1_name"":""Zaporiz'ka""},{""adm1_code"":3172,""adm1_name"":""Zhytomyrs'ka""}]",2005-12-05,2023-09-25
2000-0342-RUS,No,nat-bio-epi-dis,Natural,Biological,Epidemic,Infectious disease (General),,Acute diarrhoeal syndrome,RUS,Russian Federation,Eastern Europe,Europe,Irkutsk,,,No,No,No,,,Vaccinated,,,,2000,6,,2000,6,,,,100,,100,,,,,,,56.5142905592776,,2003-07-01,2023-09-25
2000-0354-RUS,No,nat-hyd-flo-coa,Natural,Hydrological,Flood,Coastal flood,,,RUS,Russian Federation,Eastern Europe,Europe,"Chukotskiy Okrug, Kamchatskaya Oblast, Koryakskiy Okrug provinces",,,No,No,No,,,Km2,,,,2000,8,,2000,8,,,,6000,,6000,,,,,7000,12386,56.5142905592776,"[{""adm1_code"":2501,""adm1_name"":""Chukotskiy Okrug""},{""adm1_code"":2512,""adm1_name"":""Kamchatskaya Oblast""},{""adm1_code"":2522,""adm1_name"":""Koryakskiy Okrug""}]",2003-07-01,2023-09-25
2000-0356-FRA,No,nat-hyd-flo-flo,Natural,Hydrological,Flood,Flood (General),,,FRA,France,Western Europe,Europe,"Haute-Garonne, Tar-et-Garonne (Midi-Pyrenee)",,,No,No,No,,30,Km2,,,,2000,6,10,2000,6,10,1,,200,,200,,,,,,,56.5142905592776,"[{""adm2_code"":16301,""adm2_name"":""Haute-Garonne""},{""adm2_code"":16305,""adm2_name"":""Tarn-et-Garonne""}]",2003-07-01,2023-09-25
2000-0357-FRA,No,nat-hyd-flo-flo,Natural,Hydrological,Flood,Flood (General),,,FRA,France,Western Europe,Europe,"Dieppe municipality (Seine-Maritime district, Haute-Normandie province)",,,No,No,No,,,Km2,,,,2000,5,,2000,5,,2,10,,,10,,,,,,,56.5142905592776,"[{""adm2_code"":16277,""adm2_name"":""Seine-Maritime""}]",2003-07-01,2023-09-25
2000-0359-ESP,No,nat-hyd-flo-flo,Natural,Hydrological,Flood,Flood (General),,,ESP,Spain,Southern Europe,Europe,"Aragón, Cataluña/Catalunya, Comunidad Foral de Navarra provinces",,,No,No,No,,,Km2,,,,2000,6,10,2000,6,10,16,,500,,500,,,,,,,56.5142905592776,"[{""adm1_code"":2717,""adm1_name"":""Aragón""},{""adm1_code"":2724,""adm1_name"":""Cataluña/Catalunya""},{""adm1_code"":2732,""adm1_name"":""Comunidad Foral de Navarra""}]",2003-07-01,2023-09-25
2000-0379-GRC,No,nat-met-ext-hea,Natural,Meteorological,Extreme temperature,Heat wave,,,GRC,Greece,Southern Europe,Europe,"Anatoliki Makedonia Kai Thraki, Attiki, Dytiki Ellada, Dytiki Makedonia, Ionioi Nisoi, Ipeiros, Kentriki Makedonia, Kriti, Peloponnisos, Sterea Ellada, Thessalia, Voreio Aigaio, Notio Aigaio provinces",,,No,No,No,,44.4,°C,,,,2000,7,,2000,7,,27,176,,,176,,,,,3000,5308,56.5142905592776,"[{""adm1_code"":1336,""adm1_name"":""Anatoliki Makedonia Kai Thraki""},{""adm1_code"":1337,""adm1_name"":""Attiki""},{""adm1_code"":1338,""adm1_name"":""Dytiki Ellada""},{""adm1_code"":1339,""adm1_name"":""Dytiki Makedonia""},{""adm1_code"":1340,""adm1_name"":""Ionioi Nisoi""},{""adm1_code"":1341,""adm1_name"":""Ipeiros""},{""adm1_code"":1342,""adm1_name"":""Kentriki Makedonia""},{""adm1_code"":1343,""adm1_name"":""Kriti""},{""adm1_code"":1345,""adm1_name"":""Peloponnisos""},{""adm1_code"":1346,""adm1_name"":""Sterea Ellada""},{""adm1_code"":1347,""adm1_name"":""Thessalia""},{""adm1_code"":1348,""adm1_name"":""Voreio Aigaio""},{""adm1_code"":40766,""adm1_name"":""Notio Aigaio""}]",2003-07-01,2023-09-25
2000-0380-ROU,No,nat-met-ext-hea,Natural,Meteorological,Extreme temperature,Heat wave,,,ROU,Romania,Eastern Europe,Europe,"Bucuresti, Dolj provinces",,,No,No,No,,43,°C,,,,2000,7,,2000,7,,6,100,,,100,,,,,,,56.5142905592776,"[{""adm1_code"":2455,""adm1_name"":""Bucuresti""},{""adm1_code"":2463,""adm1_name"":""Dolj""}]",2003-07-01,2023-09-25
2000-0382-BGR,No,nat-met-ext-hea,Natural,Meteorological,Extreme temperature,Heat wave,,,BGR,Bulgaria,Eastern Europe,Europe,"Sofia, Sofia-city, Stata Zagora, Blagoevgrad, Vidin provinces",,,No,No,No,,43.1,°C,,,,2000,6,,2000,7,,7,,,,,,,,,50,88,56.5142905592776,"[{""adm1_code"":702,""adm1_name"":""Blagoevgrad""},{""adm1_code"":722,""adm1_name"":""Sofia""},{""adm1_code"":723,""adm1_name"":""Sofia-city""},{""adm1_code"":724,""adm1_name"":""Stara Zagora""},{""adm1_code"":728,""adm1_name"":""Vidin""}]",2005-12-05,2023-09-25
2000-0383-SCG,No,nat-met-ext-hea,Natural,Meteorological,Extreme temperature,Heat wave,,,SCG,Serbia Montenegro,Southern Europe,Europe,"Subotica city (Severno-backi province), Belgrade city (Grad Beograd province), Leskovac city (Jablanicki province) (Serbia)",,,No,No,No,,42,°C,,,,2000,7,,2000,7,,3,70,,,70,,,,,,,56.5142905592776,"[{""adm1_code"":25373,""adm1_name"":""Grad Beograd""},{""adm1_code"":25374,""adm1_name"":""Jablanicki""},{""adm1_code"":25392,""adm1_name"":""Severno-backi""}]",2003-07-01,2023-09-25
2000-0384-ESP,No,tec-tra-roa-roa,Technological,Transport,Road,Road,,,ESP,Spain,Southern Europe,Europe,Golmayo (Near Soria),,,No,No,No,,,,,,,2000,7,6,2000,7,6,27,11,,,11,,,,,,,56.5142905592776,,2003-07-01,2023-09-25
2000-0394-RUS,No,nat-hyd-flo-flo,Natural,Hydrological,Flood,Flood (General),,,RUS,Russian Federation,Eastern Europe,Europe,Moskva city (Moskva province),,,No,No,No,,,Km2,,,,2000,6,,2000,6,,,,,,,,,,,,,56.5142905592776,"[{""adm1_code"":2535,""adm1_name"":""Moskva""}]",2003-07-01,2023-09-25
2000-0407-BGR,No,nat-cli-wil-for,Natural,Climatological,Wildfire,Forest fire,,,BGR,Bulgaria,Eastern Europe,Europe,"Haskovo, Jambol, Burgas, Stara Zagora, Plovdiv provinces",,,No,No,No,,36,Km2,,,,2000,7,1,2000,7,1,7,17,,150,167,,,,,17600,31143,56.5142905592776,"[{""adm1_code"":703,""adm1_name"":""Burgas""},{""adm1_code"":706,""adm1_name"":""Haskovo""},{""adm1_code"":707,""adm1_name"":""Jambol""},{""adm1_code"":715,""adm1_name"":""Plovdiv""},{""adm1_code"":724,""adm1_name"":""Stara Zagora""}]",2003-07-01,2023-09-25
2000-0427-UKR,No,nat-met-sto-sto,Natural,Meteorological,Storm,Storm (General),,,UKR,Ukraine,Eastern Europe,Europe,L'vivs'ka province,,,No,No,No,,,Kph,,,,2000,7,5,2000,7,5,2,10,39000,,39010,,,,,,,56.5142905592776,"[{""adm1_code"":3160,""adm1_name"":""L'vivs'ka""}]",2003-07-01,2023-09-25
2000-0437-RUS,No,tec-tra-air-air,Technological,Transport,Air,Air,,Helicoper MI-8,RUS,Russian Federation,Eastern Europe,Europe,Levachovo aerodrome (Near Saint-Petersbourg),,,No,No,No,,,,,,,2000,7,21,2000,7,21,19,,,,,,,,,,,56.5142905592776,,2003-07-01,2023-09-25
2000-0452-FRA,No,tec-tra-air-air,Technological,Transport,Air,Air,,Concorde,FRA,France,Western Europe,Europe,Gonesse (Paris),,,No,No,No,,,,,,,2000,7,25,2000,7,25,114,12,,,12,,,,,,,56.5142905592776,,2003-07-01,2023-09-25
2000-0455-GRC,No,nat-cli-wil-for,Natural,Climatological,Wildfire,Forest fire,,,GRC,Greece,Southern Europe,Europe,"Samos island (Samou district, Voreio Aigaio province), Agioi Theodoroi, Kiato, Korinthias areas (Korinthias district, Peloponnisos province), Diakofto area (Achaias district, Dytiki Ellada province), Thassos island (Kavalas district, Anatoliki Makedonia Kai Thraki province), Chios island (Chiou district, Voreio Aigaio province), Mandra area (Attikis district, Attiki province), Rhode island (Dodekanisou district, Notio Aigaio province), Sterea Ellada, Thessalia provinces",,,Yes,No,No,,115,Km2,,,,2000,7,,2000,7,,2,12,,90,102,,,,,,,56.5142905592776,"[{""adm1_code"":1346,""adm1_name"":""Sterea Ellada""},{""adm1_code"":1347,""adm1_name"":""Thessalia""},{""adm2_code"":16677,""adm2_name"":""Kavalas""},{""adm2_code"":16680,""adm2_name"":""Attikis""},{""adm2_code"":16681,""adm2_name"":""Achaias""},{""adm2_code"":16712,""adm2_name"":""Korinthias""},{""adm2_code"":16724,""adm2_name"":""Chiou""},{""adm2_code"":16726,""adm2_name"":""Samou""},{""adm2_code"":16708,""adm2_name"":""Dodekanisou""}]",2003-07-01,2023-09-25
2000-0457-RUS,No,nat-hyd-mmw-lan,Natural,Hydrological,Mass movement (wet),Landslide (wet),,,RUS,Russian Federation,Eastern Europe,Europe,Tymauz village (Kabardino-Balkaria Rep. province),,,No,No,No,,,,,,,2000,7,19,2000,7,19,7,8,500,,508,,,,,,,56.5142905592776,"[{""adm1_code"":2508,""adm1_name"":""Kabardino-balkariya Rep.""}]",2003-07-01,2023-09-25
2000-0478-RUS,No,nat-hyd-flo-riv,Natural,Hydrological,Flood,Riverine flood,,,RUS,Russian Federation,Eastern Europe,Europe,"Primorskiy Kray, Khabarovskiy Kray, Sakhalinskaya Oblast provinces",Heavy rain,,No,No,No,,192100,Km2,,,,2000,7,30,2000,8,6,2,,24000,,24000,,,,,30000,53084,56.5142905592776,"[{""adm1_code"":2516,""adm1_name"":""Khabarovskiy Kray""},{""adm1_code"":2547,""adm1_name"":""Primorskiy Kray""},{""adm1_code"":2552,""adm1_name"":""Sakhalinskaya Oblast""}]",2005-09-15,2023-09-25
2000-0480-RUS,No,nat-geo-ear-gro,Natural,Geophysical,Earthquake,Ground movement,USGS:usp0009xws,,RUS,Russian Federation,Eastern Europe,Europe,Ougklegorsk region (Sakhalinskaya Oblast Province),,"Slide (land, mud, snow, rock)",No,No,No,,6.8,Moment Magnitude,48.786,142.246,,2000,8,4,2000,8,4,,8,,19100,19108,,,,,920,1628,56.5142905592776,"[{""adm1_code"":2552,""adm1_name"":""Sakhalinskaya Oblast""}]",2003-09-08,2023-09-25
2000-0488-IRL,No,nat-bio-epi-vir,Natural,Biological,Epidemic,Viral disease,,,IRL,Ireland,Northern Europe,Europe,north Dublin city,,,No,No,No,,,Vaccinated,,,,2000,1,1,2000,7,29,2,,1374,,1374,,,,,,,56.5142905592776,,2005-06-16,2023-09-25
2000-0514-RUS,No,nat-cli-wil-for,Natural,Climatological,Wildfire,Forest fire,,,RUS,Russian Federation,Eastern Europe,Europe,Khabarovskiy Kray province,,,No,No,No,,120,Km2,,,,2000,6,,2000,6,,,,,,,,,,,,,56.5142905592776,"[{""adm1_code"":2516,""adm1_name"":""Khabarovskiy Kray""}]",2003-07-01,2023-09-25
2000-0521-RUS,No,tec-tra-wat-wat,Technological,Transport,Water,Water,,"Submarine ""Kursk""",RUS,Russian Federation,Eastern Europe,Europe,Barents Sea,,,No,No,No,,,,,,,2000,8,13,2000,8,13,108,,,,,,,,,,,56.5142905592776,,2003-07-11,2023-09-25
2000-0523-SVK,No,nat-cli-wil-for,Natural,Climatological,Wildfire,Forest fire,,,SVK,Slovakia,Eastern Europe,Europe,"Near Hrabusice city, Spisska Nova Ves district (Kosice province)",,,No,No,No,,,Km2,,,,2000,10,,2000,10,,6,,,,,,,,,,,56.5142905592776,"[{""adm2_code"":25458,""adm2_name"":""Spisska Nova Ves""}]",2003-07-01,2023-09-25
2000-0528-HRV,No,nat-cli-wil-for,Natural,Climatological,Wildfire,Forest fire,,,HRV,Croatia,Southern Europe,Europe,"Split, Omis cities (Split-dalmatija province), Slano, Metkovic cities (Dubrovnik-neretva province)",,,No,No,No,,203,Km2,,,,2000,8,,2000,8,,1,,,,,,,,,17750,31408,56.5142905592776,"[{""adm1_code"":989,""adm1_name"":""Dubrovnik-neretva""},{""adm1_code"":1003,""adm1_name"":""Split-dalmatija""}]",2003-07-01,2023-09-25
2000-0529-GRC,No,nat-cli-wil-for,Natural,Climatological,Wildfire,Forest fire,,,GRC,Greece,Southern Europe,Europe,"Ipeiros province, Arkadias district (Peloponnisos province), Corfu city (Kerkyras district, Ionioi Nisoi province)",,,No,No,No,,,Km2,,,,2000,8,24,2000,8,24,7,7,,,7,,,,,,,56.5142905592776,"[{""adm1_code"":1341,""adm1_name"":""Ipeiros""},{""adm2_code"":16689,""adm2_name"":""Kerkyras""},{""adm2_code"":16711,""adm2_name"":""Arkadias""}]",2003-07-01,2023-09-25
2000-0549-RUS,No,nat-hyd-flo-coa,Natural,Hydrological,Flood,Coastal flood,,,RUS,Russian Federation,Eastern Europe,Europe,"Bolshoi, Dalnegorsk (Primorskiy Kray)",,,No,No,No,,,Km2,,,,2000,8,28,2000,8,28,,,1181,,1181,,,,,1622,2870,56.5142905592776,"[{""adm1_code"":2547,""adm1_name"":""Primorskiy Kray""}]",2003-07-01,2023-09-25
2000-0566-LVA,No,nat-bio-epi-bac,Natural,Biological,Epidemic,Bacterial disease,,Diphteria,LVA,Latvia,Northern Europe,Europe,Riga,,,No,No,No,,,,,,,2000,8,21,2000,8,21,,,102,,102,,,,,,,56.5142905592776,,2003-07-01,2023-09-25
2000-0576-RUS,No,nat-met-sto-tro,Natural,Meteorological,Storm,Tropical cyclone,,Saomai,RUS,Russian Federation,Eastern Europe,Europe,"Primorskiy Kray, Khabarovskiy Kray, Sakhalinskaya Oblast, Yevreyskaya A. Oblast provinces",,,No,No,No,,,Kph,,,,2000,9,13,2000,9,19,9,,,,,,,,,50,88,56.5142905592776,"[{""adm1_code"":2516,""adm1_name"":""Khabarovskiy Kray""},{""adm1_code"":2547,""adm1_name"":""Primorskiy Kray""},{""adm1_code"":2552,""adm1_name"":""Sakhalinskaya Oblast""},{""adm1_code"":2577,""adm1_name"":""Yevreyskaya A. Oblast""}]",2007-04-18,2023-09-25
2000-0577-ITA,No,nat-hyd-flo-riv,Natural,Hydrological,Flood,Riverine flood,,,ITA,Italy,Southern Europe,Europe,"Soverato town (Catanzaro district, Calabria province)",,,No,No,No,,,Km2,,,,2000,9,10,2000,9,10,16,22,,,22,,,,,,,56.5142905592776,"[{""adm2_code"":18323,""adm2_name"":""Catanzaro""}]",2003-07-01,2023-09-25
2000-0580-ESP,No,nat-cli-wil-for,Natural,Climatological,Wildfire,Forest fire,,,ESP,Spain,Southern Europe,Europe,"Galicia, Castilla y Leon, Cataluna/Catalunya provinces",,,No,No,No,,615,Km2,,,,2000,,,2000,,,,,,,,,,,,,,56.5142905592776,"[{""adm1_code"":2722,""adm1_name"":""Castilla y León""},{""adm1_code"":2724,""adm1_name"":""Cataluña/Catalunya""},{""adm1_code"":2728,""adm1_name"":""Galicia""}]",2003-07-01,2023-09-25
2000-0584-RUS,No,tec-mis-fir-fir,Technological,Miscellaneous accident,Fire (Miscellaneous),Fire (Miscellaneous),,Building,RUS,Russian Federation,Eastern Europe,Europe,"Severny (Near Vorkouta, Komi region)",,,No,No,No,,,,,,,2000,9,15,2000,9,15,10,8,,,8,,,,,,,56.5142905592776,,2003-07-01,2023-09-25
2000-0587-RUS,No,tec-tra-roa-roa,Technological,Transport,Road,Road,,,RUS,Russian Federation,Eastern Europe,Europe,Near Sorochy Gory (Tatarstan republic),,,No,No,No,,,,,,,2000,9,17,2000,9,17,13,,,,,,,,,,,56.5142905592776,,2003-07-01,2023-09-25
2000-0603-UKR,No,nat-met-sto-sto,Natural,Meteorological,Storm,Storm (General),,,UKR,Ukraine,Eastern Europe,Europe,Dnipropetrovs'ka province,,,No,No,No,,72,Kph,,,,2000,7,25,2000,7,25,4,,3000,,3000,,,,,,,56.5142905592776,"[{""adm1_code"":3151,""adm1_name"":""Dnipropetrovs'ka""}]",2003-07-01,2023-09-25
2000-0612-RUS,No,nat-hyd-flo-flo,Natural,Hydrological,Flood,Flood (General),,,RUS,Russian Federation,Eastern Europe,Europe,"Primorskiy Kray, Sakhalinskaya Oblast, Koryakskiy Okrug provinces",,,No,No,No,,,Km2,,,,2000,9,18,2000,9,18,,,1320,,1320,,,,,,,56.5142905592776,"[{""adm1_code"":2522,""adm1_name"":""Koryakskiy Okrug""},{""adm1_code"":2547,""adm1_name"":""Primorskiy Kray""},{""adm1_code"":2552,""adm1_name"":""Sakhalinskaya Oblast""}]",2003-07-01,2023-09-25
2000-0625-GRC,No,tec-tra-wat-wat,Technological,Transport,Water,Water,,"Ferry-boat ""Express Samina""",GRC,Greece,Southern Europe,Europe,Near Paros Isl.,,,No,No,No,,,,,,,2000,9,27,2000,9,27,76,18,,,18,,,,,,,56.5142905592776,,2003-07-16,2023-09-25
2000-0632-ITA,No,nat-hyd-flo-flo,Natural,Hydrological,Flood,Flood (General),,,ITA,Italy,Southern Europe,Europe,"Lodrone city (Trento district, Trentino-alto Adige province), Veneto province",,,No,No,No,,,Km2,,,,2000,9,20,2000,9,20,,,1000,,1000,,,,,,,56.5142905592776,"[{""adm1_code"":1635,""adm1_name"":""Veneto""},{""adm2_code"":18410,""adm2_name"":""Trento""}]",2003-07-01,2023-09-25
2000-0636-FRA,No,nat-met-sto-tor,Natural,Meteorological,Storm,Tornado,,,FRA,France,Western Europe,Europe,"Montpellier city (Herault district, Languedoc-Rousillon province), Marseille city (Bouches-du-Rhone district, Provence-Alpes-Cote-d'Azur province)",,,No,No,No,,100,Kph,,,,2000,9,19,2000,9,19,6,7,,200,207,,,,,,,56.5142905592776,"[{""adm2_code"":16287,""adm2_name"":""Herault""},{""adm2_code"":16322,""adm2_name"":""Bouches-du-Rhone""}]",2003-07-01,2023-09-25
2000-0639-MKD,No,nat-cli-wil-for,Natural,Climatological,Wildfire,Forest fire,,,MKD,North Macedonia,Southern Europe,Europe,"Berovo, Bitola, Brod, Debar, Delcevo, Demir Hisar, Gevgelija, Gostivar, Kavadarci, Kicevo, Kocani, Kratovo, Kriva Palanka, Krusevo, Kumanovo, Negotino, Ohrid, Prilep, Probistip, Radovic, Resen, Skopje, Stip, Struga, Strumica, Sveti Nikole, Tetovo, Valandovo, Veles, Vinica provinces",,,No,No,No,,160,Km2,,,,2000,8,,2000,8,,,,,,,,,,,13563,23999,56.5142905592776,"[{""adm1_code"":2927,""adm1_name"":""Berovo""},{""adm1_code"":2928,""adm1_name"":""Bitola""},{""adm1_code"":2929,""adm1_name"":""Brod""},{""adm1_code"":2930,""adm1_name"":""Debar""},{""adm1_code"":2931,""adm1_name"":""Delcevo""},{""adm1_code"":2932,""adm1_name"":""Demir Hisar""},{""adm1_code"":2933,""adm1_name"":""Gevgelija""},{""adm1_code"":2934,""adm1_name"":""Gostivar""},{""adm1_code"":2935,""adm1_name"":""Kavadarci""},{""adm1_code"":2936,""adm1_name"":""Kicevo""},{""adm1_code"":2937,""adm1_name"":""Kocani""},{""adm1_code"":2938,""adm1_name"":""Kratovo""},{""adm1_code"":2939,""adm1_name"":""Kriva Palanka""},{""adm1_code"":2940,""adm1_name"":""Krusevo""},{""adm1_code"":2941,""adm1_name"":""Kumanovo""},{""adm1_code"":2942,""adm1_name"":""Negotino""},{""adm1_code"":2943,""adm1_name"":""Ohrid""},{""adm1_code"":2944,""adm1_name"":""Prilep""},{""adm1_code"":2945,""adm1_name"":""Probistip""},{""adm1_code"":2946,""adm1_name"":""Radovic""},{""adm1_code"":2947,""adm1_name"":""Resen""},{""adm1_code"":2948,""adm1_name"":""Skopje""},{""adm1_code"":2949,""adm1_name"":""Stip""},{""adm1_code"":2950,""adm1_name"":""Struga""},{""adm1_code"":2951,""adm1_name"":""Strumica""},{""adm1_code"":2952,""adm1_name"":""Sveti Nikole""},{""adm1_code"":2953,""adm1_name"":""Tetovo""},{""adm1_code"":2954,""adm1_name"":""Valandovo""},{""adm1_code"":2955,""adm1_name"":""Veles""},{""adm1_code"":2956,""adm1_name"":""Vinica""}]",2003-07-01,2023-09-25
2000-0662-GBR,No,nat-hyd-flo-riv,Natural,Hydrological,Flood,Riverine flood,,,GBR,United Kingdom of Great Britain and Northern Ireland,Northern Europe,Europe,"Maidstone, Yalding, Tunbridge Wells, Edenbridge, Datford, Tenterden towns (Kent district, England province), Uckfield, Lewes towns (East Sussex district, England province), West Sussex district (England province), Hampshire district (England province), Devonshire district (England province)",Heavy rains,,No,No,No,,5300,Km2,,,,2000,10,11,2000,10,14,,,1000,,1000,,,75000,132710,5900000,10439837,56.5142905592776,"[{""adm2_code"":40104,""adm2_name"":""Devonshire""},{""adm2_code"":40107,""adm2_name"":""East Sussex""},{""adm2_code"":40112,""adm2_name"":""Hampshire""},{""adm2_code"":40117,""adm2_name"":""Kent""},{""adm2_code"":40137,""adm2_name"":""West Sussex""}]",2004-10-21,2023-09-25
2000-0671-ITA,No,nat-hyd-flo-fla,Natural,Hydrological,Flood,Flash flood,,,ITA,Italy,Southern Europe,Europe,"San Rocco al Porto, Salerano towns (Lodi district, Lombardia province) Torino, Chivasso, Ivrea, Banchette, Orco, Soana, Noasca, Ronco Canavese towns (Torino district, Piemonte province), Pavia town (Pavia district, Lombardia province), Cremona town (Cremona district, Lombardia province), Parma town (Parma district, Emilia-romagna province), Piacenza town (Piacenza district, Emilia-romagna province), Aosta, Dora di Aoste, Pollein town (Aosta district, Valle D'aosta province), San Benedetto Po, Borgoforte townd (Mantova district, Lombardia province), Casale Popolo town (Alessandria district, Piemonte province), Fiorano town (Modena district, Emilia-romagna province), Monterosso town (La Spezia district, Liguria province), Genova town (Genova district, Liguria province), Verbania district (Piemonte province)",Brief torrential rain,,No,No,No,,,Km2,,,Po and Ticino,2000,10,14,2000,10,22,25,,43000,,43000,,,300000,530839,8000000,14155712,56.5142905592776,"[{""adm2_code"":18337,""adm2_name"":""Modena""},{""adm2_code"":18338,""adm2_name"":""Parma""},{""adm2_code"":18339,""adm2_name"":""Piacenza""},{""adm2_code"":18352,""adm2_name"":""Genova""},{""adm2_code"":18354,""adm2_name"":""La Spezia""},{""adm2_code"":18359,""adm2_name"":""Cremona""},{""adm2_code"":18361,""adm2_name"":""Lodi""},{""adm2_code"":18362,""adm2_name"":""Mantova""},{""adm2_code"":18364,""adm2_name"":""Pavia""},{""adm2_code"":18366,""adm2_name"":""Varese""},{""adm2_code"":18373,""adm2_name"":""Alessandria""},{""adm2_code"":18377,""adm2_name"":""Novara""},{""adm2_code"":18378,""adm2_name"":""Torino""},{""adm2_code"":18379,""adm2_name"":""Verbania""},{""adm2_code"":18413,""adm2_name"":""Aosta""}]",2005-09-15,2023-09-25
2000-0672-CHE,No,nat-hyd-mmw-lan,Natural,Hydrological,Mass movement (wet),Landslide (wet),,,CHE,Switzerland,Western Europe,Europe,Gondo town (Valais Province),,,No,No,No,,,,,,,2000,10,13,2000,10,13,16,,1500,,1500,,,165000,291962,330000,583923,56.5142905592776,"[{""adm1_code"":2829,""adm1_name"":""Valais""}]",2003-07-01,2023-09-25
2000-0673-BIH,No,nat-bio-epi-vir,Natural,Biological,Epidemic,Viral disease,,Acute hepatitis A,BIH,Bosnia and Herzegovina,Southern Europe,Europe,Tensaj,,,No,No,No,,,Vaccinated,,,,2000,8,29,2000,8,29,,,400,,400,,,,,,,56.5142905592776,,2003-07-01,2023-09-25
2000-0679-IRL,No,nat-met-sto-sto,Natural,Meteorological,Storm,Storm (General),,,IRL,Ireland,Northern Europe,Europe,"Waterford, Cork provinces",,,No,No,No,,,Kph,,,,2000,11,,2000,11,,1,,,,,,,47000,83165,100000,176946,56.5142905592776,"[{""adm1_code"":1585,""adm1_name"":""Cork""},{""adm1_code"":1605,""adm1_name"":""Waterford""}]",2003-07-01,2023-09-25
2000-0688-NOR,No,nat-hyd-flo-flo,Natural,Hydrological,Flood,Flood (General),,,NOR,Norway,Northern Europe,Europe,"Baerum, Enebakk, Loerenskog, Nesodden, Nittedal, Oppegaard, Skedsmo, Ski districts (Akershus province), Ringerike district (Buskerud province), Lunner district (Oppland province), Oslo district (Oslo province)",,,No,No,No,,,Km2,,,,2000,10,11,2000,10,11,,,600,,600,,,,,,,56.5142905592776,"[{""adm2_code"":23132,""adm2_name"":""Baerum""},{""adm2_code"":23139,""adm2_name"":""Loerenskog""},{""adm2_code"":23142,""adm2_name"":""Nesodden""},{""adm2_code"":23143,""adm2_name"":""Nittedal""},{""adm2_code"":23144,""adm2_name"":""Oppegaard""},{""adm2_code"":23146,""adm2_name"":""Skedsmo""},{""adm2_code"":23147,""adm2_name"":""Ski""},{""adm2_code"":23183,""adm2_name"":""Ringerike""},{""adm2_code"":23396,""adm2_name"":""Lunner""},{""adm2_code"":23413,""adm2_name"":""Oslo""}]",2003-07-01,2023-09-25
2000-0699-ESP,No,nat-hyd-flo-fla,Natural,Hydrological,Flood,Flash flood,,,ESP,Spain,Southern Europe,Europe,"Amposta city (Tarragona district, Cataluña/Catalunya province) ; Zaragoza, Teruel districts (Aragón province), Albacete district (Castilla-La Mancha province) ; Aragón, Región de Murcia, Comunitat Valenciana, Cataluña/Catalunya provinces",Brief torrential rain,,No,No,No,,26690,Km2,,,"Ebro, Palancia",2000,10,20,2000,10,26,8,,500,,500,,,,,75000,132710,56.5142905592776,"[{""adm1_code"":2717,""adm1_name"":""Aragón""},{""adm1_code"":2724,""adm1_name"":""Cataluña/Catalunya""},{""adm1_code"":2726,""adm1_name"":""Comunitat Valenciana""},{""adm1_code"":2731,""adm1_name"":""Región de Murcia""},{""adm2_code"":25801,""adm2_name"":""Albacete""}]",2004-10-21,2023-09-25
2000-0705-RUS,No,nat-met-ext-col,Natural,Meteorological,Extreme temperature,Cold wave,,,RUS,Russian Federation,Eastern Europe,Europe,"Moskva, Moskovskaya Oblast provinces",,,No,No,No,,-7,°C,,,,2000,10,10,2000,10,10,232,94,,,94,,,,,,,56.5142905592776,"[{""adm1_code"":2534,""adm1_name"":""Moskovskaya Oblast""},{""adm1_code"":2535,""adm1_name"":""Moskva""}]",2003-07-01,2023-09-25
2000-0708-GRC,No,nat-hyd-flo-flo,Natural,Hydrological,Flood,Flood (General),,,GRC,Greece,Southern Europe,Europe,"Corfou Isl. (Kerkyras, Ionioi Nisoi province)",,,No,No,No,,,Km2,,,,2000,10,31,2000,10,31,,,600,,600,,,,,,,56.5142905592776,"[{""adm2_code"":16689,""adm2_name"":""Kerkyras""}]",2003-07-01,2023-09-25
2000-0710-RUS,No,nat-bio-epi-vir,Natural,Biological,Epidemic,Viral disease,,Acute jaundice syndrome,RUS,Russian Federation,Eastern Europe,Europe,Chechnya,,,No,No,No,,,Vaccinated,,,,2000,9,,2000,9,,,,2000,,2000,,,,,,,56.5142905592776,,2003-07-01,2023-09-25
2000-0714-GBR,No,nat-met-sto-sev,Natural,Meteorological,Storm,Severe weather,,,GBR,United Kingdom of Great Britain and Northern Ireland,Northern Europe,Europe,"Larkhill city (Wiltshire district), Bognor Regis village, Selsey city (West Sussex district) (England province) ; West Yorkshire, South Yorkshire, North Yorkshire, Humberside (Yorkshire), West Sussex, East Sussex (Sussex), Kent, Wiltshire, Hamphshire districts (England province)",,Flood,No,No,No,,150,Kph,,,,2000,10,28,2000,10,29,12,4,19500,,19504,,,1100000,1946410,1500000,2654196,56.5142905592776,"[{""adm2_code"":40107,""adm2_name"":""East Sussex""},{""adm2_code"":40112,""adm2_name"":""Hampshire""},{""adm2_code"":40115,""adm2_name"":""Humberside""},{""adm2_code"":40117,""adm2_name"":""Kent""},{""adm2_code"":40123,""adm2_name"":""North Yorkshire""},{""adm2_code"":40130,""adm2_name"":""South Yorkshire""},{""adm2_code"":40137,""adm2_name"":""West Sussex""},{""adm2_code"":40138,""adm2_name"":""West Yorkshire""},{""adm2_code"":40139,""adm2_name"":""Wiltshire""}]",2008-04-08,2023-09-25
2000-0730-AUT,No,tec-tra-rai-rai,Technological,Transport,Rail,Rail,,Funicular train,AUT,Austria,Western Europe,Europe,Kitzteinhorn - Kaprun,,,No,No,No,,,,,,,2000,10,11,2000,10,11,155,12,,,12,,,,,,,56.5142905592776,,2003-07-01,2023-09-25
2000-0742-GRC,No,nat-hyd-flo-flo,Natural,Hydrological,Flood,Flood (General),,,GRC,Greece,Southern Europe,Europe,"Athènes city (Attikis district, Attiki province), Corinthe city (Korinthias district, Peloponnisos province)",,,No,No,No,,,Km2,,,,2000,11,19,2000,11,19,1,,6000,,6000,,,,,,,56.5142905592776,"[{""adm2_code"":16680,""adm2_name"":""Attikis""},{""adm2_code"":16712,""adm2_name"":""Korinthias""}]",2003-07-01,2023-09-25
2000-0752-ITA,No,nat-hyd-flo-flo,Natural,Hydrological,Flood,Flood (General),,,ITA,Italy,Southern Europe,Europe,"Lombardoa province, Friuli-venezia province, Venezia district (Veneto province), Rovere della Luna town (Trento district, Trentino-alto Adige province), Vinchiana town (Lucca district, Toscana province)",,,No,No,No,,,Km2,,,,2000,11,20,2000,11,20,5,,2000,,2000,,,,,50000,88473,56.5142905592776,"[{""adm1_code"":1621,""adm1_name"":""Friuli-venezia Giulia""},{""adm1_code"":1624,""adm1_name"":""Lombardia""},{""adm2_code"":18403,""adm2_name"":""Lucca""},{""adm2_code"":18410,""adm2_name"":""Trento""},{""adm2_code"":18418,""adm2_name"":""Venezia""}]",2003-07-01,2023-09-25
2000-0759-DEU,No,tec-mis-exp-exp,Technological,Miscellaneous accident,Explosion (Miscellaneous),Explosion (Miscellaneous),,Old peole's home,DEU,Germany,Western Europe,Europe,Bremen,,,No,No,No,,,,,,,2000,11,20,2000,11,20,11,21,,,21,,,,,,,56.5142905592776,,2003-07-01,2023-09-25
2000-0772-RUS,No,tec-mis-fir-fir,Technological,Miscellaneous accident,Fire (Miscellaneous),Fire (Miscellaneous),,Apartment,RUS,Russian Federation,Eastern Europe,Europe,Iakoutsk,,,No,No,No,,,,,,,2000,11,27,2000,11,27,10,,,,,,,,,,,56.5142905592776,,2004-10-18,2023-09-25
2000-0775-FRA,No,nat-hyd-flo-flo,Natural,Hydrological,Flood,Flood (General),,,FRA,France,Western Europe,Europe,"Epaux-Bézu, Coincy villages (Aisne district, Picardie province)",,,No,No,No,,,Km2,,,,2000,7,10,2000,7,10,1,,600,,600,,,,,,,56.5142905592776,"[{""adm2_code"":16321,""adm2_name"":""Alpes-maritimes""}]",2003-07-01,2023-09-25
2000-0784-UKR,No,nat-met-sto-sto,Natural,Meteorological,Storm,Storm (General),,,UKR,Ukraine,Eastern Europe,Europe,"Mykolayivs'ka, Vinnyts'ka, Odes'ka, Khmel'nyts'ka, Cherkas'ka, Kirovohrads'ka, Chernivets'ka, Ternopil'ska, Kyyivs'ka, Rivnens'ka, Zhytomyrs'ka, Khersons'ka provinces",,,No,No,No,436,,Kph,,,,2000,11,27,2000,11,27,4,700,5400,,6100,,,,,120000,212336,56.5142905592776,"[{""adm1_code"":3148,""adm1_name"":""Cherkas'ka""},{""adm1_code"":3150,""adm1_name"":""Chernivets'ka""},{""adm1_code"":3155,""adm1_name"":""Khersons'ka""},{""adm1_code"":3156,""adm1_name"":""Khmel'nyts'ka""},{""adm1_code"":3157,""adm1_name"":""Kirovohrads'ka""},{""adm1_code"":3159,""adm1_name"":""Kyyivs'ka""},{""adm1_code"":3162,""adm1_name"":""Mykolayivs'ka""},{""adm1_code"":3163,""adm1_name"":""Odes'ka""},{""adm1_code"":3165,""adm1_name"":""Rivnens'ka""},{""adm1_code"":3167,""adm1_name"":""Ternopil's'ka""},{""adm1_code"":3168,""adm1_name"":""Vinnyts'ka""}]",2003-07-01,2023-09-25
2000-0792-FRA,No,nat-hyd-flo-flo,Natural,Hydrological,Flood,Flood (General),,,FRA,France,Western Europe,Europe,Yvelines district (Ile-de-France province),,,No,No,No,,,Km2,,,,2000,12,2,2000,12,2,,,600,,600,,,,,,,56.5142905592776,"[{""adm2_code"":16285,""adm2_name"":""Yvelines""}]",2003-07-01,2023-09-25
2000-0807-MDA,No,nat-met-sto-bli,Natural,Meteorological,Storm,Blizzard/Winter storm,,,MDA,Republic of Moldova,Eastern Europe,Europe,"Orhei, Soroca, Edinets, Chisinau, Ungheni, Balti, Dubasari provinces",,,Yes,No,No,2761,,Kph,,,,2000,11,26,2000,11,27,,,2600000,,2600000,,,,,31600,55915,56.5142905592776,"[{""adm1_code"":2062,""adm1_name"":""Balti""},{""adm1_code"":2064,""adm1_name"":""Chisinau""},{""adm1_code"":2066,""adm1_name"":""Dubasari""},{""adm1_code"":2067,""adm1_name"":""Edinet""},{""adm1_code"":2070,""adm1_name"":""Orhei""},{""adm1_code"":2071,""adm1_name"":""Soroca""},{""adm1_code"":2073,""adm1_name"":""Ungheni""}]",2005-12-16,2023-09-25
2000-0812-FRA,No,nat-hyd-flo-flo,Natural,Hydrological,Flood,Flood (General),,,FRA,France,Western Europe,Europe,"Finistère, Morbihan districts (Bretagne province)",,,No,No,No,,,Km2,,,,2000,12,13,2000,12,13,,,600,,600,,,,,,,56.5142905592776,"[{""adm2_code"":16257,""adm2_name"":""Finistere""},{""adm2_code"":16259,""adm2_name"":""Morbihan""}]",2003-07-01,2023-09-25
2000-0830-POL,No,nat-met-ext-col,Natural,Meteorological,Extreme temperature,Cold wave,,,POL,Poland,Eastern Europe,Europe,"Dolnoslaskie, Kujawsko-Pomorskie, Lodzkie, Lubeiskie, Lubuskie, Malopolske, Mazowieckie, Opolskie, Podkarpackie, Podlaskie, Pomorskie, Slaskie, Swietokrzyskie, Warminsko-Mazurskie, Wielkopolskie, Zachodnio-Pomorskie provinces",,,No,No,No,,-23,°C,,,,2000,12,,2000,12,,84,,,,,,,,,,,56.5142905592776,"[{""adm1_code"":2370,""adm1_name"":""Dolnoslaskie""},{""adm1_code"":2371,""adm1_name"":""Kujawsko-Pomorskie""},{""adm1_code"":2372,""adm1_name"":""Lodzkie""},{""adm1_code"":2373,""adm1_name"":""Lubeiskie""},{""adm1_code"":2374,""adm1_name"":""Lubuskie""},{""adm1_code"":2375,""adm1_name"":""Malopolske""},{""adm1_code"":2376,""adm1_name"":""Mazowieckie""},{""adm1_code"":2377,""adm1_name"":""Opolskie""},{""adm1_code"":2378,""adm1_name"":""Podkarpackie""},{""adm1_code"":2379,""adm1_name"":""Podlaskie""},{""adm1_code"":2380,""adm1_name"":""Pomorskie""},{""adm1_code"":2381,""adm1_name"":""Slaskie""},{""adm1_code"":2382,""adm1_name"":""Swietokrzyskie""},{""adm1_code"":2383,""adm1_name"":""Warminsko-Mazurskie""},{""adm1_code"":2384,""adm1_name"":""Wielkopolskie""},{""adm1_code"":2385,""adm1_name"":""Zachodnio-Pomorskie""}]",2003-07-01,2023-09-25
2000-0842-GBR,No,nat-met-sto-sto,Natural,Meteorological,Storm,Storm (General),,,GBR,United Kingdom of Great Britain and Northern Ireland,Northern Europe,Europe,"Worcestershire (Hereford and Wor district), Somerset city (Somersetshire district), Gloucester city (Gloucestershire district) (England province)",,,No,No,No,,144,Kph,,,,2000,12,,2000,12,,4,,600,,600,,,,,,,56.5142905592776,"[{""adm2_code"":40109,""adm2_name"":""Gloucestershire""},{""adm2_code"":40113,""adm2_name"":""Hereford and Wor""},{""adm2_code"":40129,""adm2_name"":""Somersetshire""}]",2003-07-01,2023-09-25
2000-0856-GBR,No,nat-met-sto-sto,Natural,Meteorological,Storm,Storm (General),,,GBR,United Kingdom of Great Britain and Northern Ireland,Northern Europe,Europe,Northern Ireland province,,,No,No,No,,,Kph,,,,2000,12,27,2000,12,27,,,,,,,,,,,,56.5142905592776,"[{""adm1_code"":3183,""adm1_name"":""Northern Ireland""}]",2003-07-01,2023-09-25
2000-0864-RUS,No,nat-bio-epi-vir,Natural,Biological,Epidemic,Viral disease,,Acute Jaundice Syndrome,RUS,Russian Federation,Eastern Europe,Europe,Serpukhov,,,No,No,No,,,Vaccinated,,,,2000,12,,2000,12,,,,154,,154,,,,,,,56.5142905592776,,2003-07-01,2023-09-25
2000-0868-HRV,No,nat-hyd-flo-riv,Natural,Hydrological,Flood,Riverine flood,,,HRV,Croatia,Southern Europe,Europe,"Senj, Otocac cities (Lika-Senj province), Metkovic vity (Dubrovnik-Neretva province)",Heavy rains,,No,No,Yes,,,Km2,,,Neretva,2000,12,28,2000,12,30,,,600,,600,,,,,,,56.5142905592776,"[{""adm1_code"":989,""adm1_name"":""Dubrovnik-neretva""},{""adm1_code"":995,""adm1_name"":""Lika-senj""}]",2004-10-18,2023-09-25
2000-0868-SCG,No,nat-hyd-flo-riv,Natural,Hydrological,Flood,Riverine flood,,,SCG,Serbia Montenegro,Southern Europe,Europe,"Danilovgrad, Kotor, Cetinje, Bar, Podgorica provinces (Montenegro)",Heavy rains,,No,No,No,,,Km2,,,Kotor,2000,12,28,2000,12,30,,,2000,,2000,,,,,,,56.5142905592776,"[{""adm1_code"":25351,""adm1_name"":""Bar""},{""adm1_code"":25355,""adm1_name"":""Cetinje""},{""adm1_code"":25356,""adm1_name"":""Danilovgrad""},{""adm1_code"":25359,""adm1_name"":""Kotor""},{""adm1_code"":25365,""adm1_name"":""Podgorica""}]",2004-10-18,2023-09-25
2000-0870-FRA,No,nat-hyd-flo-flo,Natural,Hydrological,Flood,Flood (General),,,FRA,France,Western Europe,Europe,Alpes-maritimes district (Provence-Alpes-Cote-d'Azure province),,,No,No,No,,,Km2,,,,2000,11,,2000,11,,1,2,300,,302,,,,,,,56.5142905592776,"[{""adm2_code"":16321,""adm2_name"":""Alpes-maritimes""}]",2003-07-01,2023-09-25
2000-0886-ESP,No,tec-tra-wat-wat,Technological,Transport,Water,Water,,,ESP,Spain,Southern Europe,Europe,South,,,No,No,No,,,,,,,2000,5,7,2000,5,7,22,,,,,,,,,,,56.5142905592776,,2003-07-01,2023-09-25
2000-0897-RUS,No,tec-mis-mis-mis,Technological,Miscellaneous accident,Miscellaneous accident (General),Miscellaneous accident (General),,,RUS,Russian Federation,Eastern Europe,Europe,Ulyanosk,,,No,No,No,,,,,,,2000,6,9,2000,6,9,,172,,,172,,,,,,,56.5142905592776,,2005-02-03,2023-09-25
2000-0898-UKR,No,tec-mis-mis-mis,Technological,Miscellaneous accident,Miscellaneous accident (General),Miscellaneous accident (General),,,UKR,Ukraine,Eastern Europe,Europe,Mykolayiv,,,No,No,No,,,,,,,2000,7,1,2000,8,30,,378,,,378,,,,,,,56.5142905592776,,2005-02-03,2023-09-25
2000-0899-RUS,No,tec-mis-mis-mis,Technological,Miscellaneous accident,Miscellaneous accident (General),Miscellaneous accident (General),,,RUS,Russian Federation,Eastern Europe,Europe,Voronezh region,,,No,No,No,,,,,,,2000,7,15,2000,7,16,24,202,,,202,,,,,,,56.5142905592776,,2005-02-03,2023-09-25
2000-0901-ESP,No,tec-mis-mis-mis,Technological,Miscellaneous accident,Miscellaneous accident (General),Miscellaneous accident (General),,,ESP,Spain,Southern Europe,Europe,Catalonia,,,No,No,No,,,,,,,2000,9,18,2000,9,18,,158,,,158,,,,,,,56.5142905592776,,2005-02-03,2023-09-25
2000-0914-GRC,No,tec-tra-wat-wat,Technological,Transport,Water,Water,,,GRC,Greece,Southern Europe,Europe,Kos (Mediterranean sea),,,No,No,No,,,,,,,2000,8,26,2000,8,26,24,,,,,,,,,,,56.5142905592776,,2005-04-24,2023-09-25
2000-9318-MDA,No,nat-cli-dro-dro,Natural,Climatological,Drought,Drought,,,MDA,Republic of Moldova,Eastern Europe,Europe,"Balti, Cahul, Chisinau, Dubasari, Edinet, Gagauzia, Lapusna, Orhei, Soroca, Tighina, Ungheni provinces",,,No,No,No,,,Km2,,,,2000,5,,2000,6,,2,,,,,,,,,,,56.5142905592776,"[{""adm1_code"":2062,""adm1_name"":""Balti""},{""adm1_code"":2063,""adm1_name"":""Cahul""},{""adm1_code"":2064,""adm1_name"":""Chisinau""},{""adm1_code"":2066,""adm1_name"":""Dubasari""},{""adm1_code"":2067,""adm1_name"":""Edinet""},{""adm1_code"":2068,""adm1_name"":""Gagauzia""},{""adm1_code"":2069,""adm1_name"":""Lapusna""},{""adm1_code"":2070,""adm1_name"":""Orhei""},{""adm1_code"":2071,""adm1_name"":""Soroca""},{""adm1_code"":2072,""adm1_name"":""Tighina""},{""adm1_code"":2073,""adm1_name"":""Ungheni""}]",2006-09-14,2023-09-25
2000-9328-ROU,No,nat-cli-dro-dro,Natural,Climatological,Drought,Drought,,,ROU,Romania,Eastern Europe,Europe,"Dolj, Mehedinti, Teleorman, Olt, Constanta, Braila, Vaslui, Botosani provinces",,,No,No,No,,26000,Km2,,,,2000,6,,2000,,,,,,,,,,,,500000,884732,56.5142905592776,"[{""adm1_code"":2452,""adm1_name"":""Botosani""},{""adm1_code"":2453,""adm1_name"":""Braila""},{""adm1_code"":2460,""adm1_name"":""Constanta""},{""adm1_code"":2463,""adm1_name"":""Dolj""},{""adm1_code"":2472,""adm1_name"":""Mehedinti""},{""adm1_code"":2475,""adm1_name"":""Olt""},{""adm1_code"":2481,""adm1_name"":""Teleorman""},{""adm1_code"":2484,""adm1_name"":""Vaslui""}]",2006-02-28,2023-09-25
2000-9537-BIH,No,nat-cli-dro-dro,Natural,Climatological,Drought,Drought,,,BIH,Bosnia and Herzegovina,Southern Europe,Europe,"Federacija Bosne I Hercegovine, Republika Srpska provinces",Lack of rain,Heat wave,No,No,No,,,Km2,,,,2000,8,,2000,,,,,,,,,,,,158000,279575,56.5142905592776,"[{""adm1_code"":652,""adm1_name"":""Federacija Bosne I Hercegovine""},{""adm1_code"":653,""adm1_name"":""Republika Srpska""}]",2006-02-28,2023-09-25
2000-9788-BGR,No,nat-cli-dro-dro,Natural,Climatological,Drought,Drought,,,BGR,Bulgaria,Eastern Europe,Europe,"Blagoevgrad, Burgas, Dobrich, Gabrovo, Haskovo, Jambol, Kardzhali, Kustendil, Lovech, Montana, Pazardzhik, Pernik, Pleven, Plovdiv, Razgrad, Ruse, Shumen, Silistra, Sliven, Smoljan, Sofia, Sofia-city, Stara Zagora, Targovishte, Varna, Veliko Tarnovo, Vidin, Vratca",,,No,No,No,,,Km2,,,,2000,3,,2001,,,,,,,,,,,,,,56.5142905592776,"[{""adm1_code"":702,""adm1_name"":""Blagoevgrad""},{""adm1_code"":703,""adm1_name"":""Burgas""},{""adm1_code"":704,""adm1_name"":""Dobrich""},{""adm1_code"":705,""adm1_name"":""Gabrovo""},{""adm1_code"":706,""adm1_name"":""Haskovo""},{""adm1_code"":707,""adm1_name"":""Jambol""},{""adm1_code"":708,""adm1_name"":""Kardzhali""},{""adm1_code"":709,""adm1_name"":""Kustendil""},{""adm1_code"":710,""adm1_name"":""Lovech""},{""adm1_code"":711,""adm1_name"":""Montana""},{""adm1_code"":712,""adm1_name"":""Pazardzhik""},{""adm1_code"":713,""adm1_name"":""Pernik""},{""adm1_code"":714,""adm1_name"":""Pleven""},{""adm1_code"":715,""adm1_name"":""Plovdiv""},{""adm1_code"":716,""adm1_name"":""Razgrad""},{""adm1_code"":717,""adm1_name"":""Ruse""},{""adm1_code"":718,""adm1_name"":""Shumen""},{""adm1_code"":719,""adm1_name"":""Silistra""},{""adm1_code"":720,""adm1_name"":""Sliven""},{""adm1_code"":721,""adm1_name"":""Smoljan""},{""adm1_code"":722,""adm1_name"":""Sofia""},{""adm1_code"":723,""adm1_name"":""Sofia-city""},{""adm1_code"":724,""adm1_name"":""Stara Zagora""},{""adm1_code"":725,""adm1_name"":""Targovishte""},{""adm1_code"":726,""adm1_name"":""Varna""},{""adm1_code"":727,""adm1_name"":""Veliko Tarnovo""},{""adm1_code"":728,""adm1_name"":""Vidin""},{""adm1_code"":729,""adm1_name"":""Vratca""}]",2006-02-28,2024-02-06
2001-0002-ESP,No,tec-tra-roa-roa,Technological,Transport,Road,Road,,,ESP,Spain,Southern Europe,Europe,Near Lorca,,,No,No,No,,,,,,,2001,1,3,2001,1,3,11,2,,,2,,,,,,,58.1114743743821,,2003-07-14,2023-09-25
2001-0003-NLD,No,tec-mis-fir-fir,Technological,Miscellaneous accident,Fire (Miscellaneous),Fire (Miscellaneous),,,NLD,Netherlands (Kingdom of the),Western Europe,Europe,Volendam,,,No,No,No,,,,,,,2001,1,1,2001,1,1,9,180,,,180,,,,,,,58.1114743743821,,2003-07-01,2023-09-25
2001-0018-RUS,No,nat-met-ext-col,Natural,Meteorological,Extreme temperature,Cold wave,,,RUS,Russian Federation,Eastern Europe,Europe,"Bratsk, Oust-Ilimsk, Tayshet, Irkutsk cities (Irkutskaya Oblast province), Novosibirsk city (Novosibirskaya Oblast province), Poligus city (Evenkiyskiy Okrug province)",,,No,No,No,,-57,°C,,,,2001,1,,2001,2,,145,120,6000,,6120,,,,,100,172,58.1114743743821,"[{""adm1_code"":2504,""adm1_name"":""Evenkiyskiy Okrug""},{""adm1_code"":2506,""adm1_name"":""Irkutskaya Oblast""},{""adm1_code"":2541,""adm1_name"":""Novosibirskaya Oblast""}]",2005-12-20,2023-09-25
2001-0031-GRC,No,nat-hyd-flo-flo,Natural,Hydrological,Flood,Flood (General),,,GRC,Greece,Southern Europe,Europe,"Athens city, Cap Sounion (Attikis district, Attiki province), Corinth (Korinthias district, Peloponnisos province), Zakynthos island (Zakynthou district, Ionioi Nisoi province)",,,No,No,No,,,Km2,,,,2001,1,,2001,1,,11,,450,,450,,,,,,,58.1114743743821,"[{""adm2_code"":16680,""adm2_name"":""Attikis""},{""adm2_code"":16691,""adm2_name"":""Zakynthou""},{""adm2_code"":16712,""adm2_name"":""Korinthias""}]",2003-07-01,2023-09-25
2001-0035-RUS,No,tec-tra-wat-wat,Technological,Transport,Water,Water,,"Boat ""Pamiat Merkuria""",RUS,Russian Federation,Eastern Europe,Europe,Black sea (Crimée Peninsula),,,No,No,No,,,,,,,2001,1,29,2001,1,29,19,,32,,32,,,,,,,58.1114743743821,,2003-07-01,2023-09-25
2001-0038-ROU,No,tec-ind-poi-poi,Technological,Industrial accident,Poisoning,Poisoning,,Cyanure,ROU,Romania,Eastern Europe,Europe,Iasi,,,No,No,No,,,m3,,,,2001,1,24,2001,1,24,,100,,,100,,,,,,,58.1114743743821,,2003-07-01,2023-09-25
2001-0040-PRT,No,nat-hyd-flo-riv,Natural,Hydrological,Flood,Riverine flood,,,PRT,Portugal,Southern Europe,Europe,Mesao Frio district (Vila Real province) and Seia district (Guarda province),Heavy rain,"Slide (land, mud, snow, rock)",No,No,No,,10600,Km2,,,Douro and Mondego. Tagus River,2001,1,26,2001,1,29,6,,,200,200,,,,,,,58.1114743743821,"[{""adm2_code"":24785,""adm2_name"":""Seia""},{""adm2_code"":24920,""adm2_name"":""Mesao Frio""}]",2005-09-16,2023-09-25
2001-0066-FRA,No,nat-hyd-flo-fla,Natural,Hydrological,Flood,Flash flood,,,FRA,France,Western Europe,Europe,"Morbihan, Finistère districts (Bretagne province); Redon, Guipry cities (Ille-et-Vilaine district), Quimperlé, Quimper cities (Finistere district) (Bretagne province), Caen, Louvigny cities (Calvados district, Basse-Normandie province)",Brief torrential rain,,No,No,No,,,Km2,,,,2001,1,5,2001,1,7,,,390,,390,,,,,,,58.1114743743821,"[{""adm2_code"":16249,""adm2_name"":""Calvados""},{""adm2_code"":16257,""adm2_name"":""Finistere""},{""adm2_code"":16258,""adm2_name"":""Ille-et-Vilaine""},{""adm2_code"":16259,""adm2_name"":""Morbihan""}]",2005-09-16,2023-09-25
2001-0078-PRT,No,tec-mis-col-col,Technological,Miscellaneous accident,Collapse (Miscellaneous),Collapse (Miscellaneous),,Bridge,PRT,Portugal,Southern Europe,Europe,Entre-os-Rios (near Porto),,,No,No,No,,,,,,,2001,3,4,2001,3,4,70,,,,,,,,,,,58.1114743743821,,2003-07-01,2024-04-03
2001-0079-ROU,No,nat-hyd-flo-riv,Natural,Hydrological,Flood,Riverine flood,,,ROU,Romania,Eastern Europe,Europe,"Bihor, Bistrita-Nasaud, Maramures, Satu-Mare, Suceava, Harghita, Cluj, Salaj, Hunedoara, Alba, Botosani provinces",Heavy rain,,Yes,No,No,63,124,Km2,,,Somes and Viseu Rivers,2001,3,4,2001,3,17,,,4000,,4000,,,,,15000,25812,58.1114743743821,"[{""adm1_code"":2446,""adm1_name"":""Alba""},{""adm1_code"":2450,""adm1_name"":""Bihor""},{""adm1_code"":2451,""adm1_name"":""Bistrita-nasaud""},{""adm1_code"":2452,""adm1_name"":""Botosani""},{""adm1_code"":2459,""adm1_name"":""Cluj""},{""adm1_code"":2467,""adm1_name"":""Harghita""},{""adm1_code"":2468,""adm1_name"":""Hunedoara""},{""adm1_code"":2471,""adm1_name"":""Maramures""},{""adm1_code"":2477,""adm1_name"":""Salaj""},{""adm1_code"":2478,""adm1_name"":""Satu Mare""},{""adm1_code"":2480,""adm1_name"":""Suceava""}]",2005-09-16,2023-09-25
2001-0081-ESP,No,tec-tra-wat-wat,Technological,Transport,Water,Water,,"Cargo ""Kristal""",ESP,Spain,Southern Europe,Europe,Au large de la Corogne,,,No,No,No,,,,,,,2001,2,27,2001,2,27,11,,,,,,,,,,,58.1114743743821,,2003-07-16,2023-09-25
2001-0095-HUN,No,nat-hyd-flo-riv,Natural,Hydrological,Flood,Riverine flood,,,HUN,Hungary,Eastern Europe,Europe,Szabolcs-Szatmar-Bereg province,Heavy rain,,Yes,No,No,85,,Km2,,,"Tisza, Tur",2001,3,4,2001,3,17,,,10000,,10000,,,,,5000,8604,58.1114743743821,"[{""adm1_code"":1455,""adm1_name"":""Szabolcs-szatmar-bereg""}]",2005-09-16,2023-09-25
2001-0096-UKR,No,nat-hyd-flo-riv,Natural,Hydrological,Flood,Riverine flood,,,UKR,Ukraine,Eastern Europe,Europe,"Palad, Khust, Shaiany, Sasovo towns (Zakarpats'ka province)",Heavy rain,,Yes,No,No,3463,,Km2,,,Tisza and Latoritsa,2001,3,4,2001,3,17,9,,300000,,300000,,,,,15000,25812,58.1114743743821,"[{""adm1_code"":3170,""adm1_name"":""Zakarpats'ka""}]",2005-09-16,2023-09-25
2001-0101-GBR,No,tec-tra-rai-rai,Technological,Transport,Rail,Rail,,,GBR,United Kingdom of Great Britain and Northern Ireland,Northern Europe,Europe,Near Selby (North Yorkshire),,,No,No,No,,,,,,,2001,2,28,2001,2,28,13,70,,,70,,,,,,,58.1114743743821,,2003-07-01,2023-09-25
2001-0128-PRT,No,tec-tra-roa-roa,Technological,Transport,Road,Road,,,PRT,Portugal,Southern Europe,Europe,Near Santa Comba Dao,,,No,No,No,,,,,,,2001,3,24,2001,3,24,14,22,,,22,,,,,,,58.1114743743821,,2003-07-01,2023-09-25
2001-0131-GBR,No,nat-hyd-flo-flo,Natural,Hydrological,Flood,Flood (General),,,GBR,United Kingdom of Great Britain and Northern Ireland,Northern Europe,Europe,"Cleveland, East Sussex, Kent districts (England province)",,,No,No,No,,,Km2,,,,2001,2,9,2001,2,9,,,150,,150,,,,,,,58.1114743743821,"[{""adm2_code"":40100,""adm2_name"":""Cleveland""},{""adm2_code"":40107,""adm2_name"":""East Sussex""},{""adm2_code"":40117,""adm2_name"":""Kent""}]",2003-07-01,2023-09-25
2001-0193-FRA,No,nat-hyd-flo-riv,Natural,Hydrological,Flood,Riverine flood,,,FRA,France,Western Europe,Europe,"Calvados district (Basse-Normandie province), Seine-Maritime, Eure districts (Haute-Normandie province), Meuse district (Lorraine province), Haute-Marne district (Champagne-Ardenne province), Rhone district (Rhone-Alpes province), Doubs district (Franche-Comte province), Oise district (Picardie province), Finistère, lle-et-Vilaine districts (Bretagne province) ; Mâcon, Chalon-sur-Saône cities (Saone-et-Loire district, Bourgogne province), Nantes city (Loire-Atlantique district, Pays-de-la-Loire province), Montbazon (Indre-et-Loire district, Centre province)",HEavy rain,,No,No,No,,78100,Km2,,,"Saone, Seine, Rhone-Saone, Avre, Iton.",2001,3,21,2001,3,28,3,,8100,,8100,,,,,132350,227752,58.1114743743821,"[{""adm2_code"":16249,""adm2_name"":""Calvados""},{""adm2_code"":16254,""adm2_name"":""Saone-et-Loire""},{""adm2_code"":16257,""adm2_name"":""Finistere""},{""adm2_code"":16258,""adm2_name"":""Ille-et-Vilaine""},{""adm2_code"":16263,""adm2_name"":""Indre-et-Loire""},{""adm2_code"":16268,""adm2_name"":""Haute-Marne""},{""adm2_code"":16272,""adm2_name"":""Doubs""},{""adm2_code"":16276,""adm2_name"":""Eure""},{""adm2_code"":16277,""adm2_name"":""Seine-Maritime""},{""adm2_code"":16295,""adm2_name"":""Meuse""},{""adm2_code"":16308,""adm2_name"":""Loire-Atlantique""},{""adm2_code"":16314,""adm2_name"":""Oise""},{""adm2_code"":16332,""adm2_name"":""Rhone""}]",2005-09-19,2023-09-25
2001-0226-RUS,No,tec-tra-rai-rai,Technological,Transport,Rail,Rail,,,RUS,Russian Federation,Eastern Europe,Europe,Kaliningrad,,,No,No,No,,,,,,,2001,5,23,2001,5,23,12,18,,,18,,,,,,,58.1114743743821,,2003-07-01,2023-09-25
2001-0227-RUS,No,nat-hyd-flo-riv,Natural,Hydrological,Flood,Riverine flood,,,RUS,Russian Federation,Eastern Europe,Europe,"Sakha Rep., Bashkortostan Rep., Tyva Rep., Krasnoyarskiy Kray provinces",Snowmelt,,Yes,No,No,597,2857000,Km2,,,"Lena, Aldan, Yenisei, Kacha, Tuba, Podkammennaya Tunguska, Yenisei Rivers, Ob, Biya and Katun, Belaya river",2001,5,12,2001,5,27,10,,50305,,50305,,,,,241000,414720,58.1114743743821,"[{""adm1_code"":2494,""adm1_name"":""Bashkortostan Rep.""},{""adm1_code"":2525,""adm1_name"":""Krasnoyarskiy Kray""},{""adm1_code"":2551,""adm1_name"":""Sakha Rep.""},{""adm1_code"":2567,""adm1_name"":""Tyva Rep.""}]",2005-09-19,2023-09-25
2001-0229-FRA,No,nat-hyd-flo-riv,Natural,Hydrological,Flood,Riverine flood,,,FRA,France,Western Europe,Europe,"Abbeville, Amiens cities (Somme district, Picardie province)",Heavy rain,,No,No,No,,9210,Km2,,,Somme River,2001,4,7,2001,5,2,,,7371,,7371,,,,,,,58.1114743743821,"[{""adm2_code"":16315,""adm2_name"":""Somme""}]",2005-09-19,2023-09-25
2001-0240-ESP,No,tec-tra-wat-wat,Technological,Transport,Water,Water,,,ESP,Spain,Southern Europe,Europe,Near East coast of Fuerteventura Isl. (Canaries),,,No,No,No,,,,,,,2001,5,31,2001,5,31,15,,,,,,,,,,,58.1114743743821,,2003-07-01,2023-09-25
2001-0257-RUS,No,nat-met-sto-bli,Natural,Meteorological,Storm,Blizzard/Winter storm,,,RUS,Russian Federation,Eastern Europe,Europe,Stavropolskiy Kray province,,,No,No,No,,,Kph,,,,2001,5,15,2001,5,15,,28,12000,400,12428,,,,,17200,29598,58.1114743743821,"[{""adm1_code"":2558,""adm1_name"":""Stavropolskiy Kray""}]",2003-07-01,2023-09-25
2001-0264-RUS,No,nat-met-sto-bli,Natural,Meteorological,Storm,Blizzard/Winter storm,,,RUS,Russian Federation,Eastern Europe,Europe,"Artyom, Ussuriisk, Vladivostok cities (Primorskiy Kray province) ; Sakhalin Isl. (Sakhalinskaya Oblast province)",,,No,No,No,,,Kph,,,,2001,3,3,2001,3,3,8,,,,,,,,,,,58.1114743743821,"[{""adm1_code"":2547,""adm1_name"":""Primorskiy Kray""},{""adm1_code"":2552,""adm1_name"":""Sakhalinskaya Oblast""}]",2003-07-01,2023-09-25
2001-0288-ROU,No,nat-hyd-flo-riv,Natural,Hydrological,Flood,Riverine flood,,,ROU,Romania,Eastern Europe,Europe,"Alba, Arges, Brasov, Bucuresti, Buzau, Calarasi, Covasna, Dimbovita, Dolj, Giurgiu, Gorj, Harghita, Ialomita, Mehedinti, Mures, Olt, Prahova, Sibiu, Teleorman, Vilcea provinces",Heavy rain,,No,No,No,,14270,Km2,,,Obnica River,2001,6,19,2001,6,22,7,3,10800,,10803,,,,,120000,206500,58.1114743743821,"[{""adm1_code"":2446,""adm1_name"":""Alba""},{""adm1_code"":2448,""adm1_name"":""Arges""},{""adm1_code"":2454,""adm1_name"":""Brasov""},{""adm1_code"":2455,""adm1_name"":""Bucuresti""},{""adm1_code"":2456,""adm1_name"":""Buzau""},{""adm1_code"":2457,""adm1_name"":""Calarasi""},{""adm1_code"":2461,""adm1_name"":""Covasna""},{""adm1_code"":2462,""adm1_name"":""Dimbovita""},{""adm1_code"":2463,""adm1_name"":""Dolj""},{""adm1_code"":2465,""adm1_name"":""Giurgiu""},{""adm1_code"":2466,""adm1_name"":""Gorj""},{""adm1_code"":2467,""adm1_name"":""Harghita""},{""adm1_code"":2469,""adm1_name"":""Ialomita""},{""adm1_code"":2472,""adm1_name"":""Mehedinti""},{""adm1_code"":2473,""adm1_name"":""Mures""},{""adm1_code"":2475,""adm1_name"":""Olt""},{""adm1_code"":2476,""adm1_name"":""Prahova""},{""adm1_code"":2479,""adm1_name"":""Sibiu""},{""adm1_code"":2481,""adm1_name"":""Teleorman""},{""adm1_code"":2485,""adm1_name"":""Vilcea""}]",2005-09-19,2023-09-25
2001-0310-UKR,No,tec-ind-exp-exp,Technological,Industrial accident,Explosion (Industrial),Explosion (Industrial),,Coal mine,UKR,Ukraine,Eastern Europe,Europe,"Kirov, Donetsk region",,,No,No,No,,,m3,,,,2001,5,6,2001,5,6,10,37,,,37,,,,,,,58.1114743743821,,2003-07-01,2023-09-25
2001-0317-RUS,No,tec-tra-air-air,Technological,Transport,Air,Air,,Tu-154,RUS,Russian Federation,Eastern Europe,Europe,Near Irkoutsk (Siberia),,,No,No,No,,,,,,,2001,7,3,2001,7,3,145,,,,,,,,,,,58.1114743743821,,2003-07-01,2023-09-25
2001-0323-FRA,No,nat-hyd-flo-flo,Natural,Hydrological,Flood,Flood (General),,,FRA,France,Western Europe,Europe,"Lot district (Midi-Pyrenees province), Dordogne district (Aquitaine), Corrèze district (Limousin province) (Sud-Ouest)",,,No,No,No,,,Km2,,,,2001,7,4,2001,7,4,,1,720,,721,,,,,,,58.1114743743821,"[{""adm2_code"":16240,""adm2_name"":""Dordogne""},{""adm2_code"":16291,""adm2_name"":""Correze""},{""adm2_code"":16303,""adm2_name"":""Lot""}]",2003-07-01,2023-09-25
2001-0324-FRA,No,nat-met-sto-tor,Natural,Meteorological,Storm,Tornado,,,FRA,France,Western Europe,Europe,"Strasbourg city (Bas-Rhin district, Alsace province)",,,No,No,No,,149,Kph,,,,2001,7,6,2001,7,6,12,85,,,85,,,,,,,58.1114743743821,"[{""adm2_code"":16238,""adm2_name"":""Bas-Rhin""}]",2003-07-01,2023-09-25
2001-0329-ESP,No,nat-bio-epi-bac,Natural,Biological,Epidemic,Bacterial disease,,Legionellosis,ESP,Spain,Southern Europe,Europe,Murcia,,,No,No,No,,,,,,,2001,7,1,2001,7,18,2,,751,,751,,,,,,,58.1114743743821,,2005-06-17,2023-09-25
2001-0336-DEU,No,tec-ind-exp-exp,Technological,Industrial accident,Explosion (Industrial),Explosion (Industrial),,Chemical plant,DEU,Germany,Western Europe,Europe,Ludwigshafen,,,No,No,No,,,m3,,,,2001,5,21,2001,5,21,,130,,,130,,,,,,,58.1114743743821,,2003-07-01,2023-09-25
2001-0341-ROU,No,tec-mis-exp-exp,Technological,Miscellaneous accident,Explosion (Miscellaneous),Explosion (Miscellaneous),,"Tanker ""Anopolis""",ROU,Romania,Eastern Europe,Europe,Constantza,,,No,No,No,,,,,,,2001,6,5,2001,6,5,10,,,,,,,,,,,58.1114743743821,,2003-07-01,2023-09-25
2001-0347-DNK,No,tec-ind-ind-ind,Technological,Industrial accident,Industrial accident (General),Industrial accident (General),,Fuel,DNK,Denmark,Northern Europe,Europe,Baltic sea,,,No,No,No,,,m3,,,,2001,3,29,2001,3,29,,,,,,,,,,,,58.1114743743821,,2003-07-01,2023-09-25
2001-0352-RUS,No,nat-bio-inf-loc,Natural,Biological,Infestation,Locust infestation,,,RUS,Russian Federation,Eastern Europe,Europe,Dagestan,,,No,No,No,,,,,,,2001,6,,2001,6,,,,,,,,,,,,,58.1114743743821,,2003-07-01,2023-09-25
2001-0355-FRA,No,tec-mis-col-col,Technological,Miscellaneous accident,Collapse (Miscellaneous),Collapse (Miscellaneous),,Digue,FRA,France,Western Europe,Europe,Gâvres (Morbihan),,,No,No,No,,,,,,,2001,1,10,2001,1,10,,,240,,240,,,,,,,58.1114743743821,,2003-07-01,2023-09-25
2001-0378-ITA,No,nat-geo-vol-ash,Natural,Geophysical,Volcanic activity,Ash fall,,Mt. Etna,ITA,Italy,Southern Europe,Europe,"Nicolosi municipality (Catania Province, Sicilia Region)",,,No,No,No,,,,37.734,15.004,,2001,7,18,2001,7,18,,,,,,,,,,3100,5335,58.1114743743821,"[{""adm2_code"":18392,""adm2_name"":""Catania""}]",2005-06-01,2023-09-25
2001-0386-DEU,No,nat-met-sto-lig,Natural,Meteorological,Storm,Lightning/Thunderstorms,,Willy,DEU,Germany,Western Europe,Europe,Bayern province,,,No,No,No,,100,Kph,,,,2001,7,6,2001,7,7,6,,,,,,,200000,344166,300000,516249,58.1114743743821,"[{""adm1_code"":1309,""adm1_name"":""Bayern""}]",2007-04-18,2023-09-25
2001-0386-ITA,No,nat-met-sto-lig,Natural,Meteorological,Storm,Lightning/Thunderstorms,,Willy,ITA,Italy,Southern Europe,Europe,"Abruzzi, Basilicata, Calabria, Campania, Emilia-romagna, Friuli-venezia Giulia, Lazio, Liguria, Lombardia, Marche, Molise, Piemonte, Puglia, Sardegna, Sicilia, Toscana, Trentino-alto Adige, Umbria, Valle D'aosta, Veneto provinces",,,No,No,No,,,Kph,,,,2001,7,6,2001,7,8,,,,,,,,30000,51625,175000,301145,58.1114743743821,"[{""adm1_code"":1616,""adm1_name"":""Abruzzi""},{""adm1_code"":1617,""adm1_name"":""Basilicata""},{""adm1_code"":1618,""adm1_name"":""Calabria""},{""adm1_code"":1619,""adm1_name"":""Campania""},{""adm1_code"":1620,""adm1_name"":""Emilia-romagna""},{""adm1_code"":1621,""adm1_name"":""Friuli-venezia Giulia""},{""adm1_code"":1622,""adm1_name"":""Lazio""},{""adm1_code"":1623,""adm1_name"":""Liguria""},{""adm1_code"":1624,""adm1_name"":""Lombardia""},{""adm1_code"":1625,""adm1_name"":""Marche""},{""adm1_code"":1626,""adm1_name"":""Molise""},{""adm1_code"":1627,""adm1_name"":""Piemonte""},{""adm1_code"":1628,""adm1_name"":""Puglia""},{""adm1_code"":1629,""adm1_name"":""Sardegna""},{""adm1_code"":1630,""adm1_name"":""Sicilia""},{""adm1_code"":1631,""adm1_name"":""Toscana""},{""adm1_code"":1632,""adm1_name"":""Trentino-alto Adige""},{""adm1_code"":1633,""adm1_name"":""Umbria""},{""adm1_code"":1634,""adm1_name"":""Valle D'aosta""},{""adm1_code"":1635,""adm1_name"":""Veneto""}]",2007-04-18,2023-09-25
2001-0388-RUS,No,nat-hyd-flo-coa,Natural,Hydrological,Flood,Coastal flood,,,RUS,Russian Federation,Eastern Europe,Europe,"Buryatiya Rep., Irkutskaya Oblast provinces",Extra-tropical cyclone,,No,No,No,,231500,Km2,,,"Tunka, Oka, Slyudyanka. Upper reaches of Ob, Lena and Yenisei Rivers. Selenga and Uda Rivers",2001,7,7,2001,7,13,11,,300000,,300000,,,,,33000,56787,58.1114743743821,"[{""adm1_code"":2497,""adm1_name"":""Buryatiya Rep.""},{""adm1_code"":2506,""adm1_name"":""Irkutskaya Oblast""}]",2005-09-20,2023-09-25
2001-0390-POL,No,nat-hyd-flo-fla,Natural,Hydrological,Flood,Flash flood,,,POL,Poland,Eastern Europe,Europe,"Malopolske, Swietokrzyskie, Donoslaskie, Oploskie, Slaskie, Warminsko-Mazurkie, Podlaskie province ; Gdansk, Slupsk districts (Pomorskie province)",Brief torrential rain,,Yes,No,No,14702,47890,Km2,,,"Biala, Oder, Vistula, Paleczka, Czarna, San.",2001,7,20,2001,8,3,27,,15000,,15000,,,30000,51625,700000,1204581,58.1114743743821,"[{""adm1_code"":2370,""adm1_name"":""Dolnoslaskie""},{""adm1_code"":2375,""adm1_name"":""Malopolske""},{""adm1_code"":2377,""adm1_name"":""Opolskie""},{""adm1_code"":2378,""adm1_name"":""Podkarpackie""},{""adm1_code"":2381,""adm1_name"":""Slaskie""},{""adm1_code"":2382,""adm1_name"":""Swietokrzyskie""},{""adm1_code"":2383,""adm1_name"":""Warminsko-Mazurskie""},{""adm2_code"":24516,""adm2_name"":""Gdansk""},{""adm2_code"":24526,""adm2_name"":""Slupsk""},{""adm2_code"":24527,""adm2_name"":""Slupsk I""}]",2005-09-20,2023-09-25
2001-0390-SVK,No,nat-hyd-flo-fla,Natural,Hydrological,Flood,Flash flood,,,SVK,Slovakia,Eastern Europe,Europe,"Banska Bystrica, Bratislava, Kosice, Nitra, Presov, Trencin, Trnava, Zilna provinces",,,No,No,No,,,Km2,,,,2001,7,24,2001,7,31,1,,,,,,,5500,9465,6000,10325,58.1114743743821,"[{""adm1_code"":2667,""adm1_name"":""Banska Bystrica""},{""adm1_code"":2668,""adm1_name"":""Bratislava""},{""adm1_code"":2669,""adm1_name"":""Kosice""},{""adm1_code"":2670,""adm1_name"":""Nitra""},{""adm1_code"":2671,""adm1_name"":""Presov""},{""adm1_code"":2672,""adm1_name"":""Trencin""},{""adm1_code"":2673,""adm1_name"":""Trnava""},{""adm1_code"":2674,""adm1_name"":""Zilna""}]",2007-04-18,2023-09-25
2001-0404-RUS,No,nat-met-ext-hea,Natural,Meteorological,Extreme temperature,Heat wave,,,RUS,Russian Federation,Eastern Europe,Europe,"Moskva, Moskovskaya Oblast provinces",,,No,No,No,,30,°C,,,,2001,7,,2001,7,,276,,,,,,,,,,,58.1114743743821,"[{""adm1_code"":2534,""adm1_name"":""Moskovskaya Oblast""},{""adm1_code"":2535,""adm1_name"":""Moskva""}]",2003-07-01,2023-09-25
2001-0416-RUS,No,tec-tra-air-air,Technological,Transport,Air,Air,,IL-76 cargo,RUS,Russian Federation,Eastern Europe,Europe,Near Moscow,,,No,No,No,,,,,,,2001,7,14,2001,7,14,10,,,,,,,,,,,58.1114743743821,,2003-07-01,2023-09-25
2001-0418-ROU,No,tec-ind-exp-exp,Technological,Industrial accident,Explosion (Industrial),Explosion (Industrial),,Coal mine,ROU,Romania,Eastern Europe,Europe,Vulcan (South-West),,,No,No,No,,,m3,,,,2001,8,6,2001,8,6,14,2,,,2,,,,,,,58.1114743743821,,2003-07-01,2023-09-25
2001-0420-RUS,No,nat-hyd-flo-riv,Natural,Hydrological,Flood,Riverine flood,,,RUS,Russian Federation,Eastern Europe,Europe,Vladivostok region (Primorskiy Kray province),Heavy rain,,No,No,No,,36650,Km2,,,"Sedanka, Partizanskaya.",2001,8,6,2001,8,12,16,,25000,,25000,,,,,17000,29254,58.1114743743821,"[{""adm1_code"":2547,""adm1_name"":""Primorskiy Kray""}]",2005-09-20,2023-09-25
2001-0423-MKD,No,tec-tra-roa-roa,Technological,Transport,Road,Road,,,MKD,North Macedonia,Southern Europe,Europe,Near Podgorica,,,No,No,No,,,,,,,2001,8,6,2001,8,6,10,6,,,6,,,,,,,58.1114743743821,,2003-07-01,2023-09-25
2001-0446-UKR,No,tec-ind-exp-exp,Technological,Industrial accident,Explosion (Industrial),Explosion (Industrial),,Coal mine,UKR,Ukraine,Eastern Europe,Europe,Zasiadko (Donetsk),,,Yes,No,No,,,m3,,,,2001,8,19,2001,8,19,54,35,,,35,,,,,,,58.1114743743821,,2003-07-01,2023-09-25
2001-0504-BGR,No,nat-cli-wil-for,Natural,Climatological,Wildfire,Forest fire,,,BGR,Bulgaria,Eastern Europe,Europe,"Blagoevgrad, Haskovo, Kardzhali, Smoljan provinces",,,No,No,No,,50,Km2,,,,2001,8,,2001,8,,,,,,,,,,,,,58.1114743743821,"[{""adm1_code"":702,""adm1_name"":""Blagoevgrad""},{""adm1_code"":706,""adm1_name"":""Haskovo""},{""adm1_code"":708,""adm1_name"":""Kardzhali""},{""adm1_code"":721,""adm1_name"":""Smoljan""}]",2003-07-01,2023-09-25
2001-0514-EST,No,tec-mis-mis-mis,Technological,Miscellaneous accident,Miscellaneous accident (General),Miscellaneous accident (General),,Alcool frelaté,EST,Estonia,Northern Europe,Europe,Parnu region,,,No,No,No,,,,,,,2001,9,8,2001,9,8,22,30,,,30,,,,,,,58.1114743743821,,2003-07-01,2023-09-25
2001-0535-FRA,No,tec-ind-exp-exp,Technological,Industrial accident,Explosion (Industrial),Explosion (Industrial),,Petro-chimical factory AZF,FRA,France,Western Europe,Europe,Toulouse,,,No,No,No,,,m3,,,,2001,9,21,2001,9,21,31,2442,15000,,17442,,,,,,,58.1114743743821,,2003-07-01,2023-09-25
2001-0536-ITA,No,nat-hyd-flo-fla,Natural,Hydrological,Flood,Flash flood,,,ITA,Italy,Southern Europe,Europe,Napoli district (Campania province),Brief torrential rain,,No,No,No,,69,Km2,,,,2001,9,14,2001,9,15,2,,,,,,,,,100000,172083,58.1114743743821,"[{""adm2_code"":18332,""adm2_name"":""Napoli""}]",2005-09-21,2023-09-25
2001-0548-ITA,No,tec-tra-air-air,Technological,Transport,Air,Air,,MD-87 and Cessna,ITA,Italy,Southern Europe,Europe,Milano,,,No,No,No,,,,,,,2001,10,8,2001,10,8,118,,,,,,,,,,,58.1114743743821,,2003-07-01,2023-09-25
2001-0558-PRT,No,nat-cli-wil-for,Natural,Climatological,Wildfire,Forest fire,,,PRT,Portugal,Southern Europe,Europe,"Guarda, Vila Real, Viseu provinces",,,No,No,No,,428,Km2,,,,2001,9,,2001,9,,,,,,,,,,,,,58.1114743743821,"[{""adm1_code"":2394,""adm1_name"":""Guarda""},{""adm1_code"":2412,""adm1_name"":""Vila Real""},{""adm1_code"":2413,""adm1_name"":""Viseu""}]",2003-07-01,2023-09-25
2001-0575-RUS,No,nat-cli-wil-for,Natural,Climatological,Wildfire,Forest fire,,,RUS,Russian Federation,Eastern Europe,Europe,Khabarovskiy Kray province,,,No,No,No,,485,Km2,,,,2001,10,1,2001,10,1,,,,,,,,,,,,58.1114743743821,"[{""adm1_code"":2516,""adm1_name"":""Khabarovskiy Kray""}]",2003-07-01,2023-09-25
2001-0576-RUS,No,tec-tra-air-air,Technological,Transport,Air,Air,,Tupolev TU-154,RUS,Russian Federation,Eastern Europe,Europe,Black Sea,,,No,No,No,,,,,,,2001,10,4,2001,10,4,78,,,,,,,,,,,58.1114743743821,,2003-07-01,2023-09-25
2001-0579-RUS,No,nat-met-ext-col,Natural,Meteorological,Extreme temperature,Cold wave,,,RUS,Russian Federation,Eastern Europe,Europe,"Moskva, Moskovskaya Oblast provinces, Saint-Petersbourg city (Sankt-peterburg, Leningradskaya Oblast provinces)",,,No,No,No,,-26,°C,,,,2001,10,,2001,10,,332,174,,,174,,,,,,,58.1114743743821,"[{""adm1_code"":2529,""adm1_name"":""Leningradskaya Oblast""},{""adm1_code"":2534,""adm1_name"":""Moskovskaya Oblast""},{""adm1_code"":2535,""adm1_name"":""Moskva""},{""adm1_code"":2554,""adm1_name"":""Sankt-peterburg""}]",2003-07-01,2023-09-25
2001-0583-FRA,No,nat-met-sto-tor,Natural,Meteorological,Storm,Tornado,,,FRA,France,Western Europe,Europe,"Villeneuve-les-Maguelone city (Hérault district, Languedoc-Rousillon province), Loriol city (Haute-Loire district, Auvergne province)",,,No,No,No,,,Kph,,,,2001,10,20,2001,10,21,2,35,300,,335,,,,,,,58.1114743743821,"[{""adm2_code"":16247,""adm2_name"":""Haute-Loire""},{""adm2_code"":16287,""adm2_name"":""Herault""}]",2004-10-28,2023-09-25
2001-0590-CHE,No,tec-tra-roa-roa,Technological,Transport,Road,Road,,,CHE,Switzerland,Western Europe,Europe,Gothard tunnel,,,No,No,No,,,,,,,2001,10,24,2001,10,24,11,,,,,,,,,,,58.1114743743821,,2003-07-14,2023-09-25
2001-0617-RUS,No,tec-tra-air-air,Technological,Transport,Air,Air,,Helicopter Mi-8,RUS,Russian Federation,Eastern Europe,Europe,Iakoutie (Siberie Oriental),,,No,No,No,,,,,,,2001,11,9,2001,11,9,11,,,,,,,,,,,58.1114743743821,,2003-07-01,2023-09-25
2001-0621-ESP,No,nat-met-sto-sto,Natural,Meteorological,Storm,Storm (General),,,ESP,Spain,Southern Europe,Europe,"Mallorca, Menorca islands (Illes Balears province) ; Valdemoro, Aranjuez cities (Comunidad de Madrid province), Sesena city (Toledo district, Castilla-La Mancha province) ; Palencia district (Castilla y León province), Castellón/Castelló (Comunitat Valenciana province), Girona district (Cataluña/Catalunya province), Almería, Málaga districts (Andalucía province), Melilla district (Ciudad Autónoma de Melilla province)",,,No,No,No,,140,Kph,,,,2001,11,10,2001,11,10,10,,,,,,,,,72000,123900,58.1114743743821,"[{""adm1_code"":2719,""adm1_name"":""Illes Balears""},{""adm1_code"":2729,""adm1_name"":""Comunidad de Madrid""},{""adm1_code"":2730,""adm1_name"":""Ciudad Autónoma de Melilla""},{""adm2_code"":25776,""adm2_name"":""Almería""},{""adm2_code"":25782,""adm2_name"":""Málaga""},{""adm2_code"":25795,""adm2_name"":""Palencia""},{""adm2_code"":25805,""adm2_name"":""Toledo""},{""adm2_code"":25807,""adm2_name"":""Girona""},{""adm2_code"":25812,""adm2_name"":""Castellón/Castelló""}]",2003-07-01,2025-03-14
2001-0625-ESP,No,tec-tra-roa-roa,Technological,Transport,Road,Road,,,ESP,Spain,Southern Europe,Europe,La Palma del Condado (Huelva province),,,No,No,No,,,,,,,2001,11,14,2001,11,14,20,23,,,23,,,,,,,58.1114743743821,,2003-07-01,2023-09-25
2001-0628-RUS,No,tec-tra-air-air,Technological,Transport,Air,Air,,Ilyushin Il-18,RUS,Russian Federation,Eastern Europe,Europe,Yaroslavl regions,,,No,No,No,,,,,,,2001,11,19,2001,11,19,27,,,,,,,,,,,58.1114743743821,,2003-07-01,2023-09-25
2001-0636-CHE,No,tec-tra-air-air,Technological,Transport,Air,Air,,Jumbolino,CHE,Switzerland,Western Europe,Europe,Birchwill (Near Zurich),,,No,No,No,,,,,,,2001,11,24,2001,11,24,24,9,,,9,,,,,,,58.1114743743821,,2003-07-01,2023-09-25
2001-0642-GRC,No,nat-hyd-flo-riv,Natural,Hydrological,Flood,Riverine flood,,,GRC,Greece,Southern Europe,Europe,"Samos Isl. (Samou district, Voreio Aigaio province)",Heavy rain,"Slide (land, mud, snow, rock)",No,No,No,,480,Km2,,,,2001,11,29,2001,11,29,,,600,,600,,,,,,,58.1114743743821,"[{""adm2_code"":16726,""adm2_name"":""Samou""}]",2005-09-21,2023-09-25
2001-0645-GBR,No,nat-hyd-flo-fla,Natural,Hydrological,Flood,Flash flood,,,GBR,United Kingdom of Great Britain and Northern Ireland,Northern Europe,Europe,"Cambridgeshire, Essex and Kent districts (England province)",Brief torrential rain,,No,No,No,,5680,Km2,,,"Cam, Colne, Roman, Stour.",2001,10,21,2001,10,23,,,90,,90,,,,,,,58.1114743743821,"[{""adm2_code"":40098,""adm2_name"":""Cambridgeshire""},{""adm2_code"":40108,""adm2_name"":""Essex""},{""adm2_code"":40117,""adm2_name"":""Kent""}]",2005-09-21,2023-09-25
2001-0656-RUS,No,tec-tra-roa-roa,Technological,Transport,Road,Road,,,RUS,Russian Federation,Eastern Europe,Europe,Moscou,,,No,No,No,,,,,,,2001,12,4,2001,12,4,11,2,,,2,,,,,,,58.1114743743821,,2003-07-01,2023-09-25
2001-0661-POL,No,nat-met-ext-col,Natural,Meteorological,Extreme temperature,Cold wave,,,POL,Poland,Eastern Europe,Europe,"Dolnoslaskie, Kujawsko-Pomorskie, Lodzkie, Lubeiskie, Lubuskie, Malopolske, Mazowieckie, Opolskie, Podkarpackie, Podlaskie, Pomorskie, Slaskie, Swietokrzyskie, Warminsko-Mazurskie, Wielkopolskie, Zachodnio-Pomorskie provinces",,,No,No,No,,-25,°C,,,,2001,10,10,2002,1,20,270,,,,,,,,,,,58.1114743743821,"[{""adm1_code"":2370,""adm1_name"":""Dolnoslaskie""},{""adm1_code"":2371,""adm1_name"":""Kujawsko-Pomorskie""},{""adm1_code"":2372,""adm1_name"":""Lodzkie""},{""adm1_code"":2373,""adm1_name"":""Lubeiskie""},{""adm1_code"":2374,""adm1_name"":""Lubuskie""},{""adm1_code"":2375,""adm1_name"":""Malopolske""},{""adm1_code"":2376,""adm1_name"":""Mazowieckie""},{""adm1_code"":2377,""adm1_name"":""Opolskie""},{""adm1_code"":2378,""adm1_name"":""Podkarpackie""},{""adm1_code"":2379,""adm1_name"":""Podlaskie""},{""adm1_code"":2380,""adm1_name"":""Pomorskie""},{""adm1_code"":2381,""adm1_name"":""Slaskie""},{""adm1_code"":2382,""adm1_name"":""Swietokrzyskie""},{""adm1_code"":2383,""adm1_name"":""Warminsko-Mazurskie""},{""adm1_code"":2384,""adm1_name"":""Wielkopolskie""},{""adm1_code"":2385,""adm1_name"":""Zachodnio-Pomorskie""}]",2010-10-22,2023-09-25
2001-0663-ROU,No,nat-met-ext-col,Natural,Meteorological,Extreme temperature,Cold wave,,,ROU,Romania,Eastern Europe,Europe,"Iasi, Bacau, Bistrita-nasaud, Suceava, Botosani, Vrancea provinces",,,No,No,No,,-31,°C,,,,2001,12,1,2001,12,1,10,,,,,,,,,,,58.1114743743821,"[{""adm1_code"":2449,""adm1_name"":""Bacau""},{""adm1_code"":2451,""adm1_name"":""Bistrita-nasaud""},{""adm1_code"":2452,""adm1_name"":""Botosani""},{""adm1_code"":2470,""adm1_name"":""Iasi""},{""adm1_code"":2480,""adm1_name"":""Suceava""},{""adm1_code"":2486,""adm1_name"":""Vrancea""}]",2003-07-01,2025-03-14
2001-0675-ITA,No,tec-mis-fir-fir,Technological,Miscellaneous accident,Fire (Miscellaneous),Fire (Miscellaneous),,Nursing home for handicapped people,ITA,Italy,Southern Europe,Europe,Buccino (Campania),,,No,No,No,,,,,,,2001,12,16,2001,12,16,19,7,,,7,,,,,,,58.1114743743821,,2003-07-01,2023-09-25
2001-0686-HUN,No,nat-met-ext-col,Natural,Meteorological,Extreme temperature,Cold wave,,,HUN,Hungary,Eastern Europe,Europe,"Bacs-kiskun, Baranya, Bekes, Borsod-abauj-zemplen, Budapest, Csongrad, Fejer, Gyor-moson-sopron, Hajdu-bihar, Heves, Jasz-nagykun-szolnok, Komarom-esztergom, Nograd, Pest, Somogy, Szabolcs-szatmar-bereg, Tolna, Vas, Veszprem, Zala provinces",,,No,No,No,,-20,°C,,,,2001,12,,2001,12,,81,,,,,,,,,,,58.1114743743821,"[{""adm1_code"":1440,""adm1_name"":""Bacs-kiskun""},{""adm1_code"":1441,""adm1_name"":""Baranya""},{""adm1_code"":1442,""adm1_name"":""Bekes""},{""adm1_code"":1443,""adm1_name"":""Borsod-abauj-zemplen""},{""adm1_code"":1444,""adm1_name"":""Budapest""},{""adm1_code"":1445,""adm1_name"":""Csongrad""},{""adm1_code"":1446,""adm1_name"":""Fejer""},{""adm1_code"":1447,""adm1_name"":""Gyor-moson-sopron""},{""adm1_code"":1448,""adm1_name"":""Hajdu-bihar""},{""adm1_code"":1449,""adm1_name"":""Heves""},{""adm1_code"":1450,""adm1_name"":""Jasz-nagykun-szolnok""},{""adm1_code"":1451,""adm1_name"":""Komarom-esztergom""},{""adm1_code"":1452,""adm1_name"":""Nograd""},{""adm1_code"":1453,""adm1_name"":""Pest""},{""adm1_code"":1454,""adm1_name"":""Somogy""},{""adm1_code"":1455,""adm1_name"":""Szabolcs-szatmar-bereg""},{""adm1_code"":1456,""adm1_name"":""Tolna""},{""adm1_code"":1457,""adm1_name"":""Vas""},{""adm1_code"":1458,""adm1_name"":""Veszprem""},{""adm1_code"":1459,""adm1_name"":""Zala""}]",2003-07-01,2023-09-25
2001-0692-MKD,No,nat-met-ext-col,Natural,Meteorological,Extreme temperature,Cold wave,,,MKD,North Macedonia,Southern Europe,Europe,"Veles, Kumanovo, Bitola, Skopje provinces",,,No,No,No,,-25,°C,,,,2001,12,,2001,12,,15,,,,,,,,,,,58.1114743743821,"[{""adm1_code"":2928,""adm1_name"":""Bitola""},{""adm1_code"":2941,""adm1_name"":""Kumanovo""},{""adm1_code"":2948,""adm1_name"":""Skopje""},{""adm1_code"":2955,""adm1_name"":""Veles""}]",2003-07-01,2025-03-14
2001-0701-BGR,No,nat-met-sto-sto,Natural,Meteorological,Storm,Storm (General),,,BGR,Bulgaria,Eastern Europe,Europe,"Shumen, Dobricht, Stara Zagora, Sofia provinces",,,No,No,No,,,Kph,,,,2001,12,24,2001,12,24,2,,,,,,,,,,,58.1114743743821,"[{""adm1_code"":704,""adm1_name"":""Dobrich""},{""adm1_code"":718,""adm1_name"":""Shumen""},{""adm1_code"":722,""adm1_name"":""Sofia""},{""adm1_code"":724,""adm1_name"":""Stara Zagora""}]",2003-07-01,2023-09-25
2001-0713-LVA,No,nat-met-ext-col,Natural,Meteorological,Extreme temperature,Cold wave,,,LVA,Latvia,Northern Europe,Europe,Rigas province,,,No,No,No,,-25,°C,,,,2001,10,,2001,10,,21,,,,,,,,,,,58.1114743743821,"[{""adm1_code"":1790,""adm1_name"":""Rigas""}]",2003-07-01,2023-09-25
2001-0714-LTU,No,nat-met-ext-col,Natural,Meteorological,Extreme temperature,Cold wave,,,LTU,Lithuania,Northern Europe,Europe,"Alytaus, Kauno, Klaipedos, Marijampoles, Panevezio, Siauliu, Taurages, Telsiu, Utenos, Vilniaus provinces",,,No,No,No,,,°C,,,,2001,12,,2001,12,,20,,,,,,,,,,,58.1114743743821,"[{""adm1_code"":1866,""adm1_name"":""Alytaus""},{""adm1_code"":1867,""adm1_name"":""Kauno""},{""adm1_code"":1868,""adm1_name"":""Klaipedos""},{""adm1_code"":1869,""adm1_name"":""Marijampoles""},{""adm1_code"":1870,""adm1_name"":""Panevezio""},{""adm1_code"":1871,""adm1_name"":""Siauliu""},{""adm1_code"":1872,""adm1_name"":""Taurages""},{""adm1_code"":1873,""adm1_name"":""Telsiu""},{""adm1_code"":1874,""adm1_name"":""Utenos""},{""adm1_code"":1875,""adm1_name"":""Vilniaus""}]",2003-07-01,2023-09-25
2001-0730-SCG,No,nat-bio-epi-bac,Natural,Biological,Epidemic,Bacterial disease,,Tularemia,SCG,Serbia Montenegro,Southern Europe,Europe,"Lypjan, Ferizaj, Prishtina, Drenas, Kastriot, F.Kosove, Podujeve, Skenderaj, Shtime, Gjilan (Serbia-Kosovo)",,,No,No,No,,,,,,,2001,11,1,2002,2,6,,,170,,170,,,,,,,58.1114743743821,"[{""adm1_code"":25378,""adm1_name"":""Kosovski""},{""adm1_code"":25379,""adm1_name"":""Kosovsko-mitrovatski""},{""adm1_code"":25380,""adm1_name"":""Kosovsko-pomoravski""}]",2005-06-23,2023-09-25
2001-0739-HRV,No,nat-hyd-flo-flo,Natural,Hydrological,Flood,Flood (General),,,HRV,Croatia,Southern Europe,Europe,"Orahovica, Zdenci, Kutovi, Slavonske Bare, Cacinci, Staro Petrovo Polje, Pausinci, Crnac, Nova Bukovica cities (Virovitica-podravina province), Nasice, Djurdjenovac, Moticina, Boksic, Teodorovac cities (Osijek-baranja province)",,,No,No,No,,100,Km2,,,,2001,9,6,2001,9,6,,,1200,,1200,,,,,,,58.1114743743821,"[{""adm1_code"":997,""adm1_name"":""Osijek-baranja""},{""adm1_code"":1005,""adm1_name"":""Virovitica-podravina""}]",2003-07-01,2023-09-25
2001-0743-FRA,No,nat-hyd-flo-flo,Natural,Hydrological,Flood,Flood (General),,,FRA,France,Western Europe,Europe,Somme district (Picardie province),,,No,No,No,,,Km2,,,,2001,7,8,2001,7,8,,,300,,300,,,,,,,58.1114743743821,"[{""adm2_code"":16315,""adm2_name"":""Somme""}]",2003-07-01,2023-09-25
2001-0747-RUS,No,nat-cli-wil-for,Natural,Climatological,Wildfire,Forest fire,,,RUS,Russian Federation,Eastern Europe,Europe,"Khabarovskiy Kray, Tyva Rep., Khakasiya Rep., Chitinskaya Oblast, Aginskiy Buryatskiy A. Okrug, Krasnoyarskiy Kray provinces",,,No,No,No,,300,Km2,,,,2001,5,,2001,5,,,,,,,,,,,,,58.1114743743821,"[{""adm1_code"":2488,""adm1_name"":""Aginskiy Buryatskiy A. Okrug""},{""adm1_code"":2500,""adm1_name"":""Chitinskaya Oblast""},{""adm1_code"":2516,""adm1_name"":""Khabarovskiy Kray""},{""adm1_code"":2517,""adm1_name"":""Khakasiya Rep.""},{""adm1_code"":2525,""adm1_name"":""Krasnoyarskiy Kray""},{""adm1_code"":2567,""adm1_name"":""Tyva Rep.""}]",2003-07-01,2023-09-25
2001-0749-GRC,No,nat-geo-ear-gro,Natural,Geophysical,Earthquake,Ground movement,USGS:usp000ak5s,,GRC,Greece,Southern Europe,Europe,"Skyros Island (Evvoias district, Sterea Ellada province)",,,No,No,No,,6.5,Moment Magnitude,39.059,24.244,,2001,7,26,2001,7,26,,,300,,300,,,,,,,58.1114743743821,"[{""adm2_code"":16716,""adm2_name"":""Evvoias""}]",2014-02-25,2023-09-25
2001-0759-NOR,No,nat-hyd-flo-flo,Natural,Hydrological,Flood,Flood (General),,,NOR,Norway,Northern Europe,Europe,Kristiansand district (Vest-Agder province),,,No,No,No,,,Km2,,,,2001,12,1,2001,12,1,,,1500,,1500,,,,,,,58.1114743743821,"[{""adm2_code"":23539,""adm2_name"":""Kristiansand""}]",2003-07-01,2023-09-25
2001-0760-RUS,No,tec-tra-air-air,Technological,Transport,Air,Air,,Ilyushin-76,RUS,Russian Federation,Eastern Europe,Europe,Near Novaya (Okhtsk region),,,No,No,No,,,,,,,2001,12,2,2001,12,2,18,,,,,,,,,,,58.1114743743821,,2003-07-01,2023-09-25
2001-0762-UKR,No,tec-ind-exp-exp,Technological,Industrial accident,Explosion (Industrial),Explosion (Industrial),,Coal mine,UKR,Ukraine,Eastern Europe,Europe,Donetsk,,,No,No,No,,,m3,,,,2001,11,28,2001,11,28,11,,,,,,,,,,,58.1114743743821,,2003-07-01,2023-09-25
2001-0781-ESP,No,tec-tra-wat-wat,Technological,Transport,Water,Water,,,ESP,Spain,Southern Europe,Europe,,,,No,No,No,,,,,,,2001,2,5,2001,2,5,37,,,,,,,,,,,58.1114743743821,,2003-07-01,2023-09-25
2001-0783-BIH,No,nat-hyd-flo-riv,Natural,Hydrological,Flood,Riverine flood,,,BIH,Bosnia and Herzegovina,Southern Europe,Europe,"Brcko district, Tuzla district (Republika Srpska province) ; Sava, Drina Lukavac, Janja Tinja and Bosna rivers (Republika Srpska province)",,,Yes,No,No,,,Km2,,,,2001,6,,2001,6,,,,9000,,9000,,,,,,,58.1114743743821,"[{""adm2_code"":6252,""adm2_name"":""Bijeljina""},{""adm2_code"":6254,""adm2_name"":""Bosanska Dubica""},{""adm2_code"":6255,""adm2_name"":""Bosanska Gradiska""},{""adm2_code"":6257,""adm2_name"":""Bosanski Brod""},{""adm2_code"":6260,""adm2_name"":""Bosanski Samac""},{""adm2_code"":6261,""adm2_name"":""Bratunac""},{""adm2_code"":6262,""adm2_name"":""Brcko""},{""adm2_code"":6275,""adm2_name"":""Ilidza""},{""adm2_code"":6290,""adm2_name"":""Modrica""},{""adm2_code"":6295,""adm2_name"":""Odzak""},{""adm2_code"":6301,""adm2_name"":""Rogatica""},{""adm2_code"":6307,""adm2_name"":""Srbac""},{""adm2_code"":6308,""adm2_name"":""Srebrenica""},{""adm2_code"":6316,""adm2_name"":""Trnovo""},{""adm2_code"":6317,""adm2_name"":""Tuzla""},{""adm2_code"":6321,""adm2_name"":""Zvornik""}]",2005-05-03,2023-09-25
2001-0788-GBR,No,nat-bio-epi-bac,Natural,Biological,Epidemic,Bacterial disease,,"Meningococcal disease, serogroup W135",GBR,United Kingdom of Great Britain and Northern Ireland,Northern Europe,Europe,,,,No,No,No,,,,,,,2001,1,,2001,6,,11,,30,,30,,,,,,,58.1114743743821,,2005-06-22,2023-09-25
2002-0001-FRA,No,tec-mis-fir-fir,Technological,Miscellaneous accident,Fire (Miscellaneous),Fire (Miscellaneous),,"Maison de retraite ""L'Accueil""",FRA,France,Western Europe,Europe,Saint-Bonnet-de-Mure,,,No,No,No,,,,,,,2002,1,2,2002,1,2,12,9,,,9,,,,,,,59.0331440786142,,2005-05-03,2023-09-25
2002-0003-GRC,No,nat-met-sto-sto,Natural,Meteorological,Storm,Storm (General),,,GRC,Greece,Southern Europe,Europe,"Eubee Isl (Evvoias district, Sterea Ellada province), Athens city (Attikis district, Attiki province), Voiotias district (Sterea Ellada province)",,,No,No,Yes,,,Kph,,,,2002,1,4,2002,1,4,2,12,,,12,,,,,,,59.0331440786142,"[{""adm2_code"":16680,""adm2_name"":""Attikis""},{""adm2_code"":16716,""adm2_name"":""Evvoias""},{""adm2_code"":16719,""adm2_name"":""Voiotias""}]",2004-03-24,2023-09-25
2002-0010-ALB,No,nat-met-sto-bli,Natural,Meteorological,Storm,Blizzard/Winter storm,,,ALB,Albania,Southern Europe,Europe,"Diber, Bulqize, Mat, Shkoder, Malesi E Madhe, Puke, Kukes, Has, Tropoje, Lezhe, Kurbin, Mirdite provinces (Shkoder, Diber, Kukes, Lezhe prefectures) (Shkoder, Diber, Puke, Kukes, Dibrell, Chukkas, Lezhe most affected cities)",,Cold wave,No,No,Yes,,,Kph,,,,2002,1,8,2002,1,8,6,,125000,,125000,,,,,,,59.0331440786142,"[{""adm1_code"":306,""adm1_name"":""Bulqize""},{""adm1_code"":309,""adm1_name"":""Diber""},{""adm1_code"":315,""adm1_name"":""Has""},{""adm1_code"":321,""adm1_name"":""Kukes""},{""adm1_code"":322,""adm1_name"":""Kurbin""},{""adm1_code"":323,""adm1_name"":""Lezhe""},{""adm1_code"":326,""adm1_name"":""Malesi E Madhe""},{""adm1_code"":328,""adm1_name"":""Mat""},{""adm1_code"":329,""adm1_name"":""Mirdite""},{""adm1_code"":333,""adm1_name"":""Puke""},{""adm1_code"":335,""adm1_name"":""Shkoder""},{""adm1_code"":339,""adm1_name"":""Tropoje""}]",2004-03-24,2023-09-25
2002-0011-CZE,No,nat-met-sto-sto,Natural,Meteorological,Storm,Storm (General),,,CZE,Czechia,Eastern Europe,Europe,"Zapadocesky, Severocesky, Vychodocesky, Severomoravsky provinces",,,No,No,Yes,,,Kph,,,,2002,1,,2002,1,,,,,,,,,,,,,59.0331440786142,"[{""adm1_code"":1033,""adm1_name"":""Severocesky""},{""adm1_code"":1034,""adm1_name"":""Severomoravsky""},{""adm1_code"":1036,""adm1_name"":""Vychodocesky""},{""adm1_code"":1037,""adm1_name"":""Zapadocesky""}]",2004-03-24,2023-09-25
2002-0012-FRA,No,nat-hyd-flo-flo,Natural,Hydrological,Flood,Flood (General),,,FRA,France,Western Europe,Europe,"Vosges, Moselle district (Lorraine province), Haute-Marne district (Champagne-Ardenne province)",,,No,No,No,,,Km2,,,,2002,1,,2002,1,,,,180,,180,,,,,,,59.0331440786142,"[{""adm2_code"":16268,""adm2_name"":""Haute-Marne""},{""adm2_code"":16296,""adm2_name"":""Moselle""},{""adm2_code"":16297,""adm2_name"":""Vosges""}]",2004-03-24,2023-09-25
2002-0024-RUS,No,nat-hyd-flo-riv,Natural,Hydrological,Flood,Riverine flood,,,RUS,Russian Federation,Eastern Europe,Europe,"Krasnodar Temryuk, Anapa, Slavyank cities (Krasnodarskiy Kray province)",Snowmelt,,No,No,No,,9580,Km2,,,Kuban,2002,1,6,2002,1,23,1,,3000,,3000,,,,,64970,110057,59.0331440786142,"[{""adm1_code"":2524,""adm1_name"":""Krasnodarskiy Kray""}]",2004-03-24,2023-09-25
2002-0048-RUS,No,nat-met-sto-sto,Natural,Meteorological,Storm,Storm (General),,,RUS,Russian Federation,Eastern Europe,Europe,Kaliningradskaya Oblast province,,,No,No,Yes,,120,Kph,,,,2002,1,29,2002,1,29,2,,,,,,,,,3000,5082,59.0331440786142,"[{""adm1_code"":2509,""adm1_name"":""Kaliningradskaya Oblast""}]",2004-03-24,2023-09-25
2002-0050-BEL,No,nat-hyd-flo-riv,Natural,Hydrological,Flood,Riverine flood,,,BEL,Belgium,Western Europe,Europe,"Liège district, Hensies city (Hainaut district), Antwerpen city (Antwerpen district)",,,No,No,No,,,Km2,,,,2002,1,27,2002,1,27,,,600,,600,,,,,,,59.0331440786142,"[{""adm2_code"":40442,""adm2_name"":""Antwerpen""},{""adm2_code"":5850,""adm2_name"":""Hainaut""},{""adm2_code"":5851,""adm2_name"":""Liege""}]",2004-03-24,2023-09-25
2002-0055-DEU,No,nat-met-sto-sto,Natural,Meteorological,Storm,Storm (General),,Jennifer,DEU,Germany,Western Europe,Europe,"Bremen, Thueringen, Bayern, Hamburg, Mecklenburg-Vorpommern province ; Oranienbourg city (Brandenburg province)",,Flood,No,No,No,,,Kph,,,,2002,1,28,2002,1,29,4,6,,,6,,,100000,169396,150000,254095,59.0331440786142,"[{""adm1_code"":1309,""adm1_name"":""Bayern""},{""adm1_code"":1311,""adm1_name"":""Brandenburg""},{""adm1_code"":1312,""adm1_name"":""Bremen""},{""adm1_code"":1313,""adm1_name"":""Hamburg""},{""adm1_code"":1315,""adm1_name"":""Mecklenburg-Vorpommern""},{""adm1_code"":1323,""adm1_name"":""Thueringen""}]",2005-12-07,2023-09-25
2002-0059-POL,No,nat-met-sto-sto,Natural,Meteorological,Storm,Storm (General),,Jennifer,POL,Poland,Eastern Europe,Europe,"Dolnoslaskie, Lodzkie, Lubeiskie, Malopolske, Opolskie, Podkarpackie, Slaskie, Swietokrzyskie provinces",,,No,No,No,,100,Kph,,,,2002,1,28,2002,1,28,6,,,,,,,,,100,169,59.0331440786142,"[{""adm1_code"":2370,""adm1_name"":""Dolnoslaskie""},{""adm1_code"":2372,""adm1_name"":""Lodzkie""},{""adm1_code"":2373,""adm1_name"":""Lubeiskie""},{""adm1_code"":2375,""adm1_name"":""Malopolske""},{""adm1_code"":2377,""adm1_name"":""Opolskie""},{""adm1_code"":2378,""adm1_name"":""Podkarpackie""},{""adm1_code"":2381,""adm1_name"":""Slaskie""},{""adm1_code"":2382,""adm1_name"":""Swietokrzyskie""}]",2008-03-21,2023-09-25
2002-0075-POL,No,tec-ind-exp-exp,Technological,Industrial accident,Explosion (Industrial),Explosion (Industrial),,Mine Jast-Mos,POL,Poland,Eastern Europe,Europe,Jastrzebie Zdroj (Silésie),,,No,No,No,,,m3,,,,2002,2,6,2002,2,6,10,1,,,1,,,,,,,59.0331440786142,,2003-07-01,2023-09-25
2002-0101-BEL,No,nat-hyd-flo-flo,Natural,Hydrological,Flood,Flood (General),,,BEL,Belgium,Western Europe,Europe,Overflow of the river Ourthe (Liege and Namur provinces); Hainaut province,,,No,No,No,,,Km2,,,,2002,2,11,2002,2,11,,,1200,,1200,,,,,,,59.0331440786142,"[{""adm2_code"":5850,""adm2_name"":""Hainaut""},{""adm2_code"":5851,""adm2_name"":""Liege""},{""adm2_code"":5853,""adm2_name"":""Namur""}]",2005-05-04,2024-10-25
2002-0113-RUS,No,tec-tra-air-air,Technological,Transport,Air,Air,,Antonov AN-26,RUS,Russian Federation,Eastern Europe,Europe,Lakhta,,,No,No,No,,,,,,,2002,2,22,2002,2,22,17,3,,,3,,,,,,,59.0331440786142,,2003-07-01,2023-09-25
2002-0141-ITA,No,tec-tra-wat-wat,Technological,Transport,Water,Water,,Migrants,ITA,Italy,Southern Europe,Europe,Sicilia,,,No,No,No,,,,,,,2002,3,8,2002,3,8,50,,,,,,,,,,,59.0331440786142,,2005-05-10,2023-09-25
2002-0168-DEU,No,nat-bio-epi-vir,Natural,Biological,Epidemic,Viral disease,,,DEU,Germany,Western Europe,Europe,Coburg (Southern Bavaria),,,No,No,No,,,Vaccinated,,,,2002,2,1,2002,2,1,,,600,,600,,,,,,,59.0331440786142,,2005-05-10,2023-09-25
2002-0179-ESP,No,tec-tra-rai-rai,Technological,Transport,Rail,Rail,,,ESP,Spain,Southern Europe,Europe,Torredembarra,,,No,No,No,,,,,,,2002,3,30,2002,3,30,2,142,,,142,,,,,,,59.0331440786142,,2003-07-01,2023-09-25
2002-0222-GRC,No,tec-tra-wat-wat,Technological,Transport,Water,Water,,"Boat ""Bandirma""",GRC,Greece,Southern Europe,Europe,Near Naxos Isl. (Egee sea),,,No,No,No,,,,,,,2002,4,17,2002,4,17,27,,,,,,,,,,,59.0331440786142,,2003-07-01,2023-09-25
2002-0229-RUS,No,tec-mis-mis-mis,Technological,Miscellaneous accident,Miscellaneous accident (General),Miscellaneous accident (General),,,RUS,Russian Federation,Eastern Europe,Europe,Bachkirie (Oural),,,No,No,No,,,,,,,2002,4,23,2002,4,23,14,1,,,1,,,,,,,59.0331440786142,,2003-07-01,2023-09-25
2002-0234-SCG,No,nat-geo-ear-gro,Natural,Geophysical,Earthquake,Ground movement,USGS:usp000b324,,SCG,Serbia Montenegro,Southern Europe,Europe,Gnjilane town (Kosovsko-pomoravski Province) (Serbia),,,No,No,No,,5.7,Moment Magnitude,42.436,21.466,,2002,4,24,2002,4,24,1,100,,,100,,,,,,,59.0331440786142,"[{""adm2_code"":47633,""adm2_name"":""Administrative unit not available""}]",2003-09-03,2023-09-25
2002-0235-SWE,No,nat-bio-epi-dis,Natural,Biological,Epidemic,Infectious disease (General),,Acute diarrhoeal syndrome,SWE,Sweden,Northern Europe,Europe,,,,No,No,No,,,Vaccinated,,,,2002,4,22,2002,4,22,,,350,,350,,,,,,,59.0331440786142,,2003-07-01,2023-09-25
2002-0268-RUS,No,tec-tra-air-air,Technological,Transport,Air,Air,,Helicopter Mi-8,RUS,Russian Federation,Eastern Europe,Europe,Altaï (Siberia),,,No,No,No,,,,,,,2002,5,7,2002,5,7,11,,,,,,,,,,,59.0331440786142,,2003-07-01,2023-09-25
2002-0279-RUS,No,nat-cli-wil-for,Natural,Climatological,Wildfire,Forest fire,,,RUS,Russian Federation,Eastern Europe,Europe,"Irkutskaya Oblast, Khabarovskiy Kray provinces",,,No,No,No,,2000,Km2,,,,2002,5,11,2002,5,11,,,,120,120,,,,,,,59.0331440786142,"[{""adm1_code"":2506,""adm1_name"":""Irkutskaya Oblast""},{""adm1_code"":2516,""adm1_name"":""Khabarovskiy Kray""}]",2003-07-01,2023-09-25
2002-0293-HRV,No,tec-tra-wat-wat,Technological,Transport,Water,Water,,,HRV,Croatia,Southern Europe,Europe,Sava river,,,No,No,No,,,,,,,2002,5,13,2002,5,13,11,,,,,,,,,,,59.0331440786142,,2003-07-01,2023-09-25
2002-0343-ITA,No,nat-hyd-flo-fla,Natural,Hydrological,Flood,Flash flood,,,ITA,Italy,Southern Europe,Europe,"Frioul-venezia Giulia province, Valle d'aosta province, Villanova town (Biella district, Piemonte province), Venezia town (Venezia district, Veneto province)",Brief torrential rain,"Slide (land, mud, snow, rock)",No,No,No,,,Km2,,,Cervo,2002,6,6,2002,6,9,,,,,,,,,,,,59.0331440786142,"[{""adm1_code"":1621,""adm1_name"":""Friuli-venezia Giulia""},{""adm1_code"":1634,""adm1_name"":""Valle D'aosta""},{""adm2_code"":18375,""adm2_name"":""Biella""},{""adm2_code"":18418,""adm2_name"":""Venezia""}]",2005-09-23,2023-09-25
2002-0357-ITA,No,nat-bio-epi-vir,Natural,Biological,Epidemic,Viral disease,,,ITA,Italy,Southern Europe,Europe,Campania,,,No,No,No,,,Vaccinated,,,,2002,6,,2002,6,,3,,9997,,9997,,,,,,,59.0331440786142,,2003-07-01,2023-09-25
2002-0367-SCG,No,nat-hyd-flo-flo,Natural,Hydrological,Flood,Flood (General),,,SCG,Serbia Montenegro,Southern Europe,Europe,Pozarevac town (Branicevski province) (Serbia),,,No,No,No,,,Km2,,,,2002,6,11,2002,6,11,,,2400,,2400,,,,,,,59.0331440786142,"[{""adm1_code"":25372,""adm1_name"":""Branicevski""}]",2003-07-01,2023-09-25
2002-0376-RUS,No,nat-hyd-flo-fla,Natural,Hydrological,Flood,Flash flood,,,RUS,Russian Federation,Eastern Europe,Europe,"Stavropolskiy Kray, Krasnodarskiy Kray , Karatchayevo-cherkesiya Rep., Ingushetiya Rep., Adygeya Rep., Chechnya Rep., Kabardino-balkariya Rep., Severnaya Osetiya-alaniya Rep., Dagestan Rep. provinces",Heavy rains,"Slide (land, mud, snow, rock)",Yes,No,No,5018,224600,Km2,,,"Kuban, Malka, Baksan, Terek, Kardonik, Argun, Sundzha, Laba, Belaya, Urup and Fars.",2002,6,19,2002,7,1,117,1200,329413,,330613,,,,,450000,762284,59.0331440786142,"[{""adm1_code"":2487,""adm1_name"":""Adygeya Rep.""},{""adm1_code"":2498,""adm1_name"":""Chechnya Rep.""},{""adm1_code"":2503,""adm1_name"":""Dagestan Rep.""},{""adm1_code"":2505,""adm1_name"":""Ingushetiya Rep.""},{""adm1_code"":2508,""adm1_name"":""Kabardino-balkariya Rep.""},{""adm1_code"":2513,""adm1_name"":""Karatchayevo-cherkesiya Rep.""},{""adm1_code"":2524,""adm1_name"":""Krasnodarskiy Kray""},{""adm1_code"":2556,""adm1_name"":""Severnaya Osetiya-alaniya Rep.""},{""adm1_code"":2558,""adm1_name"":""Stavropolskiy Kray""}]",2005-09-23,2023-09-25
2002-0381-MDA,No,nat-hyd-flo-flo,Natural,Hydrological,Flood,Flood (General),,,MDA,Republic of Moldova,Eastern Europe,Europe,"Tighina, Lapusna, Gagauzia provinces",,,No,No,No,,47,Km2,,,,2002,6,,2002,6,,1,,500,,500,,,,,832,1409,59.0331440786142,"[{""adm1_code"":2068,""adm1_name"":""Gagauzia""},{""adm1_code"":2069,""adm1_name"":""Lapusna""},{""adm1_code"":2072,""adm1_name"":""Tighina""}]",2003-07-01,2023-09-25
2002-0389-HUN,No,tec-tra-roa-roa,Technological,Transport,Road,Road,,,HUN,Hungary,Eastern Europe,Europe,Near Balatonszentyoergy,,,No,No,No,,,,,,,2002,7,1,2002,7,1,19,32,,,32,,,,,,,59.0331440786142,,2003-07-01,2023-09-25
2002-0394-DEU,No,tec-tra-air-air,Technological,Transport,Air,Air,,Tupolev- Tu154 and Boeing 757,DEU,Germany,Western Europe,Europe,Owingen (near Ueberlingen),,,No,No,No,,,,,,,2002,7,1,2002,7,1,71,,,,,,,,,,,59.0331440786142,,2003-07-01,2023-09-25
2002-0417-ALB,No,nat-bio-epi-dis,Natural,Biological,Epidemic,Infectious disease (General),,Unknown,ALB,Albania,Southern Europe,Europe,Gjinokastru,,,No,No,No,,,Vaccinated,,,,2002,7,,2002,7,,,,226,,226,,,,,,,59.0331440786142,,2003-07-01,2023-09-25
2002-0420-DEU,No,nat-met-sto-sto,Natural,Meteorological,Storm,Storm (General),,,DEU,Germany,Western Europe,Europe,Berlin province,,,No,No,No,,150,Kph,,,,2002,7,10,2002,7,10,7,13,,,13,,,,,100000,169396,59.0331440786142,"[{""adm1_code"":1310,""adm1_name"":""Berlin""}]",2003-07-01,2023-09-25
2002-0421-UKR,No,tec-ind-fir-fir,Technological,Industrial accident,Fire (Industrial),Fire (Industrial),,Coal mine,UKR,Ukraine,Eastern Europe,Europe,Oukraïna (Donetsk region),,,No,No,No,,,m3,,,,2002,7,7,2002,7,7,35,49,,,49,,,,,,,59.0331440786142,,2003-07-01,2023-09-25
2002-0433-GBR,No,tec-tra-air-air,Technological,Transport,Air,Air,,Helicopter,GBR,United Kingdom of Great Britain and Northern Ireland,Northern Europe,Europe,Au large de Great Yarmouth,,,No,No,No,,,,,,,2002,7,16,2002,7,16,11,,,,,,,,,,,59.0331440786142,,2003-07-01,2023-09-25
2002-0447-ROU,No,nat-hyd-flo-riv,Natural,Hydrological,Flood,Riverine flood,,,ROU,Romania,Eastern Europe,Europe,"Constanta, Suceava, Prahova, Iasi, Vaslui provinces",Heavy rain,,No,No,No,,5420,Km2,,,,2002,7,19,2002,7,23,4,,4500,,4500,,,,,,,59.0331440786142,"[{""adm1_code"":2460,""adm1_name"":""Constanta""},{""adm1_code"":2470,""adm1_name"":""Iasi""},{""adm1_code"":2476,""adm1_name"":""Prahova""},{""adm1_code"":2480,""adm1_name"":""Suceava""},{""adm1_code"":2484,""adm1_name"":""Vaslui""}]",2005-09-23,2023-09-25
2002-0453-SCG,No,tec-tra-roa-roa,Technological,Transport,Road,Road,,,SCG,Serbia Montenegro,Southern Europe,Europe,Kosovo (Serbia),,,No,No,No,,,,,,,2002,7,25,2002,7,25,10,31,,,31,,,,,,,59.0331440786142,,2003-07-01,2023-09-25
2002-0457-UKR,No,tec-tra-air-air,Technological,Transport,Air,Air,,SU-27,UKR,Ukraine,Eastern Europe,Europe,Lviv,,,Yes,No,No,,,,,,,2002,7,27,2002,7,27,83,270,,,270,,,,,,,59.0331440786142,,2003-11-06,2023-09-25
2002-0459-RUS,No,tec-tra-air-air,Technological,Transport,Air,Air,,IL-86,RUS,Russian Federation,Eastern Europe,Europe,Moscou,,,No,No,No,,,,,,,2002,7,28,2002,7,28,14,2,,,2,,,,,,,59.0331440786142,,2003-07-01,2023-09-25
2002-0463-GBR,No,nat-hyd-flo-flo,Natural,Hydrological,Flood,Flood (General),,,GBR,United Kingdom of Great Britain and Northern Ireland,Northern Europe,Europe,"Scotland province Cumbria, Derbyshire, Hereford and Wor, Leicestershire, Lincolnshire, Northamptonshire, Nottinghamshire, Salop, Staffordshire, Warwickshire, West Midlands, West Yorkshire districts (England province)",,,No,No,No,,,Km2,,,,2002,7,20,2002,7,20,1,,200,,200,,,,,,,59.0331440786142,"[{""adm1_code"":3184,""adm1_name"":""Scotland""},{""adm2_code"":40102,""adm2_name"":""Cumbria""},{""adm2_code"":40103,""adm2_name"":""Derbyshire""},{""adm2_code"":40113,""adm2_name"":""Hereford and Wor""},{""adm2_code"":40119,""adm2_name"":""Leicestershire""},{""adm2_code"":40120,""adm2_name"":""Lincolnshire""},{""adm2_code"":40124,""adm2_name"":""Northamptonshire""},{""adm2_code"":40126,""adm2_name"":""Nottinghamshire""},{""adm2_code"":40128,""adm2_name"":""Salop""},{""adm2_code"":40131,""adm2_name"":""Staffordshire""},{""adm2_code"":40135,""adm2_name"":""Warwickshire""},{""adm2_code"":40136,""adm2_name"":""West Midlands""},{""adm2_code"":40138,""adm2_name"":""West Yorkshire""}]",2003-07-01,2023-09-25
2002-0464-UKR,No,tec-ind-exp-exp,Technological,Industrial accident,Explosion (Industrial),Explosion (Industrial),,Mine,UKR,Ukraine,Eastern Europe,Europe,Zasiadko (Donetsk),,,No,No,No,,,m3,,,,2002,7,31,2002,7,31,18,,,,,,,,,,,59.0331440786142,,2003-07-01,2023-09-25
2002-0465-ESP,No,tec-tra-wat-wat,Technological,Transport,Water,Water,,,ESP,Spain,Southern Europe,Europe,Near Tarifa (Andalousia),,,No,No,No,,,,,,,2002,8,1,2002,8,1,13,,,,,,,,,,,59.0331440786142,,2003-07-01,2023-09-25
2002-0466-ROU,No,nat-hyd-flo-fla,Natural,Hydrological,Flood,Flash flood,,,ROU,Romania,Eastern Europe,Europe,"Arges, Bacau, Botosani, Braila, Brasov, Bucuresti, Buzau, Calarasi, Constanta, Covasna, Dimbovita, Galati, Giurgiu, Harghita, Ialomita, Iasi, Mures, Prahova, Sibiu, Teleorman, Tulcea, Vaslui, Vrancea provinces",,,No,No,No,,40,Km2,,,,2002,8,,2002,8,,4,,,3900,3900,,,,,,,59.0331440786142,"[{""adm1_code"":2448,""adm1_name"":""Arges""},{""adm1_code"":2449,""adm1_name"":""Bacau""},{""adm1_code"":2452,""adm1_name"":""Botosani""},{""adm1_code"":2453,""adm1_name"":""Braila""},{""adm1_code"":2454,""adm1_name"":""Brasov""},{""adm1_code"":2455,""adm1_name"":""Bucuresti""},{""adm1_code"":2456,""adm1_name"":""Buzau""},{""adm1_code"":2457,""adm1_name"":""Calarasi""},{""adm1_code"":2460,""adm1_name"":""Constanta""},{""adm1_code"":2461,""adm1_name"":""Covasna""},{""adm1_code"":2462,""adm1_name"":""Dimbovita""},{""adm1_code"":2464,""adm1_name"":""Galati""},{""adm1_code"":2465,""adm1_name"":""Giurgiu""},{""adm1_code"":2467,""adm1_name"":""Harghita""},{""adm1_code"":2469,""adm1_name"":""Ialomita""},{""adm1_code"":2470,""adm1_name"":""Iasi""},{""adm1_code"":2473,""adm1_name"":""Mures""},{""adm1_code"":2476,""adm1_name"":""Prahova""},{""adm1_code"":2479,""adm1_name"":""Sibiu""},{""adm1_code"":2481,""adm1_name"":""Teleorman""},{""adm1_code"":2483,""adm1_name"":""Tulcea""},{""adm1_code"":2484,""adm1_name"":""Vaslui""},{""adm1_code"":2486,""adm1_name"":""Vrancea""}]",2003-07-01,2023-09-25
2002-0467-DEU,No,nat-hyd-flo-flo,Natural,Hydrological,Flood,Flood (General),,,DEU,Germany,Western Europe,Europe,"Bayern, Baden-Wuerttemberg, Thueringen, Niedersachsen provinces ; Bitterfield, Magdeburg, Dessau, Wittenberg, Muehlberg cities (Sachsen-Anhalt province), Torgau, Dresden cities (Sachsen province), Pirna, Daphna, Luechow-Dannenberg, Leipzig cities (Brandenburg province)",,Rain,No,No,Yes,,,Km2,,,,2002,8,11,2002,8,20,27,108,330000,,330108,,,1800000,3049135,11600000,19649978,59.0331440786142,"[{""adm1_code"":1308,""adm1_name"":""Baden-Wuerttemberg""},{""adm1_code"":1309,""adm1_name"":""Bayern""},{""adm1_code"":1311,""adm1_name"":""Brandenburg""},{""adm1_code"":1316,""adm1_name"":""Niedersachsen""},{""adm1_code"":1320,""adm1_name"":""Sachsen""},{""adm1_code"":1321,""adm1_name"":""Sachsen-Anhalt""},{""adm1_code"":1323,""adm1_name"":""Thueringen""}]",2006-09-17,2023-09-25
2002-0469-RUS,No,nat-cli-wil-for,Natural,Climatological,Wildfire,Forest fire,,,RUS,Russian Federation,Eastern Europe,Europe,"Sakha Rep., Chukotskiy Okrug provinces",,,No,No,No,,1880,Km2,,,,2002,7,,2002,7,,,,,,,,,,,,,59.0331440786142,"[{""adm1_code"":2501,""adm1_name"":""Chukotskiy Okrug""},{""adm1_code"":2551,""adm1_name"":""Sakha Rep.""}]",2003-07-01,2023-09-25
2002-0471-ROU,No,nat-hyd-flo-riv,Natural,Hydrological,Flood,Riverine flood,,,ROU,Romania,Eastern Europe,Europe,"Cioara, Baia de Aries (Alba province), Bistrita (Bistrita-nasaud province)",HEavy rain,,No,No,No,,16410,Km2,,,,2002,8,6,2002,8,7,1,1,300,,301,,,,,290,491,59.0331440786142,"[{""adm1_code"":2446,""adm1_name"":""Alba""},{""adm1_code"":2451,""adm1_name"":""Bistrita-nasaud""}]",2005-09-23,2023-09-25
2002-0472-ITA,No,nat-hyd-flo-flo,Natural,Hydrological,Flood,Flood (General),,,ITA,Italy,Southern Europe,Europe,"Brescia district (Lombardia province), Venezia district (Veneto province)",,,No,No,No,,,Km2,,,,2002,8,4,2002,8,14,,20,,,20,,,10000,16940,296000,501413,59.0331440786142,"[{""adm2_code"":18357,""adm2_name"":""Brescia""},{""adm2_code"":18418,""adm2_name"":""Venezia""}]",2008-03-21,2023-09-25
2002-0479-CZE,No,nat-hyd-flo-riv,Natural,Hydrological,Flood,Riverine flood,,,CZE,Czechia,Eastern Europe,Europe,"Prague city (praha district, praha province), Plzen city (Plzen-mesto district, Zapadocesky province), Karlsbad city (Karlovy Vary district, Zapadocesky province); Mlada Boleslav, Melnik, Kladno, Rakovnik, Beroun, Praha-vychod, Pribram, Benesov, Kutna Hora, Kolin, Nymburk districts (Stredocesky province), Praha-zapad district (Praha province), Tabor, Jindrichuv Hradec, Ceske Budejovice, Cesky Krumlov, Prachatice, Starkonice, Pisek districts (Jihocesky province), Usti nad Labem district (Severocesky province), Usti nad Orlici district (Vychodocesky province)",Heavy rain,,No,No,No,8207,8000,Km2,,,"Vltava, Blanice, Malse, Berounka, Slavkovsky, Uhlava, Luznice, Otava, Labe, Sazava",2002,8,7,2002,8,28,18,,200000,,200000,,,1200000,2032756,2400000,4065513,59.0331440786142,"[{""adm2_code"":14812,""adm2_name"":""Ceske Budejovice""},{""adm2_code"":14813,""adm2_name"":""Cesky Krumlov""},{""adm2_code"":14814,""adm2_name"":""Jindrichuv Hradec""},{""adm2_code"":14816,""adm2_name"":""Pisek""},{""adm2_code"":14817,""adm2_name"":""Prachatice""},{""adm2_code"":14818,""adm2_name"":""Starkonice""},{""adm2_code"":14819,""adm2_name"":""Tabor""},{""adm2_code"":14834,""adm2_name"":""Praha""},{""adm2_code"":14835,""adm2_name"":""Praha-zapad""},{""adm2_code"":14845,""adm2_name"":""Usti nad Labem""},{""adm2_code"":14857,""adm2_name"":""Benesov""},{""adm2_code"":14858,""adm2_name"":""Beroun""},{""adm2_code"":14859,""adm2_name"":""Kladno""},{""adm2_code"":14860,""adm2_name"":""Kolin""},{""adm2_code"":14861,""adm2_name"":""Kutna Hora""},{""adm2_code"":14862,""adm2_name"":""Melnik""},{""adm2_code"":14863,""adm2_name"":""Mlada Boleslav""},{""adm2_code"":14864,""adm2_name"":""Nymburk""},{""adm2_code"":14865,""adm2_name"":""Praha-vychod""},{""adm2_code"":14866,""adm2_name"":""Pribram""},{""adm2_code"":14867,""adm2_name"":""Rakovnik""},{""adm2_code"":14878,""adm2_name"":""Usti nad Orlici""},{""adm2_code"":14881,""adm2_name"":""Karlovy Vary""},{""adm2_code"":14884,""adm2_name"":""Plzen-mesto""}]",2008-03-21,2023-09-25
2002-0482-RUS,No,nat-hyd-flo-riv,Natural,Hydrological,Flood,Riverine flood,,,RUS,Russian Federation,Eastern Europe,Europe,Novorossiisk (Krasnodarskiy Kray province),Heavy rain,,No,No,No,,10880,Km2,,,,2002,8,8,2002,8,18,82,,48000,1500,49500,,,,,32000,54207,59.0331440786142,"[{""adm1_code"":2524,""adm1_name"":""Krasnodarskiy Kray""}]",2008-03-22,2023-09-25
2002-0486-ESP,No,tec-mis-mis-mis,Technological,Miscellaneous accident,Miscellaneous accident (General),Miscellaneous accident (General),,Contamination,ESP,Spain,Southern Europe,Europe,Torroella de Montgri (Catalunya),,,No,No,No,,,,,,,2002,6,22,2002,6,22,,876,,,876,,,,,,,59.0331440786142,,2003-07-01,2023-09-25
2002-0488-GBR,No,nat-hyd-flo-riv,Natural,Hydrological,Flood,Riverine flood,,,GBR,United Kingdom of Great Britain and Northern Ireland,Northern Europe,Europe,"Scarborough, Filey towns (North Yorkshire district, England province)",Heavy rain,,No,No,No,,60,Km2,,,,2002,8,10,2002,8,12,,,250,,250,,,,,,,59.0331440786142,"[{""adm2_code"":40123,""adm2_name"":""North Yorkshire""}]",2005-09-23,2023-09-25
2002-0489-AUT,No,nat-hyd-flo-riv,Natural,Hydrological,Flood,Riverine flood,,,AUT,Austria,Western Europe,Europe,"Entire Country (Vorarlberg, Upper Austria, Salzburg, Styria)",,,No,No,No,,,Km2,,,,2002,8,12,2002,8,20,9,,60000,,60000,,,400000,677585,2400000,4065513,59.0331440786142,"[{""adm1_code"":478,""adm1_name"":""Burgenland""},{""adm1_code"":479,""adm1_name"":""Karnten""},{""adm1_code"":480,""adm1_name"":""Niederosterreich""},{""adm1_code"":481,""adm1_name"":""Oberosterreich""},{""adm1_code"":482,""adm1_name"":""Salzburg""},{""adm1_code"":483,""adm1_name"":""Steiermark""},{""adm1_code"":484,""adm1_name"":""Tirol""},{""adm1_code"":485,""adm1_name"":""Vorarlberg""},{""adm1_code"":486,""adm1_name"":""Wien""}]",2006-09-17,2023-09-25
2002-0506-HUN,No,nat-hyd-flo-riv,Natural,Hydrological,Flood,Riverine flood,,,HUN,Hungary,Eastern Europe,Europe,"Budapest city (Budapest province), Visegrad city (Pest province)",Heavy rain,,No,No,No,,,Km2,,,,2002,8,7,2002,8,28,,,1430,,1430,,,,,30000,50819,59.0331440786142,"[{""adm1_code"":1444,""adm1_name"":""Budapest""},{""adm1_code"":1453,""adm1_name"":""Pest""}]",2005-09-23,2023-09-25
2002-0513-SVK,No,nat-hyd-flo-riv,Natural,Hydrological,Flood,Riverine flood,,,SVK,Slovakia,Eastern Europe,Europe,"Bratislava city (Okres Bratislava I district, Bratislava province) ; Banska Bystrica, Brezno, Zarnovica, Ziar nad Hronom districts (Banska Bystrica province), Levice district (Nitra province)",,,No,No,No,,,Km2,,,,2002,8,16,2002,8,18,,,,,,,,,,3000,5082,59.0331440786142,"[{""adm2_code"":25428,""adm2_name"":""Banska Bystrica""},{""adm2_code"":25430,""adm2_name"":""Brezno""},{""adm2_code"":25438,""adm2_name"":""Zarnovica""},{""adm2_code"":25439,""adm2_name"":""Ziar nad Hronom""},{""adm2_code"":25442,""adm2_name"":""Okres Bratislava I""}]",2005-12-23,2023-09-25
2002-0520-RUS,No,tec-tra-roa-roa,Technological,Transport,Road,Road,,,RUS,Russian Federation,Eastern Europe,Europe,Tchouvachie,,,No,No,No,,,,,,,2002,8,18,2002,8,18,24,37,,,37,,,,,,,59.0331440786142,,2003-07-01,2023-09-25
2002-0530-RUS,No,tec-tra-air-air,Technological,Transport,Air,Air,,Helicopter Mi-6,RUS,Russian Federation,Eastern Europe,Europe,Near Dikson Isl. (Taymyr region),,,No,No,No,,,,,,,2002,7,11,2002,7,11,21,,,,,,,,,,,59.0331440786142,,2003-07-01,2023-09-25
2002-0533-RUS,No,nat-hyd-flo-riv,Natural,Hydrological,Flood,Riverine flood,,,RUS,Russian Federation,Eastern Europe,Europe,Vladivostok area (Primorskiy Kray province),Heavy rain,,No,No,No,,200,Km2,,,"Razdolnaya, Migunovka and Komissarovka",2002,7,20,2002,7,26,,,1500,,1500,,,,,,,59.0331440786142,"[{""adm1_code"":2547,""adm1_name"":""Primorskiy Kray""}]",2005-09-23,2023-09-25
2002-0550-BEL,No,nat-hyd-flo-flo,Natural,Hydrological,Flood,Flood (General),,,BEL,Belgium,Western Europe,Europe,"Brabant wallon,Vlaams-Brabant, Hainaut, Liège, Namur provinces",,,No,No,No,,,Km2,,,,2002,8,26,2002,8,26,,,600,,600,,,,,,,59.0331440786142,"[{""adm2_code"":5847,""adm2_name"":""Vlaams-Brabant""},{""adm2_code"":5850,""adm2_name"":""Hainaut""},{""adm2_code"":5851,""adm2_name"":""Liege""},{""adm2_code"":5853,""adm2_name"":""Namur""},{""adm2_code"":5854,""adm2_name"":""Brabant wallon""}]",2003-07-01,2023-09-25
2002-0552-BGR,No,nat-hyd-flo-flo,Natural,Hydrological,Flood,Flood (General),,,BGR,Bulgaria,Eastern Europe,Europe,"Gabrovo, Pleven, Lovech, Razgrad, Shumen, Velniko Turnovo provinces (North), Jambol, Pasardjik provinces (South)",,,No,No,No,,,Km2,,,,2002,8,10,2002,8,11,1,,,,,,,,,1000,1694,59.0331440786142,"[{""adm1_code"":705,""adm1_name"":""Gabrovo""},{""adm1_code"":707,""adm1_name"":""Jambol""},{""adm1_code"":710,""adm1_name"":""Lovech""},{""adm1_code"":712,""adm1_name"":""Pazardzhik""},{""adm1_code"":714,""adm1_name"":""Pleven""},{""adm1_code"":716,""adm1_name"":""Razgrad""},{""adm1_code"":718,""adm1_name"":""Shumen""},{""adm1_code"":727,""adm1_name"":""Veliko Tarnovo""}]",2008-03-21,2023-09-25
2002-0553-FRA,No,nat-hyd-flo-fla,Natural,Hydrological,Flood,Flash flood,,,FRA,France,Western Europe,Europe,"Urrugne, Hendaye, Saint-Jean-de-Luz cities (Pyrénées-Atlantique district, Aquitaine province), Saint-Anne-du-Castellet city (Var district, Provence-Alpes-Cote-d'Azure province), Sain-Martin-de-Seignanx, Béarn cities (Landes district, Aquitaine province); Pyrénée-Orientales district",,,No,No,No,,,Km2,,,,2002,8,25,2002,8,25,,,800,,800,,,,,,,59.0331440786142,"[{""adm2_code"":16242,""adm2_name"":""Landes""},{""adm2_code"":16244,""adm2_name"":""Pyrenees-Atlantique""},{""adm2_code"":16289,""adm2_name"":""Pyrenees-Orientales""},{""adm2_code"":16324,""adm2_name"":""Var""}]",2003-07-01,2023-09-25
2002-0565-RUS,No,nat-cli-wil-for,Natural,Climatological,Wildfire,Forest fire,,,RUS,Russian Federation,Eastern Europe,Europe,"Shatura, Dmitrov, Balashikha, Noginsk, Pavlovo-Posad cities (Moskovskaya Oblast province)",,,No,No,No,,6,Km2,,,,2002,7,,2002,7,,,,,,,,,,,,,59.0331440786142,"[{""adm1_code"":2534,""adm1_name"":""Moskovskaya Oblast""}]",2003-07-01,2023-09-25
2002-0574-FRA,No,nat-hyd-flo-riv,Natural,Hydrological,Flood,Riverine flood,,,FRA,France,Western Europe,Europe,"Gard, Hérault districts (Languedo-Rousillon province), Vaucluse dsitrict (Provence-Alpes-Cote-d'Azure province), Rhone, Drome, Ardeche districts (Languedoc-Rousillon province)",Heavy rains,,No,No,No,,10480,Km2,,,,2002,9,8,2002,9,12,23,,2500,,2500,,,398000,674198,1190000,2015817,59.0331440786142,"[{""adm2_code"":16286,""adm2_name"":""Gard""},{""adm2_code"":16287,""adm2_name"":""Herault""},{""adm2_code"":16325,""adm2_name"":""Vaucluse""},{""adm2_code"":16327,""adm2_name"":""Ardeche""},{""adm2_code"":16328,""adm2_name"":""Drome""},{""adm2_code"":16332,""adm2_name"":""Rhone""}]",2004-01-21,2023-09-25
2002-0585-RUS,No,tec-tra-air-air,Technological,Transport,Air,Air,,Antonov An-2,RUS,Russian Federation,Eastern Europe,Europe,Near Krasnoïarsk (Sibéria),,,No,No,No,,,,,,,2002,9,14,2002,9,14,11,3,,,3,,,,,,,59.0331440786142,,2003-07-01,2023-09-25
2002-0586-ITA,No,tec-tra-wat-wat,Technological,Transport,Water,Water,,Migrants,ITA,Italy,Southern Europe,Europe,"Au large de Porto Empedocle, near Arigente (South Sicilia)",,,No,No,No,,,,,,,2002,9,14,2002,9,14,34,,92,,92,,,,,,,59.0331440786142,,2003-07-01,2023-09-25
2002-0591-DEU,No,tec-ind-che-che,Technological,Industrial accident,Chemical spill,Chemical spill,,,DEU,Germany,Western Europe,Europe,Near Hameln,,,No,No,No,,,m3,,,,2002,9,,2002,9,,,371,,,371,,,,,,,59.0331440786142,,2003-07-01,2023-09-25
2002-0602-RUS,No,nat-hyd-mmw-ava,Natural,Hydrological,Mass movement (wet),Avalanche (wet),,,RUS,Russian Federation,Eastern Europe,Europe,Nijni Karmadon town (Severnaya Osetiya-alaniya Rep. Province),,,No,No,No,,,,,,,2002,9,20,2002,9,20,122,,,,,,,,,,,59.0331440786142,"[{""adm1_code"":2556,""adm1_name"":""Severnaya Osetiya-alaniya Rep.""}]",2010-02-16,2023-09-25
2002-0606-RUS,No,tec-tra-air-air,Technological,Transport,Air,Air,,Antonov AN-28,RUS,Russian Federation,Eastern Europe,Europe,Near Ayan (Khabarovsk region),,,No,No,No,,,,,,,2002,8,29,2002,8,29,16,,,,,,,,,,,59.0331440786142,,2003-07-01,2023-09-25
2002-0607-ALB,No,nat-hyd-flo-riv,Natural,Hydrological,Flood,Riverine flood,,,ALB,Albania,Southern Europe,Europe,"Lezhe, Kurbin, Mirdite provinces (Lezhe prefecture), Shkoder, Malesi E Madhe, Puke provinces (Shkoder prefecture) (Northern) ; Berat, Kucove, Skrapar provinces (Berat prefecture), Tepelena, Permet, Gjirokastra provinces (Gjirokastra prefecture), Saranda province and Korca province (Southern)",Heavy rains,,Yes,Yes,Yes,1203,11920,Km2,,,Osum River,2002,9,21,2002,10,10,1,,66884,,66884,,,,,17500,29644,59.0331440786142,"[{""adm1_code"":305,""adm1_name"":""Berat""},{""adm1_code"":313,""adm1_name"":""Gjirokaster""},{""adm1_code"":318,""adm1_name"":""Korce""},{""adm1_code"":320,""adm1_name"":""Kucove""},{""adm1_code"":322,""adm1_name"":""Kurbin""},{""adm1_code"":323,""adm1_name"":""Lezhe""},{""adm1_code"":326,""adm1_name"":""Malesi E Madhe""},{""adm1_code"":329,""adm1_name"":""Mirdite""},{""adm1_code"":331,""adm1_name"":""Permet""},{""adm1_code"":333,""adm1_name"":""Puke""},{""adm1_code"":334,""adm1_name"":""Sarande""},{""adm1_code"":335,""adm1_name"":""Shkoder""},{""adm1_code"":336,""adm1_name"":""Skrapar""},{""adm1_code"":337,""adm1_name"":""Tepelene""}]",2008-01-03,2023-09-25
2002-0635-RUS,No,nat-met-sto-tro,Natural,Meteorological,Storm,Tropical cyclone,,Hygos,RUS,Russian Federation,Eastern Europe,Europe,Sakhaline Isl. (Sakhalinskaya Oblast province),,,No,No,No,,,Kph,,,,2002,10,2,2002,10,3,6,,,,,,,,,,,59.0331440786142,"[{""adm1_code"":2552,""adm1_name"":""Sakhalinskaya Oblast""}]",2005-12-20,2023-09-25
2002-0639-RUS,No,nat-met-ext-col,Natural,Meteorological,Extreme temperature,Cold wave,,,RUS,Russian Federation,Eastern Europe,Europe,Moskva province,,,No,No,No,,-50,°C,,,,2002,10,,2002,10,,242,62,25000,,25062,,,,,,,59.0331440786142,"[{""adm1_code"":2535,""adm1_name"":""Moskva""}]",2003-07-01,2023-09-25
2002-0649-ESP,No,tec-tra-wat-wat,Technological,Transport,Water,Water,,,ESP,Spain,Southern Europe,Europe,Near Barbate,,,No,No,No,,,,,,,2002,10,8,2002,10,8,12,,,,,,,,,,,59.0331440786142,,2003-07-01,2023-09-25
2002-0671-GBR,No,nat-met-sto-ext,Natural,Meteorological,Storm,Extra-tropical storm,,Jeanett,GBR,United Kingdom of Great Britain and Northern Ireland,Northern Europe,Europe,"Norfolkshire, Suffolkshire, Salop districts (England province), Oxford city (Oxfordshire district, England province), Powys district (Wales province)",,,No,No,No,,155,Kph,,,,2002,10,26,2002,10,28,7,,,,,,,250000,423491,400000,677585,59.0331440786142,"[{""adm2_code"":40122,""adm2_name"":""Norfolkshire""},{""adm2_code"":40127,""adm2_name"":""Oxfordshire""},{""adm2_code"":40128,""adm2_name"":""Salop""},{""adm2_code"":40132,""adm2_name"":""Suffolk""},{""adm2_code"":40184,""adm2_name"":""Powys""}]",2008-03-21,2023-09-25
2002-0672-BEL,No,nat-met-sto-ext,Natural,Meteorological,Storm,Extra-tropical storm,,Jeannet,BEL,Belgium,Western Europe,Europe,Antwerpen district (Vlaams Gewest province),,,No,No,No,,140,Kph,,,,2002,10,26,2002,10,28,5,,,,,,,,,5000,8470,59.0331440786142,"[{""adm2_code"":40442,""adm2_name"":""Antwerpen""}]",2008-03-21,2023-09-25
2002-0673-FRA,No,nat-met-sto-ext,Natural,Meteorological,Storm,Extra-tropical storm,,Jeanett,FRA,France,Western Europe,Europe,"Eure district (Haute-Normandie province), Manche, Calvados districts (Basse-Normandie province), Pas-de-Calais district (Nord-Pas-de-Calais province), Somme district (Picardie province), Seine-Maritime district (Haute-Normandie province), Seine-Saint-Denis district (Ile-de-France province)",,,No,No,No,,,Kph,,,,2002,10,27,2002,10,27,4,3,,,3,,,,,1000,1694,59.0331440786142,"[{""adm2_code"":16249,""adm2_name"":""Calvados""},{""adm2_code"":16250,""adm2_name"":""Manche""},{""adm2_code"":16276,""adm2_name"":""Eure""},{""adm2_code"":16277,""adm2_name"":""Seine-Maritime""},{""adm2_code"":16282,""adm2_name"":""Seine-Saint-Denis""},{""adm2_code"":16307,""adm2_name"":""Pas-de-Calais""},{""adm2_code"":16315,""adm2_name"":""Somme""}]",2003-07-01,2023-09-25
2002-0674-DEU,No,nat-met-sto-ext,Natural,Meteorological,Storm,Extra-tropical storm,,Jeannet,DEU,Germany,Western Europe,Europe,"Nordrhein-Westfalen, Hessen, Schleswig-Holstein, Niedersachsen provinces",,,No,No,No,,180,Kph,,,,2002,10,26,2002,10,26,11,,,,,,,1200000,2032756,1800000,3049135,59.0331440786142,"[{""adm1_code"":1314,""adm1_name"":""Hessen""},{""adm1_code"":1316,""adm1_name"":""Niedersachsen""},{""adm1_code"":1317,""adm1_name"":""Nordrhein-Westfalen""},{""adm1_code"":1322,""adm1_name"":""Schleswig-Holstein""}]",2008-03-21,2023-09-25
2002-0675-AUT,No,nat-met-sto-ext,Natural,Meteorological,Storm,Extra-tropical storm,,Jeannet,AUT,Austria,Western Europe,Europe,No Data from sources (all provinces of Austria have been selected),,,No,No,No,,,Kph,,,,2002,10,27,2002,10,28,2,,,,,,,,,5000,8470,59.0331440786142,"[{""adm1_code"":478,""adm1_name"":""Burgenland""},{""adm1_code"":479,""adm1_name"":""Karnten""},{""adm1_code"":480,""adm1_name"":""Niederosterreich""},{""adm1_code"":481,""adm1_name"":""Oberosterreich""},{""adm1_code"":482,""adm1_name"":""Salzburg""},{""adm1_code"":483,""adm1_name"":""Steiermark""},{""adm1_code"":484,""adm1_name"":""Tirol""},{""adm1_code"":485,""adm1_name"":""Vorarlberg""},{""adm1_code"":486,""adm1_name"":""Wien""}]",2008-03-21,2023-09-25
2002-0676-CHE,No,nat-met-sto-sto,Natural,Meteorological,Storm,Storm (General),,,CHE,Switzerland,Western Europe,Europe,"Aargau, Appenzell Ausser-rhoden, Appenzell Inner-rhoden, Basel-landschaft, Basel-stadt, Bern, Fribourg, Geneve, Glarus Graubunden Jura, Luzern, Neuchatel, Nidwalden, Obwalden, Sankt Gallen, Schaffhausen, Schwyz, Solothurn, Thurgau, Ticino, Uri, Valais Vaud Zug Zurich",,,No,No,No,,,Kph,,,,2002,10,27,2002,10,27,1,2,,,2,,,,,,,59.0331440786142,"[{""adm1_code"":2807,""adm1_name"":""Aargau""},{""adm1_code"":2808,""adm1_name"":""Appenzell Ausser-rhoden""},{""adm1_code"":2809,""adm1_name"":""Appenzell Inner-rhoden""},{""adm1_code"":2810,""adm1_name"":""Basel-landschaft""},{""adm1_code"":2811,""adm1_name"":""Basel-stadt""},{""adm1_code"":2812,""adm1_name"":""Bern""},{""adm1_code"":2813,""adm1_name"":""Fribourg""},{""adm1_code"":2814,""adm1_name"":""Geneve""},{""adm1_code"":2815,""adm1_name"":""Glarus""},{""adm1_code"":2816,""adm1_name"":""Graubunden""},{""adm1_code"":2817,""adm1_name"":""Jura""},{""adm1_code"":2818,""adm1_name"":""Luzern""},{""adm1_code"":2819,""adm1_name"":""Neuchatel""},{""adm1_code"":2820,""adm1_name"":""Nidwalden""},{""adm1_code"":2821,""adm1_name"":""Obwalden""},{""adm1_code"":2822,""adm1_name"":""Sankt Gallen""},{""adm1_code"":2823,""adm1_name"":""Schaffhausen""},{""adm1_code"":2824,""adm1_name"":""Schwyz""},{""adm1_code"":2825,""adm1_name"":""Solothurn""},{""adm1_code"":2826,""adm1_name"":""Thurgau""},{""adm1_code"":2827,""adm1_name"":""Ticino""},{""adm1_code"":2828,""adm1_name"":""Uri""},{""adm1_code"":2829,""adm1_name"":""Valais""},{""adm1_code"":2830,""adm1_name"":""Vaud""},{""adm1_code"":2831,""adm1_name"":""Zug""},{""adm1_code"":2832,""adm1_name"":""Zurich""}]",2003-07-01,2023-09-25
2002-0677-NLD,No,nat-met-sto-ext,Natural,Meteorological,Storm,Extra-tropical storm,,Jeanett,NLD,Netherlands (Kingdom of the),Western Europe,Europe,"Drenthe, Flevoland, Friesland, Gelderland, Groningen, Limburg, Noord-brabant, Noord-holland, Overijssel, Utrecht, Zeeland, Zuid-holland",,,No,No,No,,,Kph,,,,2002,10,26,2002,10,28,4,,,,,,,200000,338793,300000,508189,59.0331440786142,"[{""adm1_code"":2158,""adm1_name"":""Drenthe""},{""adm1_code"":2159,""adm1_name"":""Flevoland""},{""adm1_code"":2160,""adm1_name"":""Friesland""},{""adm1_code"":2161,""adm1_name"":""Gelderland""},{""adm1_code"":2162,""adm1_name"":""Groningen""},{""adm1_code"":2163,""adm1_name"":""Limburg""},{""adm1_code"":2164,""adm1_name"":""Noord-brabant""},{""adm1_code"":2165,""adm1_name"":""Noord-holland""},{""adm1_code"":2166,""adm1_name"":""Overijssel""},{""adm1_code"":2167,""adm1_name"":""Utrecht""},{""adm1_code"":2168,""adm1_name"":""Zeeland""},{""adm1_code"":2169,""adm1_name"":""Zuid-holland""}]",2008-03-21,2023-09-25
2002-0678-CZE,No,nat-met-sto-ext,Natural,Meteorological,Storm,Extra-tropical storm,,Jeannet,CZE,Czechia,Eastern Europe,Europe,"Zapadocesky, Severocesky, Stredocesky, Jihocesky, Jihomoravsky, Praha, Severomoravsky, Vychodocesky provinces",,,No,No,No,,,Kph,,,,2002,10,26,2002,10,28,2,,,,,,,10000,16940,20000,33879,59.0331440786142,"[{""adm1_code"":1030,""adm1_name"":""Jihocesky""},{""adm1_code"":1031,""adm1_name"":""Jihomoravsky""},{""adm1_code"":1032,""adm1_name"":""Praha""},{""adm1_code"":1033,""adm1_name"":""Severocesky""},{""adm1_code"":1034,""adm1_name"":""Severomoravsky""},{""adm1_code"":1035,""adm1_name"":""Stredocesky""},{""adm1_code"":1036,""adm1_name"":""Vychodocesky""},{""adm1_code"":1037,""adm1_name"":""Zapadocesky""}]",2008-03-21,2023-09-25
2002-0678-POL,No,nat-met-sto-ext,Natural,Meteorological,Storm,Extra-tropical storm,,Jeannet,POL,Poland,Eastern Europe,Europe,"Dolnoslaskie, Kujawsko-Pomorskie, Lodzkie, Lubeiskie, Lubuskie, Malopolske, Mazowieckie, Opolskie, Podkarpackie, Podlaskie, Pomorskie, Slaskie, Swietokrzyskie, Warminsko-Mazurskie, Wielkopolskie, Zachodnio-Pomorskie provinces",,,No,No,No,,100,Kph,,,,2002,10,27,2002,10,27,3,,,,,,,,,50,85,59.0331440786142,"[{""adm1_code"":2370,""adm1_name"":""Dolnoslaskie""},{""adm1_code"":2371,""adm1_name"":""Kujawsko-Pomorskie""},{""adm1_code"":2372,""adm1_name"":""Lodzkie""},{""adm1_code"":2373,""adm1_name"":""Lubeiskie""},{""adm1_code"":2374,""adm1_name"":""Lubuskie""},{""adm1_code"":2375,""adm1_name"":""Malopolske""},{""adm1_code"":2376,""adm1_name"":""Mazowieckie""},{""adm1_code"":2377,""adm1_name"":""Opolskie""},{""adm1_code"":2378,""adm1_name"":""Podkarpackie""},{""adm1_code"":2379,""adm1_name"":""Podlaskie""},{""adm1_code"":2380,""adm1_name"":""Pomorskie""},{""adm1_code"":2381,""adm1_name"":""Slaskie""},{""adm1_code"":2382,""adm1_name"":""Swietokrzyskie""},{""adm1_code"":2383,""adm1_name"":""Warminsko-Mazurskie""},{""adm1_code"":2384,""adm1_name"":""Wielkopolskie""},{""adm1_code"":2385,""adm1_name"":""Zachodnio-Pomorskie""}]",2008-03-21,2023-09-25
2002-0680-ITA,No,nat-geo-ear-gro,Natural,Geophysical,Earthquake,Ground movement,USGS:usp000bfkj,,ITA,Italy,Southern Europe,Europe,"Zafferana Etnea, Giarre, Santa Venerina towns (Catania Province, Sicilia Region)",,,No,No,No,,4.3,Moment Magnitude,37.67,15.267,,2002,10,29,2002,10,29,,9,,1000,1009,,,,,,,59.0331440786142,"[{""adm2_code"":18392,""adm2_name"":""Catania""}]",2003-09-02,2023-09-25
2002-0681-DNK,No,nat-met-sto-sev,Natural,Meteorological,Storm,Severe weather,,,DNK,Denmark,Northern Europe,Europe,Varde district (Ribe province),,,No,No,No,,,Kph,,,,2002,10,27,2002,10,27,1,,,,,,,,,,,59.0331440786142,"[{""adm2_code"":15114,""adm2_name"":""Varde""}]",2003-07-01,2023-09-25
2002-0682-SWE,No,nat-met-sto-sev,Natural,Meteorological,Storm,Severe weather,,,SWE,Sweden,Northern Europe,Europe,"Blekinge Laen, Dalarnas Laen, Gaevleborgs Laen, Gotlands Laen, Hallands Laen, Jaemtlands Laen, Joenkoepings Laen, Kalmar Laen, Kronobergs Laen, Norrbottens Laen, Oerebro Laen, Oestergoetlands Laen, Skaane Laen, Soedermanlands Laen, Stockholms Laen, Uppsala Laen, Vaermlands Laen, Vaesterbottens Laen, Vaesternorrlands Laen, Vaestmanlands Laen, Vaestra Goetalands Laen provinces",,,No,No,No,,,Kph,,,,2002,10,27,2002,10,27,1,,,,,,,,,,,59.0331440786142,"[{""adm1_code"":2786,""adm1_name"":""Blekinge Laen""},{""adm1_code"":2787,""adm1_name"":""Dalarnas Laen""},{""adm1_code"":2788,""adm1_name"":""Gaevleborgs Laen""},{""adm1_code"":2789,""adm1_name"":""Gotlands Laen""},{""adm1_code"":2790,""adm1_name"":""Hallands Laen""},{""adm1_code"":2791,""adm1_name"":""Jaemtlands Laen""},{""adm1_code"":2792,""adm1_name"":""Joenkoepings Laen""},{""adm1_code"":2793,""adm1_name"":""Kalmar Laen""},{""adm1_code"":2794,""adm1_name"":""Kronobergs Laen""},{""adm1_code"":2795,""adm1_name"":""Norrbottens Laen""},{""adm1_code"":2796,""adm1_name"":""Oerebro Laen""},{""adm1_code"":2797,""adm1_name"":""Oestergoetlands Laen""},{""adm1_code"":2798,""adm1_name"":""Skaane Laen""},{""adm1_code"":2799,""adm1_name"":""Soedermanlands Laen""},{""adm1_code"":2800,""adm1_name"":""Stockholms Laen""},{""adm1_code"":2801,""adm1_name"":""Uppsala Laen""},{""adm1_code"":2802,""adm1_name"":""Vaermlands Laen""},{""adm1_code"":2803,""adm1_name"":""Vaesterbottens Laen""},{""adm1_code"":2804,""adm1_name"":""Vaesternorrlands Laen""},{""adm1_code"":2805,""adm1_name"":""Vaestmanlands Laen""},{""adm1_code"":2806,""adm1_name"":""Vaestra Goetalands Laen""}]",2010-08-05,2023-09-25
2002-0690-ITA,No,nat-geo-ear-gro,Natural,Geophysical,Earthquake,Ground movement,USGS:usp000bfqg,,ITA,Italy,Southern Europe,Europe,"San Guliano di Puglia town (Campobasso province, Molise region)",,"Slide (land, mud, snow, rock)",No,No,No,,5.9,Moment Magnitude,41.789,14.872,,2002,10,31,2002,10,31,30,33,,8500,8533,,,,,796000,1348395,59.0331440786142,"[{""adm2_code"":18371,""adm2_name"":""Campobasso""}]",2003-09-02,2023-09-25
2002-0694-GRC,No,nat-hyd-flo-riv,Natural,Hydrological,Flood,Riverine flood,,,GRC,Greece,Southern Europe,Europe,"Athènes city (Attikis district, Attiki province)",,,No,No,No,,,Km2,,,,2002,11,7,2002,11,7,,,210,,210,,,,,,,59.0331440786142,"[{""adm2_code"":16680,""adm2_name"":""Attikis""}]",2003-07-01,2023-09-25
2002-0696-LUX,No,tec-tra-air-air,Technological,Transport,Air,Air,,Fokker 50,LUX,Luxembourg,Western Europe,Europe,,,,No,No,No,,,,,,,2002,11,6,2002,11,6,20,,,,,,,,,,,59.0331440786142,,2003-07-01,2023-09-25
2002-0706-AUT,No,nat-met-sto-sto,Natural,Meteorological,Storm,Storm (General),,,AUT,Austria,Western Europe,Europe,Salzbourg region,,,No,No,No,,160,Kph,,,,2002,11,14,2002,11,14,1,,300,,300,,,,,,,59.0331440786142,"[{""adm1_code"":482,""adm1_name"":""Salzburg""}]",2003-07-01,2023-09-25
2002-0709-ESP,No,tec-ind-ind-ind,Technological,Industrial accident,Industrial accident (General),Industrial accident (General),,,ESP,Spain,Southern Europe,Europe,Galicia,,Oil spill,No,No,No,,,m3,,,,2002,11,13,2002,11,17,,,734,,734,,,,,9960407,16872567,59.0331440786142,,2006-08-17,2023-09-25
2002-0712-FRA,No,nat-met-sto-sto,Natural,Meteorological,Storm,Storm (General),,,FRA,France,Western Europe,Europe,"Var, Vaucluse districts (Provence-Alpes-Cote-d'Azure province)",,,No,No,No,,,Kph,,,,2002,11,18,2002,11,18,1,,250,,250,,,,,,,59.0331440786142,"[{""adm2_code"":16324,""adm2_name"":""Var""},{""adm2_code"":16325,""adm2_name"":""Vaucluse""}]",2003-07-01,2023-09-25
2002-0730-FRA,No,tec-tra-rai-rai,Technological,Transport,Rail,Rail,,,FRA,France,Western Europe,Europe,Near Nancy,,,No,No,No,,,,,,,2002,11,6,2002,11,6,12,9,,,9,,,,,,,59.0331440786142,,2004-08-06,2023-09-25
2002-0740-ITA,No,nat-hyd-flo-riv,Natural,Hydrological,Flood,Riverine flood,,,ITA,Italy,Southern Europe,Europe,"Trentino-alto Adige province, Genova district (Liguria province), Milano, Mantova, Como, Varese districts (Lombardia province), Torino, Biella, Verbania districts (Piemonte province), Venezia district (Veneto province), Trieste, Pordedone districts (Friuli-venezia Giulia province), Bologna district (Emilia-romagna province).",Heavy rain,"Slide (land, mud, snow, rock)",No,No,No,,29900,Km2,,,"Noncello. Po, Lambo",2002,11,22,2002,12,3,2,,10000,,10000,,,20000,33879,350000,592887,59.0331440786142,"[{""adm1_code"":1632,""adm1_name"":""Trentino-alto Adige""},{""adm2_code"":18334,""adm2_name"":""Bologna""},{""adm2_code"":18344,""adm2_name"":""Pordenone""},{""adm2_code"":18345,""adm2_name"":""Trieste""},{""adm2_code"":18352,""adm2_name"":""Genova""},{""adm2_code"":18358,""adm2_name"":""Como""},{""adm2_code"":18362,""adm2_name"":""Mantova""},{""adm2_code"":18363,""adm2_name"":""Milano""},{""adm2_code"":18366,""adm2_name"":""Varese""},{""adm2_code"":18375,""adm2_name"":""Biella""},{""adm2_code"":18378,""adm2_name"":""Torino""},{""adm2_code"":18379,""adm2_name"":""Verbania""},{""adm2_code"":18418,""adm2_name"":""Venezia""}]",2008-03-22,2023-09-25
2002-0743-CHE,No,nat-hyd-mmw-mud,Natural,Hydrological,Mass movement (wet),Mudslide,,,CHE,Switzerland,Western Europe,Europe,"Graubunden, Uri, Ticino, Geneve, Vaud Provinces",,"Slide (land, mud, snow, rock)",No,No,Yes,,,,,,,2002,11,14,2002,11,14,1,,231,,231,,,30000,50819,180000,304913,59.0331440786142,"[{""adm1_code"":2814,""adm1_name"":""Geneve""},{""adm1_code"":2816,""adm1_name"":""Graubunden""},{""adm1_code"":2827,""adm1_name"":""Ticino""},{""adm1_code"":2828,""adm1_name"":""Uri""},{""adm1_code"":2830,""adm1_name"":""Vaud""}]",2008-03-22,2023-09-25
2002-0754-POL,No,nat-met-ext-col,Natural,Meteorological,Extreme temperature,Cold wave,,,POL,Poland,Eastern Europe,Europe,"Lodzkie, Lubeiskie, Mazowieckie, Podlaskie, Swietokrzyskie, Warminsko-Mazurskie provinces",,,No,No,No,,-25,°C,,,,2002,10,,2003,1,,183,,,,,,,,,,,59.0331440786142,"[{""adm1_code"":2372,""adm1_name"":""Lodzkie""},{""adm1_code"":2373,""adm1_name"":""Lubeiskie""},{""adm1_code"":2376,""adm1_name"":""Mazowieckie""},{""adm1_code"":2379,""adm1_name"":""Podlaskie""},{""adm1_code"":2382,""adm1_name"":""Swietokrzyskie""},{""adm1_code"":2383,""adm1_name"":""Warminsko-Mazurskie""}]",2003-07-01,2023-09-25
2002-0757-GRC,No,nat-geo-ear-gro,Natural,Geophysical,Earthquake,Ground movement,USGS:usp000bjwy,,GRC,Greece,Southern Europe,Europe,"Vartholomio city (Ileias district, Dytiki Ellada province)",,,No,No,No,,5.7,Moment Magnitude,37.747,21.087,,2002,12,2,2002,12,2,,17,150,,167,,,,,,,59.0331440786142,"[{""adm2_code"":16683,""adm2_name"":""Ileias""}]",2005-06-27,2023-09-25
2002-0764-GRC,No,nat-hyd-flo-riv,Natural,Hydrological,Flood,Riverine flood,,,GRC,Greece,Southern Europe,Europe,"Katerini village (Pierias district, Kentriki Makedonia province), Katerini county (Pierias district, Kentriki Makedonia province), Larisis district (Thessalia province)",Heavy rain,,No,No,No,,,Km2,,,,2002,12,6,2002,12,10,,,,,,,,,,,,59.0331440786142,"[{""adm2_code"":16701,""adm2_name"":""Pierias""},{""adm2_code"":16721,""adm2_name"":""Larisis""}]",2005-09-26,2023-09-25
2002-0767-ROU,No,nat-met-ext-col,Natural,Meteorological,Extreme temperature,Cold wave,,,ROU,Romania,Eastern Europe,Europe,"Bucuresti, Iasi, Cluj, Bihor provinces",,,No,No,No,,-11,°C,,,,2002,12,7,2002,12,7,10,,,,,,,,,,,59.0331440786142,"[{""adm1_code"":2450,""adm1_name"":""Bihor""},{""adm1_code"":2455,""adm1_name"":""Bucuresti""},{""adm1_code"":2459,""adm1_name"":""Cluj""},{""adm1_code"":2470,""adm1_name"":""Iasi""}]",2003-07-01,2023-09-25
2002-0771-MKD,No,nat-bio-epi-dis,Natural,Biological,Epidemic,Infectious disease (General),,Unknown,MKD,North Macedonia,Southern Europe,Europe,Kumanavo,,,No,No,No,,,Vaccinated,,,,2002,11,30,2002,11,30,,,200,,200,,,,,,,59.0331440786142,,2003-07-01,2023-09-25
2002-0773-IRL,No,nat-hyd-flo-riv,Natural,Hydrological,Flood,Riverine flood,,,IRL,Ireland,Northern Europe,Europe,"Kildare, Waterford, Wicklow provinces; Dunboyne, Clonee cities (Meath province), Blackwater, Gorey cities (Wexford province), Blanchardstown, Dublin, Mulhuddart cities (Dublin province)",Heavy rain,,No,No,No,,,Km2,,,Tolka,2002,11,14,2002,11,25,,,300,,300,,,,,,,59.0331440786142,"[{""adm1_code"":1587,""adm1_name"":""Dublin""},{""adm1_code"":1590,""adm1_name"":""Kildare""},{""adm1_code"":1598,""adm1_name"":""Meath""},{""adm1_code"":1605,""adm1_name"":""Waterford""},{""adm1_code"":1607,""adm1_name"":""Wexford""},{""adm1_code"":1608,""adm1_name"":""Wicklow""}]",2005-09-26,2023-09-25
2002-0774-GBR,No,nat-hyd-flo-riv,Natural,Hydrological,Flood,Riverine flood,,,GBR,United Kingdom of Great Britain and Northern Ireland,Northern Europe,Europe,"Elgin, Forres, Rothes, Craigellachie, Dufftown, Aberdeen towns,, Grampian district, Scotland province), Tayside district (Scotland province), Devonshire and Cornwall districts (England province)",Heavy rain,,No,No,No,,,Km2,,,"Lossie, Mosset Burn, Divvie, Spey, South Esk, Dee, Isla, Rivers: Exe, Stennac, Middle and Lower River Stour",2002,11,14,2002,11,25,,,300,,300,,,,,,,59.0331440786142,"[{""adm2_code"":40101,""adm2_name"":""Cornwall""},{""adm2_code"":40104,""adm2_name"":""Devonshire""},{""adm2_code"":40171,""adm2_name"":""Grampian""},{""adm2_code"":40177,""adm2_name"":""Tayside""}]",2005-09-26,2023-09-25
2002-0777-GRC,No,nat-hyd-flo-flo,Natural,Hydrological,Flood,Flood (General),,,GRC,Greece,Southern Europe,Europe,"Laganas, Ambelaki, Kalamaki village (Zante island, Zakynthou district, Ionioi Nisoi),",,,No,No,No,,,Km2,,,,2002,12,13,2002,12,13,,,180,,180,,,,,,,59.0331440786142,"[{""adm2_code"":16691,""adm2_name"":""Zakynthou""}]",2003-07-01,2023-09-25
2002-0782-MKD,No,nat-hyd-flo-riv,Natural,Hydrological,Flood,Riverine flood,,,MKD,North Macedonia,Southern Europe,Europe,Suto Orizari districts (Skopje province),Heavy rain,,No,No,No,,,Km2,,,Vardar,2002,12,6,2002,12,10,,,1500,150,1650,,,,,,,59.0331440786142,"[{""adm2_code"":27283,""adm2_name"":""Suto Orizari""}]",2005-09-26,2023-09-25
2002-0797-GRC,No,tec-tra-wat-wat,Technological,Transport,Water,Water,,,GRC,Greece,Southern Europe,Europe,Eubée,,,No,No,No,,,,,,,2002,12,19,2002,12,19,12,,,,,,,,,,,59.0331440786142,,2003-07-01,2023-09-25
2002-0806-GRC,No,nat-hyd-flo-riv,Natural,Hydrological,Flood,Riverine flood,,,GRC,Greece,Southern Europe,Europe,"Kassos Isl. (Dodekanisou district, Notio Aigaio province)",,,No,No,No,,,Km2,,,,2002,12,27,2002,12,27,,,,,,,,,,,,59.0331440786142,"[{""adm2_code"":16708,""adm2_name"":""Dodekanisou""}]",2003-07-01,2023-09-25
2002-0879-ESP,No,nat-hyd-flo-fla,Natural,Hydrological,Flood,Flash flood,,,ESP,Spain,Southern Europe,Europe,Santa Cruz de Tenerife district (Canarias province),,"Slide (land, mud, snow, rock)",No,No,No,,,Km2,,,,2002,3,31,2002,4,1,6,50,,,50,,,,,87000,147375,59.0331440786142,"[{""adm2_code"":25790,""adm2_name"":""Santa Cruz de Tenerife""}]",2006-07-20,2023-09-25
2002-0882-ITA,No,nat-geo-ear-gro,Natural,Geophysical,Earthquake,Ground movement,USGS:usp000bbb2,,ITA,Italy,Southern Europe,Europe,Palermo Province (Sicilia Region),,,No,No,No,,6,Moment Magnitude,38.381,13.701,,2002,9,6,2002,9,6,2,,,,,,,,,500000,846982,59.0331440786142,"[{""adm2_code"":18395,""adm2_name"":""Palermo""}]",2008-05-08,2023-09-25
2002-9298-ITA,No,nat-cli-dro-dro,Natural,Climatological,Drought,Drought,,,ITA,Italy,Southern Europe,Europe,"Sicilia, Basilicata, Puglia, Sardegna provinces",Lack of rain,,No,No,Yes,,,Km2,,,,2002,5,,2002,,,,,,,,,,,,,,59.0331440786142,"[{""adm1_code"":1617,""adm1_name"":""Basilicata""},{""adm1_code"":1628,""adm1_name"":""Puglia""},{""adm1_code"":1629,""adm1_name"":""Sardegna""},{""adm1_code"":1630,""adm1_name"":""Sicilia""}]",2006-02-22,2023-09-25
2003-0001-BEL,No,nat-hyd-flo-riv,Natural,Hydrological,Flood,Riverine flood,,,BEL,Belgium,Western Europe,Europe,"Geraardsbergen, Ghent cities (Oost-Vlaanderen district, Vlaams Gewest province), towns and villages southwest of Brussels (Region de Bruxelles-Capitale province)",Heavy Rains,,No,No,No,,,Km2,,,"Meuse, Dender",2003,1,1,2003,1,8,,,,,,,,,,,,60.3732510662594,"[{""adm2_code"":5844,""adm2_name"":""Area without administration at 2nd level""},{""adm2_code"":5846,""adm2_name"":""Oost-Vlaanderen""}]",2004-01-19,2024-10-25
2003-0001-FRA,No,nat-hyd-flo-riv,Natural,Hydrological,Flood,Riverine flood,,,FRA,France,Western Europe,Europe,"Lisieux city (Calvados district, Basse-Normandie province) ; Ardennes district (Champagne-Ardenne province), Oise, Aisnes districts (Picardie province)",Heavy rains,,No,No,No,,,Km2,,,"Seine, Oise, Aisnes",2003,1,1,2003,1,8,1,,,,,,,,,,,60.3732510662594,"[{""adm2_code"":16249,""adm2_name"":""Calvados""},{""adm2_code"":16266,""adm2_name"":""Ardennes""},{""adm2_code"":16313,""adm2_name"":""Aisne""},{""adm2_code"":16314,""adm2_name"":""Oise""}]",2004-01-19,2024-10-25
2003-0001-PRT,No,nat-hyd-flo-riv,Natural,Hydrological,Flood,Riverine flood,,,PRT,Portugal,Southern Europe,Europe,"Agueda, Anadia, Mealhada, Oliveira do Bairro districts (Aveiro province)",Heavy rains,"Slide (land, mud, snow, rock)",No,No,No,,,Km2,,,"Agueda, Douro",2003,1,1,2003,1,8,,,36,,36,,,,,,,60.3732510662594,"[{""adm2_code"":24657,""adm2_name"":""Agueda""},{""adm2_code"":24659,""adm2_name"":""Anadia""},{""adm2_code"":24666,""adm2_name"":""Mealhada""},{""adm2_code"":24669,""adm2_name"":""Oliveira Do Bairro""}]",2004-01-19,2024-10-25
2003-0001-ROU,No,nat-hyd-flo-riv,Natural,Hydrological,Flood,Riverine flood,,,ROU,Romania,Eastern Europe,Europe,Poiana Teiului municipality (Neamt province),Heavy rains,,No,No,No,,,Km2,,,Bistrita,2003,1,1,2003,1,8,,,,,,,,,,,,60.3732510662594,"[{""adm1_code"":2474,""adm1_name"":""Neamt""}]",2004-01-19,2024-10-25
2003-0003-CHE,No,nat-met-sto-ext,Natural,Meteorological,Storm,Extra-tropical storm,,Calvann,CHE,Switzerland,Western Europe,Europe,"Bern, Zurich, Jura provinces",,,No,No,No,,163,Kph,,,,2003,1,2,2003,1,3,,7,,,7,,,,,5000,8282,60.3732510662594,"[{""adm1_code"":2812,""adm1_name"":""Bern""},{""adm1_code"":2817,""adm1_name"":""Jura""},{""adm1_code"":2832,""adm1_name"":""Zurich""}]",2007-04-16,2023-09-25
2003-0003-DEU,No,nat-met-sto-ext,Natural,Meteorological,Storm,Extra-tropical storm,,Calvann,DEU,Germany,Western Europe,Europe,"Baden-Wuerttemberg, Bayern, Berlin, Brandenburg, Bremen, Hamburg, Hessen, Mecklenburg-Vorpommern, Niedersachsen, Nordrhein-Westfalen, Rheinland-Pfalz, Saarland, Sachsen, Sachsen-Anhalt, Schleswig-Holstein, Thueringen provinces",,,No,No,No,,,Kph,,,,2003,1,2,2003,1,2,5,,,,,,,100000,165636,300000,496909,60.3732510662594,"[{""adm1_code"":1308,""adm1_name"":""Baden-Wuerttemberg""},{""adm1_code"":1309,""adm1_name"":""Bayern""},{""adm1_code"":1310,""adm1_name"":""Berlin""},{""adm1_code"":1311,""adm1_name"":""Brandenburg""},{""adm1_code"":1312,""adm1_name"":""Bremen""},{""adm1_code"":1313,""adm1_name"":""Hamburg""},{""adm1_code"":1314,""adm1_name"":""Hessen""},{""adm1_code"":1315,""adm1_name"":""Mecklenburg-Vorpommern""},{""adm1_code"":1316,""adm1_name"":""Niedersachsen""},{""adm1_code"":1317,""adm1_name"":""Nordrhein-Westfalen""},{""adm1_code"":1318,""adm1_name"":""Rheinland-Pfalz""},{""adm1_code"":1319,""adm1_name"":""Saarland""},{""adm1_code"":1320,""adm1_name"":""Sachsen""},{""adm1_code"":1321,""adm1_name"":""Sachsen-Anhalt""},{""adm1_code"":1322,""adm1_name"":""Schleswig-Holstein""},{""adm1_code"":1323,""adm1_name"":""Thueringen""}]",2007-04-16,2023-09-25
2003-0003-FRA,No,nat-met-sto-ext,Natural,Meteorological,Storm,Extra-tropical storm,,Calvann,FRA,France,Western Europe,Europe,"Alsace, Champagne-Ardenne, Franche-Comte, Lorraine provinces (Nord-East region)",,,No,No,No,,,Kph,,,,2003,1,2,2003,1,3,1,,,,,,,,,50,83,60.3732510662594,"[{""adm1_code"":1248,""adm1_name"":""Alsace""},{""adm1_code"":1255,""adm1_name"":""Champagne-Ardenne""},{""adm1_code"":1257,""adm1_name"":""Franche-Comte""},{""adm1_code"":1263,""adm1_name"":""Lorraine""}]",2007-04-16,2023-09-25
2003-0022-LVA,No,nat-met-ext-col,Natural,Meteorological,Extreme temperature,Cold wave,,,LVA,Latvia,Northern Europe,Europe,Rigas province,,,No,No,No,,-37,°C,,,,2003,1,,2003,1,,15,,,,,,,,,,,60.3732510662594,"[{""adm1_code"":1790,""adm1_name"":""Rigas""}]",2003-08-11,2023-09-25
2003-0033-MKD,No,nat-hyd-flo-riv,Natural,Hydrological,Flood,Riverine flood,,,MKD,North Macedonia,Southern Europe,Europe,"Suto Orizarei, Centar districts (Skopje province) ; Soredorek, Bavci, Kumanavo cities (Kumanavo district, Kumanavo province), Veles city (Veles district, Veles province)",Heavy rains,"Slide (land, mud, snow, rock)",No,No,No,,880,Km2,,,"Konjarka, Lipkovska, Vradar",2003,1,8,2003,1,10,2,,4000,,4000,,,,,,,60.3732510662594,"[{""adm2_code"":27248,""adm2_name"":""Kumanovo""},{""adm2_code"":27271,""adm2_name"":""Centar""},{""adm2_code"":27283,""adm2_name"":""Suto Orizari""},{""adm2_code"":27316,""adm2_name"":""Veles""}]",2004-01-20,2023-09-25
2003-0043-ITA,No,nat-hyd-flo-riv,Natural,Hydrological,Flood,Riverine flood,,,ITA,Italy,Southern Europe,Europe,"Pescara, Chieti districts (Abruzzi province), Foggia district (Puglia province), Potenza district (Basilicata province), Agnone, Bagnoli del Trigno towns (Isernia district, Molisse province), Termoli, Lupara, Petacciato, Fossalto, Mafalda, San Giacomo degli Schiavoni,Santa Croce di Magliano, Tavenna, Toro et Trivento (Campobasso district, Molisse province)",Hevay rain,"Slide (land, mud, snow, rock)",No,No,No,,28760,Km2,,,,2003,1,25,2003,1,27,1,,1000,,1000,,,100000,165636,150000,248454,60.3732510662594,"[{""adm2_code"":18317,""adm2_name"":""Chieti""},{""adm2_code"":18319,""adm2_name"":""Pescara""},{""adm2_code"":18322,""adm2_name"":""Potenza""},{""adm2_code"":18371,""adm2_name"":""Campobasso""},{""adm2_code"":18372,""adm2_name"":""Isernia""},{""adm2_code"":18383,""adm2_name"":""Foggia""}]",2004-03-09,2023-09-25
2003-0044-GRC,No,nat-hyd-flo-riv,Natural,Hydrological,Flood,Riverine flood,,,GRC,Greece,Southern Europe,Europe,"Oropos, Marathon, Halkoutsi, Aguistri Isl. (Attikis district), Dilesi (Voiotias district, Sterea Ellada province), Kardista department (Karditsis district, Thessalia province)",Heavy rains,,No,No,Yes,,,Km2,,,,2003,1,25,2003,1,25,,,450,,450,,,,,,,60.3732510662594,"[{""adm2_code"":16680,""adm2_name"":""Attikis""},{""adm2_code"":16719,""adm2_name"":""Voiotias""},{""adm2_code"":16720,""adm2_name"":""Karditsis""}]",2003-08-29,2023-09-25
2003-0048-ROU,No,nat-hyd-flo-fla,Natural,Hydrological,Flood,Flash flood,,,ROU,Romania,Eastern Europe,Europe,"Alba, Arad, Arges, Bacau, Bihor, Bistrita-nasaud, Botosani, Braila, Brasov, Bucuresti, Buzau, Calarasi, Caras-severin, Cluj, Constanta, Covasna, Dimbovita, Dolj, Galati, Giurgiu, Gorj, Harghita, Hunedoara, Ialomita, Iasi, Maramures, Mehedinti, Mures, Neamt, Olt, Prahova, Salaj, Satu Mare, Sibiu, Suceava, Teleorman, Timis, Tulcea, Vaslui, Vilcea, Vrancea provinces",Melting snow,,No,No,No,,,Km2,,,,2003,1,2,2003,1,2,3,,,600,600,,,,,,,60.3732510662594,"[{""adm1_code"":2446,""adm1_name"":""Alba""},{""adm1_code"":2447,""adm1_name"":""Arad""},{""adm1_code"":2448,""adm1_name"":""Arges""},{""adm1_code"":2449,""adm1_name"":""Bacau""},{""adm1_code"":2450,""adm1_name"":""Bihor""},{""adm1_code"":2451,""adm1_name"":""Bistrita-nasaud""},{""adm1_code"":2452,""adm1_name"":""Botosani""},{""adm1_code"":2453,""adm1_name"":""Braila""},{""adm1_code"":2454,""adm1_name"":""Brasov""},{""adm1_code"":2455,""adm1_name"":""Bucuresti""},{""adm1_code"":2456,""adm1_name"":""Buzau""},{""adm1_code"":2457,""adm1_name"":""Calarasi""},{""adm1_code"":2458,""adm1_name"":""Caras-severin""},{""adm1_code"":2459,""adm1_name"":""Cluj""},{""adm1_code"":2460,""adm1_name"":""Constanta""},{""adm1_code"":2461,""adm1_name"":""Covasna""},{""adm1_code"":2462,""adm1_name"":""Dimbovita""},{""adm1_code"":2463,""adm1_name"":""Dolj""},{""adm1_code"":2464,""adm1_name"":""Galati""},{""adm1_code"":2465,""adm1_name"":""Giurgiu""},{""adm1_code"":2466,""adm1_name"":""Gorj""},{""adm1_code"":2467,""adm1_name"":""Harghita""},{""adm1_code"":2468,""adm1_name"":""Hunedoara""},{""adm1_code"":2469,""adm1_name"":""Ialomita""},{""adm1_code"":2470,""adm1_name"":""Iasi""},{""adm1_code"":2471,""adm1_name"":""Maramures""},{""adm1_code"":2472,""adm1_name"":""Mehedinti""},{""adm1_code"":2473,""adm1_name"":""Mures""},{""adm1_code"":2474,""adm1_name"":""Neamt""},{""adm1_code"":2475,""adm1_name"":""Olt""},{""adm1_code"":2476,""adm1_name"":""Prahova""},{""adm1_code"":2477,""adm1_name"":""Salaj""},{""adm1_code"":2478,""adm1_name"":""Satu Mare""},{""adm1_code"":2479,""adm1_name"":""Sibiu""},{""adm1_code"":2480,""adm1_name"":""Suceava""},{""adm1_code"":2481,""adm1_name"":""Teleorman""},{""adm1_code"":2482,""adm1_name"":""Timis""},{""adm1_code"":2483,""adm1_name"":""Tulcea""},{""adm1_code"":2484,""adm1_name"":""Vaslui""},{""adm1_code"":2485,""adm1_name"":""Vilcea""},{""adm1_code"":2486,""adm1_name"":""Vrancea""}]",2004-01-20,2023-09-25
2003-0097-GRC,No,nat-hyd-flo-riv,Natural,Hydrological,Flood,Riverine flood,,,GRC,Greece,Southern Europe,Europe,"Achaias, Ileias districts (Dytiki Ellada province)",Heavy rains,"Slide (land, mud, snow, rock)",No,No,Yes,,,Km2,,,,2003,2,2,2003,2,2,,,,,,,,,,600000,993818,60.3732510662594,"[{""adm2_code"":16681,""adm2_name"":""Achaias""},{""adm2_code"":16683,""adm2_name"":""Ileias""}]",2003-08-29,2023-09-25
2003-0103-GRC,No,tec-tra-roa-roa,Technological,Transport,Road,Road,,,GRC,Greece,Southern Europe,Europe,"Aliakmonas river, near Salonique",,,No,No,No,,,,,,,2003,2,23,2003,2,23,16,10,,,10,,,,,,,60.3732510662594,,2003-08-29,2023-09-25
2003-0112-RUS,No,tec-tra-air-air,Technological,Transport,Air,Air,,L-410,RUS,Russian Federation,Eastern Europe,Europe,Near Tver,,,No,No,No,,,,,,,2003,3,1,2003,3,1,11,14,,,14,,,,,,,60.3732510662594,,2003-10-02,2023-09-25
2003-0117-GRC,No,nat-hyd-flo-riv,Natural,Hydrological,Flood,Riverine flood,,,GRC,Greece,Southern Europe,Europe,"Aegean Islands in Anatoliki Makedonia Kai Thraki, Sterea Ellada, Thessalia, Voreio Aigaio and Notio Aigaio provinces","Heavy snow, low temperatures, heavy rains",,No,No,Yes,,,Km2,,,,2003,2,19,2003,2,19,,,,,,,,,,,,60.3732510662594,"[{""adm1_code"":1336,""adm1_name"":""Anatoliki Makedonia Kai Thraki""},{""adm1_code"":1346,""adm1_name"":""Sterea Ellada""},{""adm1_code"":1347,""adm1_name"":""Thessalia""},{""adm1_code"":1348,""adm1_name"":""Voreio Aigaio""},{""adm1_code"":40766,""adm1_name"":""Notio Aigaio""}]",2004-01-21,2023-09-25
2003-0122-CZE,No,tec-tra-roa-roa,Technological,Transport,Road,Road,,,CZE,Czechia,Eastern Europe,Europe,Near Kaplice (Bohême du Sud),,,No,No,No,,,,,,,2003,3,8,2003,3,8,19,35,,,35,,,,,,,60.3732510662594,,2003-10-03,2023-09-25
2003-0129-UKR,No,nat-hyd-flo-riv,Natural,Hydrological,Flood,Riverine flood,,,UKR,Ukraine,Eastern Europe,Europe,L'vivs'ka province,"Heavy rains, melting snow",,No,No,No,,,Km2,,,,2003,3,12,2003,3,12,,,600,,600,,,,,,,60.3732510662594,"[{""adm1_code"":3160,""adm1_name"":""L'vivs'ka""}]",2004-01-21,2023-09-25
2003-0131-ITA,No,tec-tra-roa-roa,Technological,Transport,Road,Road,,,ITA,Italy,Southern Europe,Europe,North - Between Cessalto and Noventa di Piave,,,No,No,No,,,,,,,2003,3,13,2003,3,13,13,80,,,80,,,,,,,60.3732510662594,,2003-08-13,2023-09-25
2003-0163-RUS,No,tec-mis-fir-fir,Technological,Miscellaneous accident,Fire (Miscellaneous),Fire (Miscellaneous),,School,RUS,Russian Federation,Eastern Europe,Europe,Sydybyl (Yakuitia),,,No,No,No,,,,,,,2003,4,7,2003,4,7,22,39,,,39,,,,,,,60.3732510662594,,2004-02-13,2023-09-25
2003-0171-RUS,No,tec-mis-fir-fir,Technological,Miscellaneous accident,Fire (Miscellaneous),Fire (Miscellaneous),,Pensionnat,RUS,Russian Federation,Eastern Europe,Europe,Makhatchkala (Daguestan),,,No,No,No,,,,,,,2003,4,10,2003,4,10,28,113,,,113,,,,,,,60.3732510662594,,2003-10-07,2023-09-25
2003-0174-GRC,No,tec-tra-roa-roa,Technological,Transport,Road,Road,,,GRC,Greece,Southern Europe,Europe,Near Tembi,,,No,No,No,,,,,,,2003,4,13,2003,4,13,21,30,,,30,,,,,,,60.3732510662594,,2003-08-29,2023-09-25
2003-0184-ITA,No,nat-geo-ear-gro,Natural,Geophysical,Earthquake,Ground movement,USGS:usp000buxn,,ITA,Italy,Southern Europe,Europe,Alessandria Province (Piemonte Region),,"Slide (land, mud, snow, rock)",No,No,No,,5,Moment Magnitude,44.792,8.892,,2003,4,11,2003,4,11,,2,230,,232,,,,,561352,929803,60.3732510662594,"[{""adm2_code"":18373,""adm2_name"":""Alessandria""}]",2004-01-14,2023-09-25
2003-0198-RUS,No,nat-cli-wil-for,Natural,Climatological,Wildfire,Forest fire,,,RUS,Russian Federation,Eastern Europe,Europe,"Chitinskaya Oblast, Aginskiy Buryatskiy A. Okrug, Buryatiya Rep. provinces",,,No,No,Yes,,17000,Km2,,,,2003,4,,2003,7,,,,,,,,,,,,,60.3732510662594,"[{""adm1_code"":2488,""adm1_name"":""Aginskiy Buryatskiy A. Okrug""},{""adm1_code"":2497,""adm1_name"":""Buryatiya Rep.""},{""adm1_code"":2500,""adm1_name"":""Chitinskaya Oblast""}]",2003-10-07,2023-09-25
2003-0207-RUS,No,tec-tra-air-air,Technological,Transport,Air,Air,,Helicopter Mi-26,RUS,Russian Federation,Eastern Europe,Europe,"Tchita region, Novokruchinskiy",,,No,No,No,,,,,,,2003,5,3,2003,5,3,12,,,,,,,,,,,60.3732510662594,,2003-07-01,2023-09-25
2003-0216-HUN,No,tec-tra-roa-roa,Technological,Transport,Road,Road,,,HUN,Hungary,Eastern Europe,Europe,Siofok,,,No,No,No,,,,,,,2003,5,8,2003,5,8,33,5,,,5,,,,,,,60.3732510662594,,2003-07-09,2023-09-25
2003-0221-RUS,No,tec-ind-fir-fir,Technological,Industrial accident,Fire (Industrial),Fire (Industrial),,Chantier de construction,RUS,Russian Federation,Eastern Europe,Europe,Moscow,,,No,No,No,,,m3,,,,2003,5,12,2003,5,12,10,1,,,1,,,,,,,60.3732510662594,,2003-10-08,2023-09-25
2003-0226-FRA,No,tec-mis-fir-fir,Technological,Miscellaneous accident,Fire (Miscellaneous),Fire (Miscellaneous),,House/hotel,FRA,France,Western Europe,Europe,Marseille,,,No,No,No,,,,,,,2003,5,14,2003,5,14,10,18,,,18,,,,,,,60.3732510662594,,2003-08-11,2023-09-25
2003-0228-FRA,No,tec-tra-roa-roa,Technological,Transport,Road,Road,,,FRA,France,Western Europe,Europe,Near Lyon,,,No,No,No,,,,,,,2003,5,17,2003,5,17,28,46,,,46,,,,,,,60.3732510662594,,2003-08-11,2023-09-25
2003-0261-ESP,No,tec-tra-rai-rai,Technological,Transport,Rail,Rail,,,ESP,Spain,Southern Europe,Europe,Near Cinchilla (Albacete),,,No,No,No,,,,,,,2003,6,3,2003,6,3,22,40,,,40,,,,,,,60.3732510662594,,2003-06-04,2023-09-25
2003-0277-RUS,No,tec-mis-exp-exp,Technological,Miscellaneous accident,Explosion (Miscellaneous),Explosion (Miscellaneous),,Building,RUS,Russian Federation,Eastern Europe,Europe,Grozny,,,No,No,No,,,,,,,2003,6,6,2003,6,6,11,3,,,3,,,,,,,60.3732510662594,,2003-06-10,2023-09-25
2003-0291-RUS,No,tec-ind-exp-exp,Technological,Industrial accident,Explosion (Industrial),Explosion (Industrial),,Coal mine,RUS,Russian Federation,Eastern Europe,Europe,"Ziminka, near Prokopievsk (Kemerovo region, Siberia)",,,No,No,No,,,m3,,,,2003,6,16,2003,6,16,11,2,,,2,,,,,,,60.3732510662594,,2003-06-17,2023-09-25
2003-0298-ITA,No,tec-tra-wat-wat,Technological,Transport,Water,Water,,Migrants,ITA,Italy,Southern Europe,Europe,South Lampedusa Island,,,No,No,No,,,,,,,2003,6,10,2003,6,10,67,,,,,,,,,,,60.3732510662594,,2003-06-26,2023-09-25
2003-0347-HRV,No,nat-cli-wil-for,Natural,Climatological,Wildfire,Forest fire,,,HRV,Croatia,Southern Europe,Europe,"Dubrovnik-neretva, Lika-Senj provinces",,,No,No,No,,6,Km2,,,,2003,7,18,2003,7,23,,,,,,,,,,20000,33127,60.3732510662594,"[{""adm1_code"":989,""adm1_name"":""Dubrovnik-neretva""},{""adm1_code"":995,""adm1_name"":""Lika-senj""}]",2003-07-30,2023-09-25
2003-0365-FRA,No,nat-cli-wil-for,Natural,Climatological,Wildfire,Forest fire,,,FRA,France,Western Europe,Europe,"Massif des Maures mountain (Var district, Provence-Alpes-Cote-d'Azur province)","Drought, man",,No,No,No,,180,Km2,,,,2003,7,28,2003,7,30,5,4,3000,,3004,,,,,,,60.3732510662594,"[{""adm2_code"":16324,""adm2_name"":""Var""}]",2004-02-26,2023-09-25
2003-0371-SVK,No,tec-tra-roa-roa,Technological,Transport,Road,Road,,,SVK,Slovakia,Eastern Europe,Europe,Near Uhorna,,,No,No,No,,,,,,,2003,8,3,2003,8,3,11,24,,,24,,,,,,,60.3732510662594,,2003-08-06,2023-09-25
2003-0372-ESP,No,nat-cli-wil-for,Natural,Climatological,Wildfire,Forest fire,,,ESP,Spain,Southern Europe,Europe,"Cuenca district (Castilla-La Mancha province), Huelva district (Andalucia province), Caseres, Badajoz districts (Extremadura province)","Lightening, heat wave, drought, pyromane",,No,No,Yes,,1190,Km2,,,,2003,1,,2003,8,,5,,200,,200,,,,,,,60.3732510662594,"[{""adm2_code"":25780,""adm2_name"":""Huelva""},{""adm2_code"":25803,""adm2_name"":""Cuenca""},{""adm2_code"":25814,""adm2_name"":""Badajoz""},{""adm2_code"":25815,""adm2_name"":""Cáceres""}]",2003-09-11,2023-09-25
2003-0376-PRT,No,nat-cli-wil-for,Natural,Climatological,Wildfire,Forest fire,,,PRT,Portugal,Southern Europe,Europe,"Braganca, Viseu, Viana do Castelo, Guarda, Castelo Branco, Portalegre, Santarem, Leira, Porto, Braga provinces, Amials de Cima city (in Pernes, Chamusca district, Santarem province), Vale de Serra city (Torres Novas district, Santarem province)","Heat wave, drought, high winds, low humidity",,Yes,No,Yes,835,4260,Km2,,,,2003,8,,2003,9,,14,,150000,,150000,,,6000,9938,1730000,2865507,60.3732510662594,"[{""adm1_code"":2388,""adm1_name"":""Braga""},{""adm1_code"":2389,""adm1_name"":""Braganca""},{""adm1_code"":2390,""adm1_name"":""Castelo Branco""},{""adm1_code"":2394,""adm1_name"":""Guarda""},{""adm1_code"":2405,""adm1_name"":""Leiria""},{""adm1_code"":2407,""adm1_name"":""Portalegre""},{""adm1_code"":2408,""adm1_name"":""Porto""},{""adm1_code"":2411,""adm1_name"":""Viana Do Castelo""},{""adm1_code"":2413,""adm1_name"":""Viseu""},{""adm2_code"":24879,""adm2_name"":""Chamusca""},{""adm2_code"":24892,""adm2_name"":""Torres Novas""}]",2005-04-13,2023-09-25
2003-0388-RUS,No,nat-met-sto-tro,Natural,Meteorological,Storm,Tropical cyclone,,Etau,RUS,Russian Federation,Eastern Europe,Europe,Kuril Islands (Sakhalinskaya Oblast province),,Rain,No,No,No,,,Kph,,,,2003,8,8,2003,8,11,,,,,,,,,,,,60.3732510662594,"[{""adm1_code"":2552,""adm1_name"":""Sakhalinskaya Oblast""}]",2004-02-11,2023-09-25
2003-0391-AUT,No,nat-met-ext-hea,Natural,Meteorological,Extreme temperature,Heat wave,,,AUT,Austria,Western Europe,Europe,"Burgenland, Karnten, Niederosterreich, Oberosterreich, Steiernark, Salzburg, Tirol, Voralberg, Wien provinces",,Drought|Wildfire,No,No,No,,,°C,,,,2003,7,,2003,8,,345,,,,,,,,,280000,463782,60.3732510662594,"[{""adm1_code"":478,""adm1_name"":""Burgenland""},{""adm1_code"":479,""adm1_name"":""Karnten""},{""adm1_code"":480,""adm1_name"":""Niederosterreich""},{""adm1_code"":481,""adm1_name"":""Oberosterreich""},{""adm1_code"":482,""adm1_name"":""Salzburg""},{""adm1_code"":483,""adm1_name"":""Steiermark""},{""adm1_code"":484,""adm1_name"":""Tirol""},{""adm1_code"":485,""adm1_name"":""Vorarlberg""},{""adm1_code"":486,""adm1_name"":""Wien""}]",2008-03-14,2023-09-25
2003-0391-BEL,No,nat-met-ext-hea,Natural,Meteorological,Extreme temperature,Heat wave,,,BEL,Belgium,Western Europe,Europe,"Region de Bruxelles-Capitale/Brussels Hoofdstedelijk Gewes, Region wallonne, Vlaams Gewest provinces",,Drought,No,No,No,,,°C,,,,2003,8,1,2003,8,15,1175,,,,,,,,,,,60.3732510662594,"[{""adm1_code"":600,""adm1_name"":""Region de Bruxelles-Capitale / Brussels Hoofdstedelijk Gewes""},{""adm1_code"":601,""adm1_name"":""Vlaams Gewest""},{""adm1_code"":602,""adm1_name"":""Region wallonne""}]",2007-01-30,2023-09-25
2003-0391-CHE,No,nat-met-ext-hea,Natural,Meteorological,Extreme temperature,Heat wave,,,CHE,Switzerland,Western Europe,Europe,"Aargau, Appenzll Ausser-rhoden, Appenzell Inner-rhoden, Basel-landschaft, Basel-stadt, Bern, Friboug, Genève, Glaurus, Graubünden, Jura, Luzern, Neuchâtel, Nidwalden, Obwalden, Sankt Gallen, Schaffhaussen, Schwyz, Solothurn, Thurgau, Ticino, Uri, Valais, Vaud, Zug, Zurich provinces",,Drought,No,No,No,,,°C,,,,2003,7,,2003,7,,1039,,,,,,,,,280000,463782,60.3732510662594,"[{""adm1_code"":2807,""adm1_name"":""Aargau""},{""adm1_code"":2808,""adm1_name"":""Appenzell Ausser-rhoden""},{""adm1_code"":2809,""adm1_name"":""Appenzell Inner-rhoden""},{""adm1_code"":2810,""adm1_name"":""Basel-landschaft""},{""adm1_code"":2811,""adm1_name"":""Basel-stadt""},{""adm1_code"":2812,""adm1_name"":""Bern""},{""adm1_code"":2813,""adm1_name"":""Fribourg""},{""adm1_code"":2814,""adm1_name"":""Geneve""},{""adm1_code"":2815,""adm1_name"":""Glarus""},{""adm1_code"":2816,""adm1_name"":""Graubunden""},{""adm1_code"":2817,""adm1_name"":""Jura""},{""adm1_code"":2818,""adm1_name"":""Luzern""},{""adm1_code"":2819,""adm1_name"":""Neuchatel""},{""adm1_code"":2820,""adm1_name"":""Nidwalden""},{""adm1_code"":2821,""adm1_name"":""Obwalden""},{""adm1_code"":2822,""adm1_name"":""Sankt Gallen""},{""adm1_code"":2823,""adm1_name"":""Schaffhausen""},{""adm1_code"":2824,""adm1_name"":""Schwyz""},{""adm1_code"":2825,""adm1_name"":""Solothurn""},{""adm1_code"":2826,""adm1_name"":""Thurgau""},{""adm1_code"":2827,""adm1_name"":""Ticino""},{""adm1_code"":2828,""adm1_name"":""Uri""},{""adm1_code"":2829,""adm1_name"":""Valais""},{""adm1_code"":2830,""adm1_name"":""Vaud""},{""adm1_code"":2831,""adm1_name"":""Zug""},{""adm1_code"":2832,""adm1_name"":""Zurich""}]",2007-04-16,2023-09-25
2003-0391-CZE,No,nat-met-ext-hea,Natural,Meteorological,Extreme temperature,Heat wave,,,CZE,Czechia,Eastern Europe,Europe,"Jihocesky, Jihomoravsky, Praha, Severocesky, Severomoravsky, Stredocesky, Vychodocesky, Zapadocesky provinces",,,No,No,No,,25,°C,,,,2003,7,19,2003,7,22,418,,,,,,,,,,,60.3732510662594,"[{""adm1_code"":1030,""adm1_name"":""Jihocesky""},{""adm1_code"":1031,""adm1_name"":""Jihomoravsky""},{""adm1_code"":1032,""adm1_name"":""Praha""},{""adm1_code"":1033,""adm1_name"":""Severocesky""},{""adm1_code"":1034,""adm1_name"":""Severomoravsky""},{""adm1_code"":1035,""adm1_name"":""Stredocesky""},{""adm1_code"":1036,""adm1_name"":""Vychodocesky""},{""adm1_code"":1037,""adm1_name"":""Zapadocesky""}]",2007-04-04,2023-09-25
2003-0391-DEU,No,nat-met-ext-hea,Natural,Meteorological,Extreme temperature,Heat wave,,,DEU,Germany,Western Europe,Europe,"Baden-Wuerttemberg, Bayern, Berlin, Brandenburg, Bremen, Hamburg, Hessen, Mecklenburg-Vorpommern, Nierdersachsen, Nordrhein-Westfalen, Rheinland-Pfalz, Saarland, Sachsen, Sachsen-Anhalt, Schleswig-Holstein, Thueringen provinces",,Drought,No,No,No,,,°C,,,,2003,8,,2003,8,,9355,,,,,,,10000,16564,1650000,2732998,60.3732510662594,"[{""adm1_code"":1308,""adm1_name"":""Baden-Wuerttemberg""},{""adm1_code"":1309,""adm1_name"":""Bayern""},{""adm1_code"":1310,""adm1_name"":""Berlin""},{""adm1_code"":1311,""adm1_name"":""Brandenburg""},{""adm1_code"":1312,""adm1_name"":""Bremen""},{""adm1_code"":1313,""adm1_name"":""Hamburg""},{""adm1_code"":1314,""adm1_name"":""Hessen""},{""adm1_code"":1315,""adm1_name"":""Mecklenburg-Vorpommern""},{""adm1_code"":1316,""adm1_name"":""Niedersachsen""},{""adm1_code"":1317,""adm1_name"":""Nordrhein-Westfalen""},{""adm1_code"":1318,""adm1_name"":""Rheinland-Pfalz""},{""adm1_code"":1319,""adm1_name"":""Saarland""},{""adm1_code"":1320,""adm1_name"":""Sachsen""},{""adm1_code"":1321,""adm1_name"":""Sachsen-Anhalt""},{""adm1_code"":1322,""adm1_name"":""Schleswig-Holstein""},{""adm1_code"":1323,""adm1_name"":""Thueringen""}]",2007-04-16,2023-09-25
2003-0391-ESP,No,nat-met-ext-hea,Natural,Meteorological,Extreme temperature,Heat wave,,,ESP,Spain,Southern Europe,Europe,Andaloucia province,,Drought,No,No,No,,40,°C,,,,2003,8,1,2003,8,11,15090,,,,,,,,,880000,1457599,60.3732510662594,"[{""adm1_code"":2716,""adm1_name"":""Andalucía""}]",2007-04-16,2023-09-25
2003-0391-FRA,No,nat-met-ext-hea,Natural,Meteorological,Extreme temperature,Heat wave,,,FRA,France,Western Europe,Europe,"Alsace, Aquitaine, Auvergne, Basse-Normandie, Bourgogne, Bretagne, Centre, Champagne-Ardenne, Corse, Franche-Compte, Haute-Normandie, Ile-de-France, Languedoc-Rousillon, Limousin, Lorraine, Nord-Pas-de-Calais, Pays-de-la-Loire, Picardie, Poitou-Charentes, Provence-Alpes-Côte-D'azur, Rhône-Alpes, Midi-Pyrénées provinces",,Drought,No,No,No,,43,°C,,,,2003,8,1,2003,8,20,19490,,,,,,,,,4400000,7287996,60.3732510662594,"[{""adm1_code"":1248,""adm1_name"":""Alsace""},{""adm1_code"":1249,""adm1_name"":""Aquitaine""},{""adm1_code"":1250,""adm1_name"":""Auvergne""},{""adm1_code"":1251,""adm1_name"":""Basse-Normandie""},{""adm1_code"":1252,""adm1_name"":""Bourgogne""},{""adm1_code"":1253,""adm1_name"":""Bretagne""},{""adm1_code"":1254,""adm1_name"":""Centre""},{""adm1_code"":1255,""adm1_name"":""Champagne-Ardenne""},{""adm1_code"":1256,""adm1_name"":""Corse""},{""adm1_code"":1257,""adm1_name"":""Franche-Comte""},{""adm1_code"":1258,""adm1_name"":""Haute-Normandie""},{""adm1_code"":1259,""adm1_name"":""Ile-de-France""},{""adm1_code"":1260,""adm1_name"":""Languedoc-Rousillon""},{""adm1_code"":1262,""adm1_name"":""Limousin""},{""adm1_code"":1263,""adm1_name"":""Lorraine""},{""adm1_code"":1264,""adm1_name"":""Midi-Pyrenees""},{""adm1_code"":1265,""adm1_name"":""Nord-Pas-de-Calais""},{""adm1_code"":1266,""adm1_name"":""Pays-de-la-Loire""},{""adm1_code"":1267,""adm1_name"":""Picardie""},{""adm1_code"":1268,""adm1_name"":""Poitou-Charentes""},{""adm1_code"":1269,""adm1_name"":""Provence-Alpes-Cote-d'Azur""},{""adm1_code"":1270,""adm1_name"":""Rhone-Alpes""}]",2007-04-16,2023-09-25
2003-0391-GBR,No,nat-met-ext-hea,Natural,Meteorological,Extreme temperature,Heat wave,,,GBR,United Kingdom of Great Britain and Northern Ireland,Northern Europe,Europe,"England, Wales provinces",,,No,No,No,,,°C,,,,2003,7,,2003,7,,301,,,,,,,,,,,60.3732510662594,"[{""adm1_code"":3182,""adm1_name"":""England""},{""adm1_code"":3186,""adm1_name"":""Wales""}]",2007-04-03,2023-09-25
2003-0391-HRV,No,nat-met-ext-hea,Natural,Meteorological,Extreme temperature,Heat wave,,,HRV,Croatia,Southern Europe,Europe,"Bjelovar-bilogora, Dubrovnik-Neretva, Grad Zagreb, Istra, Karlovac, Koprivnica-krizevci, Krapina-zagorje, Lika-senj, Medimurje, Osijek-baranja, Pozega-slavonija, Primorje-gorski Kota, Šibenik, Sisak-moslavina, Slavonski Brod-posav, Split-dalmatija, Varazdin, Virovitica-podravina, Vukovar-srijem, Zadar-Knin, Zagreb provinces",,Drought,No,No,No,,,°C,,,,2003,7,,2003,7,,788,,,,,,,,,,,60.3732510662594,"[{""adm1_code"":988,""adm1_name"":""Bjelovar-bilogora""},{""adm1_code"":989,""adm1_name"":""Dubrovnik-neretva""},{""adm1_code"":990,""adm1_name"":""Grad Zagreb""},{""adm1_code"":991,""adm1_name"":""Istra""},{""adm1_code"":992,""adm1_name"":""Karlovac""},{""adm1_code"":993,""adm1_name"":""Koprivnica-krizevci""},{""adm1_code"":994,""adm1_name"":""Krapina-zagorje""},{""adm1_code"":995,""adm1_name"":""Lika-senj""},{""adm1_code"":996,""adm1_name"":""Medimurje""},{""adm1_code"":997,""adm1_name"":""Osijek-baranja""},{""adm1_code"":998,""adm1_name"":""Pozega-slavonija""},{""adm1_code"":999,""adm1_name"":""Primorje-gorski Kota""},{""adm1_code"":1000,""adm1_name"":""Sibenik""},{""adm1_code"":1001,""adm1_name"":""Sisak-moslavina""},{""adm1_code"":1002,""adm1_name"":""Slavonski Brod-posav""},{""adm1_code"":1003,""adm1_name"":""Split-dalmatija""},{""adm1_code"":1004,""adm1_name"":""Varazdin""},{""adm1_code"":1005,""adm1_name"":""Virovitica-podravina""},{""adm1_code"":1006,""adm1_name"":""Vukovar-srijem""},{""adm1_code"":1007,""adm1_name"":""Zadar-knin""},{""adm1_code"":1008,""adm1_name"":""Zagreb""}]",2007-04-16,2023-09-25
2003-0391-ITA,No,nat-met-ext-hea,Natural,Meteorological,Extreme temperature,Heat wave,,,ITA,Italy,Southern Europe,Europe,"Milano, Varese districts (Lombardia province), Torino district (Piemonte province), Firenze district (Toscana province), Lecce district (Puglia province), Genova district (Liguria province)",,Drought,No,No,No,,,°C,,,,2003,7,16,2003,8,15,20089,,,,,,,,,4400000,7287996,60.3732510662594,"[{""adm2_code"":18352,""adm2_name"":""Genova""},{""adm2_code"":18363,""adm2_name"":""Milano""},{""adm2_code"":18366,""adm2_name"":""Varese""},{""adm2_code"":18378,""adm2_name"":""Torino""},{""adm2_code"":18384,""adm2_name"":""Lecce""},{""adm2_code"":18400,""adm2_name"":""Firenze""}]",2007-04-16,2023-09-25
2003-0391-LUX,No,nat-met-ext-hea,Natural,Meteorological,Extreme temperature,Heat wave,,,LUX,Luxembourg,Western Europe,Europe,"Diekirch, Grevenmacher, Luxembourg provinces",,,No,No,No,,,°C,,,,2003,7,,2003,7,,170,,,,,,,,,,,60.3732510662594,"[{""adm1_code"":1876,""adm1_name"":""Diekirch""},{""adm1_code"":1877,""adm1_name"":""Grevenmacher""},{""adm1_code"":1878,""adm1_name"":""Luxembourg""}]",2007-04-04,2023-09-25
2003-0391-NLD,No,nat-met-ext-hea,Natural,Meteorological,Extreme temperature,Heat wave,,,NLD,Netherlands (Kingdom of the),Western Europe,Europe,"Drenthe, Flevoland, Friesland, Gelderland, Groninge, Limburg, Noord-brabant, Noord-holland,Overijssel, Utrecht, Zeeland, Zuit-holland provinces",,,No,No,No,,,°C,,,,2003,7,31,2003,8,13,965,,,,,,,,,,,60.3732510662594,"[{""adm1_code"":2158,""adm1_name"":""Drenthe""},{""adm1_code"":2159,""adm1_name"":""Flevoland""},{""adm1_code"":2160,""adm1_name"":""Friesland""},{""adm1_code"":2161,""adm1_name"":""Gelderland""},{""adm1_code"":2162,""adm1_name"":""Groningen""},{""adm1_code"":2163,""adm1_name"":""Limburg""},{""adm1_code"":2164,""adm1_name"":""Noord-brabant""},{""adm1_code"":2165,""adm1_name"":""Noord-holland""},{""adm1_code"":2166,""adm1_name"":""Overijssel""},{""adm1_code"":2167,""adm1_name"":""Utrecht""},{""adm1_code"":2168,""adm1_name"":""Zeeland""},{""adm1_code"":2169,""adm1_name"":""Zuid-holland""}]",2003-09-08,2023-09-25
2003-0391-PRT,No,nat-met-ext-hea,Natural,Meteorological,Extreme temperature,Heat wave,,,PRT,Portugal,Southern Europe,Europe,"Aveiro, Beja, Braga, Braganca, Castelo Branco, Coimbra, Evora, Faro, Guadra, Leiria, Lisboa, Portoalegre, Porto, Santarem, Setubal, Viana Do Castelo, Vila Real, Viseu provinces",,,No,No,No,,,°C,,,,2003,7,30,2003,8,15,2696,,,,,,,,,,,60.3732510662594,"[{""adm1_code"":2386,""adm1_name"":""Aveiro""},{""adm1_code"":2387,""adm1_name"":""Beja""},{""adm1_code"":2388,""adm1_name"":""Braga""},{""adm1_code"":2389,""adm1_name"":""Braganca""},{""adm1_code"":2390,""adm1_name"":""Castelo Branco""},{""adm1_code"":2391,""adm1_name"":""Coimbra""},{""adm1_code"":2392,""adm1_name"":""Evora""},{""adm1_code"":2393,""adm1_name"":""Faro""},{""adm1_code"":2394,""adm1_name"":""Guarda""},{""adm1_code"":2405,""adm1_name"":""Leiria""},{""adm1_code"":2406,""adm1_name"":""Lisboa""},{""adm1_code"":2407,""adm1_name"":""Portalegre""},{""adm1_code"":2408,""adm1_name"":""Porto""},{""adm1_code"":2409,""adm1_name"":""Santarem""},{""adm1_code"":2410,""adm1_name"":""Setubal""},{""adm1_code"":2411,""adm1_name"":""Viana Do Castelo""},{""adm1_code"":2412,""adm1_name"":""Vila Real""},{""adm1_code"":2413,""adm1_name"":""Viseu""}]",2003-08-28,2023-09-25
2003-0391-SVK,No,nat-met-ext-hea,Natural,Meteorological,Extreme temperature,Heat wave,,,SVK,Slovakia,Eastern Europe,Europe,"Banka Bystrica, Bratislava, Kosice, Nitra, Presov, Trencin, Trnava, Zilna provinces",,Drought,No,No,No,,,°C,,,,2003,7,,2003,8,,,,,,,,,,,150000,248454,60.3732510662594,"[{""adm1_code"":2667,""adm1_name"":""Banska Bystrica""},{""adm1_code"":2668,""adm1_name"":""Bratislava""},{""adm1_code"":2669,""adm1_name"":""Kosice""},{""adm1_code"":2670,""adm1_name"":""Nitra""},{""adm1_code"":2671,""adm1_name"":""Presov""},{""adm1_code"":2672,""adm1_name"":""Trencin""},{""adm1_code"":2673,""adm1_name"":""Trnava""},{""adm1_code"":2674,""adm1_name"":""Zilna""}]",2007-04-16,2023-09-25
2003-0391-SVN,No,nat-met-ext-hea,Natural,Meteorological,Extreme temperature,Heat wave,,,SVN,Slovenia,Southern Europe,Europe,"Gorenjska, Goriska, Jugovzodna Slovenija, Koroska, Notranjsko-kraska, Obalno-kraska, Osrednjeslovenska, Podravska, Pomurska, Savinjska, Spodnjeposavska, Zavaska provinces",,Drought|Wildfire,No,No,No,,,°C,,,,2003,7,,2003,8,,289,,,,,,,,,80000,132509,60.3732510662594,"[{""adm1_code"":2675,""adm1_name"":""Gorenjska""},{""adm1_code"":2676,""adm1_name"":""Goriska""},{""adm1_code"":2677,""adm1_name"":""Jugovzodna Slovenija""},{""adm1_code"":2678,""adm1_name"":""Koroska""},{""adm1_code"":2679,""adm1_name"":""Notranjsko-kraska""},{""adm1_code"":2680,""adm1_name"":""Obalno-kraska""},{""adm1_code"":2681,""adm1_name"":""Osrednjeslovenska""},{""adm1_code"":2682,""adm1_name"":""Podravska""},{""adm1_code"":2683,""adm1_name"":""Pomurska""},{""adm1_code"":2684,""adm1_name"":""Savinjska""},{""adm1_code"":2685,""adm1_name"":""Spodnjeposavska""},{""adm1_code"":2686,""adm1_name"":""Zasavska""}]",2007-04-16,2023-09-25
2003-0393-RUS,No,nat-hyd-flo-riv,Natural,Hydrological,Flood,Riverine flood,,,RUS,Russian Federation,Eastern Europe,Europe,"Chedikhol, Tandinsky districts (Tyva Rep. province)",Heavy rains,,No,No,No,,8220,Km2,,,"Elegest, Duren",2003,7,29,2003,7,31,,,600,,600,,,,,,,60.3732510662594,"[{""adm1_code"":2567,""adm1_name"":""Tyva Rep.""}]",2004-01-27,2023-09-25
2003-0395-FRA,No,nat-met-sto-sto,Natural,Meteorological,Storm,Storm (General),,,FRA,France,Western Europe,Europe,"Maine-et-Loire district (Pays-de-la-Loire province), Landes, Gironde districts (Aquitaire province), Charente-Maritime, Vienne districts (Poitou-Charentes province)",,Hail|Rain,No,No,No,,160,Kph,,,,2003,7,15,2003,7,15,5,70,,,70,,,,,,,60.3732510662594,"[{""adm2_code"":16241,""adm2_name"":""Gironde""},{""adm2_code"":16242,""adm2_name"":""Landes""},{""adm2_code"":16309,""adm2_name"":""Maine-et-Loire""},{""adm2_code"":16317,""adm2_name"":""Charente-Maritime""},{""adm2_code"":16319,""adm2_name"":""Vienne""}]",2004-03-10,2023-09-25
2003-0427-RUS,No,tec-tra-roa-roa,Technological,Transport,Road,Road,,,RUS,Russian Federation,Eastern Europe,Europe,Mordovie region,,,No,No,No,,,,,,,2003,8,28,2003,8,28,11,25,,,25,,,,,,,60.3732510662594,,2003-08-29,2023-09-25
2003-0433-ITA,No,nat-hyd-flo-riv,Natural,Hydrological,Flood,Riverine flood,,,ITA,Italy,Southern Europe,Europe,"Ugovizza village (Udine district, Friuli-venezia Giulia)",Torrential rains,"Flood|Slide (land, mud, snow, rock)",No,No,Yes,,1100,Km2,,,,2003,8,29,2003,8,31,2,,350,,350,,,,,655000,1084918,60.3732510662594,"[{""adm2_code"":18346,""adm2_name"":""Udine""}]",2005-12-15,2023-09-25
2003-0462-PRT,No,tec-tra-air-air,Technological,Transport,Air,Air,,Bimoteur Beechcraft,PRT,Portugal,Southern Europe,Europe,Near Madere Island,,,No,No,No,,,,,,,2003,9,11,2003,9,11,10,,,,,,,,,,,60.3732510662594,,2003-09-26,2023-09-25
2003-0497-RUS,No,nat-geo-ear-gro,Natural,Geophysical,Earthquake,Ground movement,USGS:usp000c8sz,,RUS,Russian Federation,Eastern Europe,Europe,"Kosh-Agachsky, Ust'-Ulagan, Ongudai, Shebalino towns (Altay Republic Province)",,"Slide (land, mud, snow, rock)",No,No,No,,7.3,Moment Magnitude,50.038,87.813,,2003,9,27,2003,9,27,3,5,,1800,1805,,,,,10600,17557,60.3732510662594,"[{""adm1_code"":2489,""adm1_name"":""Altay Rep.""}]",2014-03-25,2023-09-25
2003-0500-BLR,No,tec-mis-fir-fir,Technological,Miscellaneous accident,Fire (Miscellaneous),Fire (Miscellaneous),,Mental hospital,BLR,Belarus,Eastern Europe,Europe,Randilovitchina(Grodno region),,,No,No,No,,,,,,,2003,10,12,2003,10,12,31,31,,,31,,,,,,,60.3732510662594,,2004-03-23,2023-09-25
2003-0529-ESP,No,tec-tra-wat-wat,Technological,Transport,Water,Water,,,ESP,Spain,Southern Europe,Europe,Near Cadix Port,,,No,No,No,,,,,,,2003,10,25,2003,10,25,45,,5,,5,,,,,,,60.3732510662594,,2003-11-13,2023-09-25
2003-0549-FRA,No,tec-ind-col-col,Technological,Industrial accident,Collapse (Industrial),Collapse (Industrial),,"Passerelle d'accès au paquebot ""Queen Mary 2""",FRA,France,Western Europe,Europe,Saint-Nazaire,,,No,No,No,,,m3,,,,2003,11,15,2003,11,15,15,27,,,27,,,,,,,60.3732510662594,,2003-11-19,2023-09-25
2003-0568-RUS,No,tec-mis-fir-fir,Technological,Miscellaneous accident,Fire (Miscellaneous),Fire (Miscellaneous),,University dormitory (Université de l Amitié et des Peuples/Patrice Lumumba),RUS,Russian Federation,Eastern Europe,Europe,Moscow,,,No,No,No,,,,,,,2003,11,24,2003,11,24,37,197,,,197,,,,,,,60.3732510662594,,2003-11-25,2023-09-25
2003-0585-MKD,No,nat-hyd-flo-riv,Natural,Hydrological,Flood,Riverine flood,,,MKD,North Macedonia,Southern Europe,Europe,"Gradsko Baldovci city (Kuklis district, Strumica province)",Heavy rains,Broken Dam/Burst bank,No,No,Yes,,,Km2,,,Markova reka,2003,11,30,2003,11,30,,,750,,750,,,,,,,60.3732510662594,"[{""adm2_code"":27294,""adm2_name"":""Kuklis""}]",2003-12-03,2023-09-25
2003-0586-FRA,No,nat-hyd-flo-fla,Natural,Hydrological,Flood,Flash flood,,,FRA,France,Western Europe,Europe,"Herault, Gard districts (Langedoc-Rousillon province), Bouches-du-Rhone, Vaucluse districts (Provende-Alpes-Cote-d'Azure province) (South and East)","Heavy rains, high winds","Slide (land, mud, snow, rock)",No,No,No,,,Km2,,,Rhone river,2003,12,2,2003,12,3,9,,27000,,27000,,,1010000,1672926,1500000,2484544,60.3732510662594,"[{""adm2_code"":16286,""adm2_name"":""Gard""},{""adm2_code"":16287,""adm2_name"":""Herault""},{""adm2_code"":16322,""adm2_name"":""Bouches-du-Rhone""},{""adm2_code"":16325,""adm2_name"":""Vaucluse""}]",2003-12-22,2023-09-25
2003-0608-UKR,No,tec-tra-roa-roa,Technological,Transport,Road,Road,,,UKR,Ukraine,Eastern Europe,Europe,Near Aloutcha (Crimée),,,No,No,No,,,,,,,2003,12,17,2003,12,17,17,19,,,19,,,,,,,60.3732510662594,,2003-12-18,2023-09-25
2003-0612-BEL,No,tec-tra-roa-roa,Technological,Transport,Road,Road,,,BEL,Belgium,Western Europe,Europe,Hensies,,,No,No,No,,,,,,,2003,12,20,2003,12,20,11,37,,,37,,,,,,,60.3732510662594,,2003-12-22,2023-09-25
2003-0781-DEU,No,nat-met-sto-lig,Natural,Meteorological,Storm,Lightning/Thunderstorms,,,DEU,Germany,Western Europe,Europe,"Baden-Wuerttemberg, Bayern, Berlin, Brandenburg, Bremen, Hamburg, Hessen, Mecklenburg-Vorpommern, Niedersachsen, Nordrhein-Westfalen, Rheinland-Pfalz, Saarland, Sachsen, Sachsen-Anhalt, Schleswig-Holstein, Thueringen provinces",,,No,No,No,,,Kph,,,,2003,6,7,2003,6,8,10,,,,,,,,,,,60.3732510662594,"[{""adm1_code"":1308,""adm1_name"":""Baden-Wuerttemberg""},{""adm1_code"":1309,""adm1_name"":""Bayern""},{""adm1_code"":1310,""adm1_name"":""Berlin""},{""adm1_code"":1311,""adm1_name"":""Brandenburg""},{""adm1_code"":1312,""adm1_name"":""Bremen""},{""adm1_code"":1313,""adm1_name"":""Hamburg""},{""adm1_code"":1314,""adm1_name"":""Hessen""},{""adm1_code"":1315,""adm1_name"":""Mecklenburg-Vorpommern""},{""adm1_code"":1316,""adm1_name"":""Niedersachsen""},{""adm1_code"":1317,""adm1_name"":""Nordrhein-Westfalen""},{""adm1_code"":1318,""adm1_name"":""Rheinland-Pfalz""},{""adm1_code"":1319,""adm1_name"":""Saarland""},{""adm1_code"":1320,""adm1_name"":""Sachsen""},{""adm1_code"":1321,""adm1_name"":""Sachsen-Anhalt""},{""adm1_code"":1322,""adm1_name"":""Schleswig-Holstein""},{""adm1_code"":1323,""adm1_name"":""Thueringen""}]",2004-03-03,2023-09-25
2003-0791-SCG,No,tec-mis-mis-mis,Technological,Miscellaneous accident,Miscellaneous accident (General),Miscellaneous accident (General),,Salmonella poisoning,SCG,Serbia Montenegro,Southern Europe,Europe,Belgrade (Serbia),,,No,No,No,,,,,,,2003,12,12,2003,12,13,,,307,,307,,,,,,,60.3732510662594,,2004-03-16,2023-09-25
2003-0816-RUS,No,tec-tra-air-air,Technological,Transport,Air,Air,,Helicopter Mi-8,RUS,Russian Federation,Eastern Europe,Europe,Kamchatka,,,No,No,No,,,,,,,2003,8,20,2003,8,20,20,,,,,,,,,,,60.3732510662594,,2004-03-22,2023-09-25
2003-9777-RUS,No,nat-cli-dro-dro,Natural,Climatological,Drought,Drought,,,RUS,Russian Federation,Eastern Europe,Europe,Vladisvostok city (Primorskiy Kray province),,Water shortage,No,No,No,,,Km2,,,,2003,,,2003,,,,,1000000,,1000000,,,,,,,60.3732510662594,"[{""adm1_code"":2547,""adm1_name"":""Primorskiy Kray""}]",2006-02-15,2023-09-25
2003-9784-BIH,No,nat-cli-dro-dro,Natural,Climatological,Drought,Drought,,,BIH,Bosnia and Herzegovina,Southern Europe,Europe,"Republika Srpska province, Posavski district (Federacija Bosne I Hercegovine province), Neretvljanski district (Federacija Bosne I Hercegovine province)",,,No,No,No,,,Km2,,,,2003,5,,2003,,,,,62575,,62575,,,,,140000,231891,60.3732510662594,"[{""adm1_code"":653,""adm1_name"":""Republika Srpska""},{""adm2_code"":6242,""adm2_name"":""Neretvljanski""},{""adm2_code"":6243,""adm2_name"":""Posavski""}]",2007-04-16,2023-09-25
2003-9784-HRV,No,nat-cli-dro-dro,Natural,Climatological,Drought,Drought,,,HRV,Croatia,Southern Europe,Europe,"Bjelovar-bilogora, Dubrovnik-Neretva, Grad Zagreb, Istra, Karlovac, Koprivnica-krizevci, Krapina-zagorje, Lika-senj, Medimurje, Osijek-baranja, Pozega-slavonija, Primorje-gorski Kota, Šibenik, Sisak-moslavina, Slavonski Brod-posav, Split-dalmatija, Varazdin, Virovitica-podravina, Vukovar-srijem, Zadar-Knin provinces",,Heat wave,No,No,No,,,Km2,,,,2003,2,,2003,5,21,,,,,,,,,,330000,546600,60.3732510662594,"[{""adm1_code"":988,""adm1_name"":""Bjelovar-bilogora""},{""adm1_code"":989,""adm1_name"":""Dubrovnik-neretva""},{""adm1_code"":990,""adm1_name"":""Grad Zagreb""},{""adm1_code"":991,""adm1_name"":""Istra""},{""adm1_code"":992,""adm1_name"":""Karlovac""},{""adm1_code"":993,""adm1_name"":""Koprivnica-krizevci""},{""adm1_code"":994,""adm1_name"":""Krapina-zagorje""},{""adm1_code"":995,""adm1_name"":""Lika-senj""},{""adm1_code"":996,""adm1_name"":""Medimurje""},{""adm1_code"":997,""adm1_name"":""Osijek-baranja""},{""adm1_code"":998,""adm1_name"":""Pozega-slavonija""},{""adm1_code"":999,""adm1_name"":""Primorje-gorski Kota""},{""adm1_code"":1000,""adm1_name"":""Sibenik""},{""adm1_code"":1001,""adm1_name"":""Sisak-moslavina""},{""adm1_code"":1002,""adm1_name"":""Slavonski Brod-posav""},{""adm1_code"":1003,""adm1_name"":""Split-dalmatija""},{""adm1_code"":1004,""adm1_name"":""Varazdin""},{""adm1_code"":1005,""adm1_name"":""Virovitica-podravina""},{""adm1_code"":1006,""adm1_name"":""Vukovar-srijem""},{""adm1_code"":1007,""adm1_name"":""Zadar-knin""},{""adm1_code"":1008,""adm1_name"":""Zagreb""}]",2006-02-15,2023-09-25
2003-9784-HUN,No,nat-cli-dro-dro,Natural,Climatological,Drought,Drought,,,HUN,Hungary,Eastern Europe,Europe,"Bacs-kiskun, Baranya, Bekes, Borsod-abauj-zemplen, Budapest, Csongrád, Fejér, Gyor-moson-sopron, Hadju-bihar, Heves, Jasz-nagykun-seolnok, Komarom-esztergom, Nógrád, Pest, Somogy, Szabolcs-szatmar-bereg, Tolna, Vas, Veszprém, Zala provinces",Heat wave,,No,No,No,,,Km2,,,,2003,7,,2003,8,,,,,,,,,,,100000,165636,60.3732510662594,"[{""adm1_code"":1440,""adm1_name"":""Bacs-kiskun""},{""adm1_code"":1441,""adm1_name"":""Baranya""},{""adm1_code"":1442,""adm1_name"":""Bekes""},{""adm1_code"":1443,""adm1_name"":""Borsod-abauj-zemplen""},{""adm1_code"":1444,""adm1_name"":""Budapest""},{""adm1_code"":1445,""adm1_name"":""Csongrad""},{""adm1_code"":1446,""adm1_name"":""Fejer""},{""adm1_code"":1447,""adm1_name"":""Gyor-moson-sopron""},{""adm1_code"":1448,""adm1_name"":""Hajdu-bihar""},{""adm1_code"":1449,""adm1_name"":""Heves""},{""adm1_code"":1450,""adm1_name"":""Jasz-nagykun-szolnok""},{""adm1_code"":1451,""adm1_name"":""Komarom-esztergom""},{""adm1_code"":1452,""adm1_name"":""Nograd""},{""adm1_code"":1453,""adm1_name"":""Pest""},{""adm1_code"":1454,""adm1_name"":""Somogy""},{""adm1_code"":1455,""adm1_name"":""Szabolcs-szatmar-bereg""},{""adm1_code"":1456,""adm1_name"":""Tolna""},{""adm1_code"":1457,""adm1_name"":""Vas""},{""adm1_code"":1458,""adm1_name"":""Veszprem""},{""adm1_code"":1459,""adm1_name"":""Zala""}]",2006-03-08,2023-09-25
2004-0014-ITA,No,tec-tra-wat-wat,Technological,Transport,Water,Water,GLIDE:AC-2004-000014,Migrants,ITA,Italy,Southern Europe,Europe,Adriatic sea,,,No,No,No,,,,,,,2004,1,10,2004,1,10,26,7,,,7,,,,,,,61.9895859343217,,2004-01-13,2025-03-04
2004-0020-NOR,No,tec-tra-wat-wat,Technological,Transport,Water,Water,,"Bulk ""Roknes""",NOR,Norway,Northern Europe,Europe,Vatlestraumen (Near Bergen),,,No,No,No,,,,,,,2004,1,19,2004,1,19,18,,12,,12,,,,,,,61.9895859343217,,2004-02-04,2023-09-25
2004-0026-GRC,No,nat-met-sto-sto,Natural,Meteorological,Storm,Storm (General),,,GRC,Greece,Southern Europe,Europe,"Limnos Island (Lesvou district, Voreio Aigaio province), Attikis district (Attiki province)",,Rain,No,No,No,,,Kph,,,,2004,1,22,2004,1,25,,,,,,,,,,,,61.9895859343217,"[{""adm2_code"":16680,""adm2_name"":""Attikis""},{""adm2_code"":16725,""adm2_name"":""Lesvou""}]",2004-01-26,2023-09-25
2004-0030-GRC,No,tec-tra-wat-wat,Technological,Transport,Water,Water,,,GRC,Greece,Southern Europe,Europe,Near Eubee,,,No,No,No,,,,,,,2004,1,29,2004,1,29,22,,,,,,,,,,,61.9895859343217,,2004-02-02,2023-09-25
2004-0032-GBR,No,tec-mis-mis-mis,Technological,Miscellaneous accident,Miscellaneous accident (General),Miscellaneous accident (General),,"Maison de retraite ""Rosepark""",GBR,United Kingdom of Great Britain and Northern Ireland,Northern Europe,Europe,Uddingston (Scotland),,,No,No,No,,,,,,,2004,1,30,2004,1,30,14,3,,,3,,,,,,,61.9895859343217,,2004-02-02,2023-09-25
2004-0051-MLT,No,tec-tra-wat-wat,Technological,Transport,Water,Water,,,MLT,Malta,Southern Europe,Europe,Near Malta,,,No,No,No,,,,,,,2004,2,,2004,2,,16,4,,,4,,,,,,,61.9895859343217,,2004-02-12,2023-09-25
2004-0056-RUS,No,tec-mis-col-col,Technological,Miscellaneous accident,Collapse (Miscellaneous),Collapse (Miscellaneous),,"Parc aquatique ""Transvaal Park""",RUS,Russian Federation,Eastern Europe,Europe,Moscou,Construction defects,,No,No,No,,,,,,,2004,2,14,2004,2,14,27,111,,,111,,,,,,,61.9895859343217,,2005-04-18,2023-09-25
2004-0101-RUS,No,tec-mis-exp-exp,Technological,Miscellaneous accident,Explosion (Miscellaneous),Explosion (Miscellaneous),,Cafe,RUS,Russian Federation,Eastern Europe,Europe,Chita (Russia),,,No,No,No,,,,,,,2004,2,26,2004,2,26,18,18,,,18,,,,,,,61.9895859343217,,2004-03-05,2023-09-25
2004-0112-RUS,No,tec-mis-exp-exp,Technological,Miscellaneous accident,Explosion (Miscellaneous),Explosion (Miscellaneous),,Building,RUS,Russian Federation,Eastern Europe,Europe,Arkhanguelsk,,,No,No,No,,,,,,,2004,3,16,2004,3,16,58,24,,,24,,,,,,,61.9895859343217,,2004-03-16,2023-09-25
2004-0116-FIN,No,tec-tra-roa-roa,Technological,Transport,Road,Road,,,FIN,Finland,Northern Europe,Europe,Near Aeaenekoski,,,No,No,No,,,,,,,2004,3,19,2004,3,19,24,15,,,15,,,,,,,61.9895859343217,,2004-03-19,2023-09-25
2004-0128-RUS,No,tec-tra-roa-roa,Technological,Transport,Road,Road,,,RUS,Russian Federation,Eastern Europe,Europe,Near Chali (Tchétchénie),,,No,No,No,,,,,,,2004,3,25,2004,3,25,10,1,,,1,,,,,,,61.9895859343217,,2004-03-30,2023-09-25
2004-0139-SCG,No,tec-tra-roa-roa,Technological,Transport,Road,Road,,,SCG,Serbia Montenegro,Southern Europe,Europe,Near Bijelo Polje (Montenegro),,,No,No,No,,,,,,,2004,4,4,2004,4,4,12,38,,,38,,,,,,,61.9895859343217,,2004-04-26,2023-09-25
2004-0145-ESP,No,nat-hyd-flo-riv,Natural,Hydrological,Flood,Riverine flood,,,ESP,Spain,Southern Europe,Europe,"Rincun de la Victoria municipality (Málaga district, Andalucía province)",Heavy rain,,No,No,No,,,Km2,,,,2004,3,27,2004,3,28,,,600,,600,,,,,14285,23044,61.9895859343217,"[{""adm2_code"":25782,""adm2_name"":""Málaga""}]",2004-04-14,2023-09-25
2004-0155-RUS,No,tec-ind-exp-exp,Technological,Industrial accident,Explosion (Industrial),Explosion (Industrial),,Coal mine,RUS,Russian Federation,Eastern Europe,Europe,"Taïjina ((Kemerovo region, Siberia)",,,No,No,No,,,m3,,,,2004,4,10,2004,4,10,47,6,,,6,,,,,,,61.9895859343217,,2004-04-14,2023-09-25
2004-0163-BIH,No,nat-hyd-flo-riv,Natural,Hydrological,Flood,Riverine flood,,,BIH,Bosnia and Herzegovina,Southern Europe,Europe,"Posavski, Srednjebosanski, Unsko-sanski, Zenicko-Dobojski districts (Federacija Bosne I Hercegovine province), Banja Luka, Prijedor, Doboj, Laktasi, Srbac, Celinac, Sipovo, Jajce, Mrkonjic Grad, Prnjavor, Modrica, Travnik, Donji Vakuf, Maglaj, Lukavac, Gracanica, Sanski Most, Kljuc, Mostar, Brcko districts (Republika Srpska province) ; BIhac city (Unsko-sanski district), Bugojno, Gornji municipalities (Srednjebosanski district) (Federacija Bosne I Hercegovine province), Zivinice municipality (Tuzla district, Republika Srpska province)",Heavy rain,"Slide (land, mud, snow, rock)",No,No,Yes,45,2040,Km2,,,"Vrbas, Lasva, Pliva, Bosna, Sana, Vrbanja, Josavka, Una, Zdena, Drina, Sava",2004,4,6,2004,4,14,,,275000,,275000,,,,,,,61.9895859343217,"[{""adm2_code"":6243,""adm2_name"":""Posavski""},{""adm2_code"":6245,""adm2_name"":""Srednjebosanski""},{""adm2_code"":6247,""adm2_name"":""Unsko-sanski""},{""adm2_code"":6250,""adm2_name"":""Zenicko-dobojski""},{""adm2_code"":6251,""adm2_name"":""Banja Luka""},{""adm2_code"":6262,""adm2_name"":""Brcko""},{""adm2_code"":6264,""adm2_name"":""Celinac""},{""adm2_code"":6266,""adm2_name"":""Doboj""},{""adm2_code"":6267,""adm2_name"":""Donji Vakuf""},{""adm2_code"":6272,""adm2_name"":""Gracanica""},{""adm2_code"":6277,""adm2_name"":""Jajce""},{""adm2_code"":6281,""adm2_name"":""Kljuc""},{""adm2_code"":6285,""adm2_name"":""Laktasi""},{""adm2_code"":6288,""adm2_name"":""Lukavac""},{""adm2_code"":6289,""adm2_name"":""Maglaj""},{""adm2_code"":6290,""adm2_name"":""Modrica""},{""adm2_code"":6291,""adm2_name"":""Mostar""},{""adm2_code"":6292,""adm2_name"":""Mrkonji] Grad""},{""adm2_code"":6299,""adm2_name"":""Prijedor""},{""adm2_code"":6300,""adm2_name"":""Prnjavor""},{""adm2_code"":6303,""adm2_name"":""Sanski Most""},{""adm2_code"":6305,""adm2_name"":""Sipovo""},{""adm2_code"":6307,""adm2_name"":""Srbac""},{""adm2_code"":6314,""adm2_name"":""Travnik""},{""adm2_code"":6317,""adm2_name"":""Tuzla""}]",2005-04-12,2023-09-25
2004-0164-RUS,No,nat-hyd-flo-riv,Natural,Hydrological,Flood,Riverine flood,,,RUS,Russian Federation,Eastern Europe,Europe,"Bryanskaya Oblast, Tverskaya Oblast, Chelyabinskaya Oblast, Moskva, Novgorodskaya Oblast, Mordoviya Rep. provinces",Rain and snowmelt,,No,No,No,,840000,Km2,,,Dnepr,2004,3,30,2004,4,9,,,1220,,1220,,,,,1797,2899,61.9895859343217,"[{""adm1_code"":2496,""adm1_name"":""Bryanskaya Oblast""},{""adm1_code"":2499,""adm1_name"":""Chelyabinskaya Oblast""},{""adm1_code"":2533,""adm1_name"":""Mordoviya Rep.""},{""adm1_code"":2535,""adm1_name"":""Moskva""},{""adm1_code"":2540,""adm1_name"":""Novgorodskaya Oblast""},{""adm1_code"":2565,""adm1_name"":""Tverskaya Oblast""}]",2004-04-14,2023-09-25
2004-0169-BIH,No,nat-hyd-flo-riv,Natural,Hydrological,Flood,Riverine flood,,,BIH,Bosnia and Herzegovina,Southern Europe,Europe,"Bugojno municipality, Gonji Vakuf village (Srednjebosanski district, Federacija Bosne I Hercegovine province) ; Jajce district (Republika Srpska province)",Heavy rain,,No,No,No,,47170,Km2,,,Sava,2004,3,23,2004,4,3,,,3000,,3000,,,,,,,61.9895859343217,"[{""adm2_code"":6245,""adm2_name"":""Srednjebosanski""},{""adm2_code"":6277,""adm2_name"":""Jajce""}]",2004-04-16,2023-09-25
2004-0172-RUS,No,nat-hyd-flo-riv,Natural,Hydrological,Flood,Riverine flood,,,RUS,Russian Federation,Eastern Europe,Europe,"Krapivino (Kemerovskaya Oblast province), Biisk city (Altayskiy Kray province), Abaz city (Khakasiya Rep. province) ; Altay Rep., Altayskiy Kray, Tomskaya Oblast provinces","Rain, snowmelt",,No,No,Yes,,264500,Km2,,,"Kondoma, Malyshev Log, Tom, Maima, Udalushka, Isha, Biya, Chumysh, Abakan",2004,4,14,2004,5,18,18,,4800,,4800,,,16000,25811,50000,80659,61.9895859343217,"[{""adm1_code"":2489,""adm1_name"":""Altay Rep.""},{""adm1_code"":2490,""adm1_name"":""Altayskiy Kray""},{""adm1_code"":2515,""adm1_name"":""Kemerovskaya Oblast""},{""adm1_code"":2517,""adm1_name"":""Khakasiya Rep.""},{""adm1_code"":2563,""adm1_name"":""Tomskaya Oblast""}]",2005-01-24,2023-09-25
2004-0187-RUS,No,tec-ind-fir-fir,Technological,Industrial accident,Fire (Industrial),Fire (Industrial),,Furniture factory,RUS,Russian Federation,Eastern Europe,Europe,Pirogovo village (Moscow region),,,No,No,No,,,m3,,,,2004,4,26,2004,4,26,13,8,,,8,,,,,,,61.9895859343217,,2004-04-28,2023-09-25
2004-0203-UKR,No,tec-mis-exp-exp,Technological,Miscellaneous accident,Explosion (Miscellaneous),Explosion (Miscellaneous),,Munitions dump,UKR,Ukraine,Eastern Europe,Europe,Novobohdanovska (Zaporozhye region),,,No,No,No,,,,,,,2004,5,6,2004,5,6,5,300,5000,,5300,,,,,,,61.9895859343217,,2004-05-10,2023-09-25
2004-0207-UKR,No,tec-tra-rai-rai,Technological,Transport,Rail,Rail,,,UKR,Ukraine,Eastern Europe,Europe,Near Kernitchki (Odessa region),,,No,No,No,,,,,,,2004,5,16,2004,5,16,15,20,,,20,,,,,,,61.9895859343217,,2004-05-17,2023-09-25
2004-0208-RUS,No,nat-cli-wil-for,Natural,Climatological,Wildfire,Forest fire,,,RUS,Russian Federation,Eastern Europe,Europe,"Kurgan, Omskaya Oblast, Novosibirskaya Oblast, Kemerovskaya Oblast, Tomskaya Oblast, Irkutskaya Oblast, Chitinskaya Oblast, Aginskiy Buryatskiy A. Okrug, Altay Rep., Krasnoyarskiy Kray provinces",Dry and hot weather,,No,No,No,,245,Km2,,,,2004,5,14,2004,5,16,9,,,1000,1000,,,,,,,61.9895859343217,"[{""adm1_code"":2489,""adm1_name"":""Altay Rep.""},{""adm1_code"":2500,""adm1_name"":""Chitinskaya Oblast""},{""adm1_code"":2506,""adm1_name"":""Irkutskaya Oblast""},{""adm1_code"":2515,""adm1_name"":""Kemerovskaya Oblast""},{""adm1_code"":2525,""adm1_name"":""Krasnoyarskiy Kray""},{""adm1_code"":2541,""adm1_name"":""Novosibirskaya Oblast""},{""adm1_code"":2542,""adm1_name"":""Omskaya Oblast""},{""adm1_code"":2563,""adm1_name"":""Tomskaya Oblast""}]",2004-06-14,2023-09-25
2004-0226-ROU,No,tec-tra-roa-roa,Technological,Transport,Road,Road,,,ROU,Romania,Eastern Europe,Europe,Mihailesti,,,No,No,No,,,,,,,2004,5,24,2004,5,24,18,13,,,13,,,,,,,61.9895859343217,,2004-06-01,2023-09-25
2004-0239-ESP,No,tec-tra-wat-wat,Technological,Transport,Water,Water,,"Chalutier ""O Bahia""",ESP,Spain,Southern Europe,Europe,Near Sisargas Isl. (Galicia),Bad weather,,No,No,No,,,,,,,2004,6,3,2004,6,3,10,,,,,,,,,,,61.9895859343217,,2004-06-14,2023-09-25
2004-0250-RUS,No,nat-geo-ear-gro,Natural,Geophysical,Earthquake,Ground movement,USGS:usp000cwkb,,RUS,Russian Federation,Eastern Europe,Europe,Tatarsky Bay (Sakhalin Isl.) (Sakhalinskaya Oblast Province),,,No,No,No,,4.9,Moment Magnitude,47.311,142.12,,2004,5,31,2004,5,31,,,138,,138,,,,,,,61.9895859343217,"[{""adm1_code"":2552,""adm1_name"":""Sakhalinskaya Oblast""}]",2004-06-18,2023-09-25
2004-0252-MKD,No,nat-hyd-flo-riv,Natural,Hydrological,Flood,Riverine flood,,,MKD,North Macedonia,Southern Europe,Europe,"Jegunovce, Dzepciste districts (Tetovo province), Strumica district (Strumica province), Gevgelija, Bogdanci districts (Gevgelija province) Kocani district (Kocani province)",Heavy rains,,No,No,No,30,14370,Km2,,,"Pena, Vardar, Anska Reka, Trkajna, Turija",2004,6,4,2004,6,7,,,100000,,100000,,,,,3600,5807,61.9895859343217,"[{""adm2_code"":27215,""adm2_name"":""Bogdanci""},{""adm2_code"":27216,""adm2_name"":""Gevgelija""},{""adm2_code"":27237,""adm2_name"":""Kocani""},{""adm2_code"":27297,""adm2_name"":""Strumica""},{""adm2_code"":27303,""adm2_name"":""Dzepiste""},{""adm2_code"":27304,""adm2_name"":""Jegunovce""}]",2005-04-12,2023-09-25
2004-0257-ROU,No,nat-met-sto-sto,Natural,Meteorological,Storm,Storm (General),,,ROU,Romania,Eastern Europe,Europe,Doljesti municipality (Neamt province) ; Alba province,,"Rain|Slide (land, mud, snow, rock)",No,No,No,,,Kph,,,,2004,6,13,2004,6,15,1,,600,,600,,,,,,,61.9895859343217,"[{""adm1_code"":2446,""adm1_name"":""Alba""},{""adm1_code"":2474,""adm1_name"":""Neamt""}]",2004-07-07,2023-09-25
2004-0266-RUS,No,nat-met-sto-hai,Natural,Meteorological,Storm,Hail,,,RUS,Russian Federation,Eastern Europe,Europe,Karatchayevo-cherkesiya Rep. province,,Hail,No,No,No,,,Kph,,,,2004,6,9,2004,6,9,,,6000,,6000,,,,,,,61.9895859343217,"[{""adm1_code"":2513,""adm1_name"":""Karatchayevo-cherkesiya Rep.""}]",2004-06-17,2023-09-25
2004-0277-FRA,No,tec-tra-roa-roa,Technological,Transport,Road,Road,,,FRA,France,Western Europe,Europe,Near Poitiers,,,No,No,No,,,,,,,2004,6,23,2004,6,23,11,39,,,39,,,,,,,61.9895859343217,,2004-06-28,2023-09-25
2004-0333-ALB,No,nat-met-ext-hea,Natural,Meteorological,Extreme temperature,Heat wave,,,ALB,Albania,Southern Europe,Europe,"Durres city (Durres district, Durres province)",,,No,No,No,,38,°C,,,,2004,7,1,2004,7,,3,,,,,,,,,,,61.9895859343217,"[{""adm2_code"":3819,""adm2_name"":""Durres""}]",2004-07-12,2023-09-25
2004-0333-MKD,No,nat-met-ext-hea,Natural,Meteorological,Extreme temperature,Heat wave,,,MKD,North Macedonia,Southern Europe,Europe,"Berovo, Bitola, Brod, Debar, Delcevo, Demir Hisar, Gevgelija, Gostivar, Kavadarci, Kicevo, Kocani, Kratovo, Kriva Palanka, Krusevo, Kumanovo, Negotino, Ohrid, Prilep, Probistip, Radovic, Resen, Skopje, Stip, Struga, Strumica, Sveti Nikole, Tetovo, Valandovo, Veles, Vinica provinces",,,No,No,No,,43,°C,,,,2004,7,1,2004,7,,15,,,,,,,,,,,61.9895859343217,"[{""adm1_code"":2927,""adm1_name"":""Berovo""},{""adm1_code"":2928,""adm1_name"":""Bitola""},{""adm1_code"":2929,""adm1_name"":""Brod""},{""adm1_code"":2930,""adm1_name"":""Debar""},{""adm1_code"":2931,""adm1_name"":""Delcevo""},{""adm1_code"":2932,""adm1_name"":""Demir Hisar""},{""adm1_code"":2933,""adm1_name"":""Gevgelija""},{""adm1_code"":2934,""adm1_name"":""Gostivar""},{""adm1_code"":2935,""adm1_name"":""Kavadarci""},{""adm1_code"":2936,""adm1_name"":""Kicevo""},{""adm1_code"":2937,""adm1_name"":""Kocani""},{""adm1_code"":2938,""adm1_name"":""Kratovo""},{""adm1_code"":2939,""adm1_name"":""Kriva Palanka""},{""adm1_code"":2940,""adm1_name"":""Krusevo""},{""adm1_code"":2941,""adm1_name"":""Kumanovo""},{""adm1_code"":2942,""adm1_name"":""Negotino""},{""adm1_code"":2943,""adm1_name"":""Ohrid""},{""adm1_code"":2944,""adm1_name"":""Prilep""},{""adm1_code"":2945,""adm1_name"":""Probistip""},{""adm1_code"":2946,""adm1_name"":""Radovic""},{""adm1_code"":2947,""adm1_name"":""Resen""},{""adm1_code"":2948,""adm1_name"":""Skopje""},{""adm1_code"":2949,""adm1_name"":""Stip""},{""adm1_code"":2950,""adm1_name"":""Struga""},{""adm1_code"":2951,""adm1_name"":""Strumica""},{""adm1_code"":2952,""adm1_name"":""Sveti Nikole""},{""adm1_code"":2953,""adm1_name"":""Tetovo""},{""adm1_code"":2954,""adm1_name"":""Valandovo""},{""adm1_code"":2955,""adm1_name"":""Veles""},{""adm1_code"":2956,""adm1_name"":""Vinica""}]",2004-07-12,2023-09-25
2004-0333-ROU,No,nat-met-ext-hea,Natural,Meteorological,Extreme temperature,Heat wave,,,ROU,Romania,Eastern Europe,Europe,"Alba, Arad, Arges, Bacau, Bihor, Bistrita-nasaud, Botosani, Braila, Brasov, Bucuresti, Buzau, Calarasi, Caras-severin, Cluj, Constanta, Covasna, Dimbovita, Boj, Galati, Giurgiu, Gorj, Harghita, Hunedoara, Ialomita, Iasi, Maramures, Mehedinti, Mures, Neamt, Olt, Prahova, Salaj, Satu Mare, Sibiu, Suceava, Teleorman, Timis, Tulcea, Vaslui, Vilcea, Vrancea provinces",,,No,No,No,,38,°C,,,,2004,7,1,2004,7,,27,,,,,,,,,,,61.9895859343217,"[{""adm1_code"":2446,""adm1_name"":""Alba""},{""adm1_code"":2447,""adm1_name"":""Arad""},{""adm1_code"":2448,""adm1_name"":""Arges""},{""adm1_code"":2449,""adm1_name"":""Bacau""},{""adm1_code"":2450,""adm1_name"":""Bihor""},{""adm1_code"":2451,""adm1_name"":""Bistrita-nasaud""},{""adm1_code"":2452,""adm1_name"":""Botosani""},{""adm1_code"":2453,""adm1_name"":""Braila""},{""adm1_code"":2454,""adm1_name"":""Brasov""},{""adm1_code"":2455,""adm1_name"":""Bucuresti""},{""adm1_code"":2456,""adm1_name"":""Buzau""},{""adm1_code"":2457,""adm1_name"":""Calarasi""},{""adm1_code"":2458,""adm1_name"":""Caras-severin""},{""adm1_code"":2459,""adm1_name"":""Cluj""},{""adm1_code"":2460,""adm1_name"":""Constanta""},{""adm1_code"":2461,""adm1_name"":""Covasna""},{""adm1_code"":2462,""adm1_name"":""Dimbovita""},{""adm1_code"":2463,""adm1_name"":""Dolj""},{""adm1_code"":2464,""adm1_name"":""Galati""},{""adm1_code"":2465,""adm1_name"":""Giurgiu""},{""adm1_code"":2466,""adm1_name"":""Gorj""},{""adm1_code"":2467,""adm1_name"":""Harghita""},{""adm1_code"":2468,""adm1_name"":""Hunedoara""},{""adm1_code"":2469,""adm1_name"":""Ialomita""},{""adm1_code"":2470,""adm1_name"":""Iasi""},{""adm1_code"":2471,""adm1_name"":""Maramures""},{""adm1_code"":2472,""adm1_name"":""Mehedinti""},{""adm1_code"":2473,""adm1_name"":""Mures""},{""adm1_code"":2474,""adm1_name"":""Neamt""},{""adm1_code"":2475,""adm1_name"":""Olt""},{""adm1_code"":2476,""adm1_name"":""Prahova""},{""adm1_code"":2477,""adm1_name"":""Salaj""},{""adm1_code"":2478,""adm1_name"":""Satu Mare""},{""adm1_code"":2479,""adm1_name"":""Sibiu""},{""adm1_code"":2480,""adm1_name"":""Suceava""},{""adm1_code"":2481,""adm1_name"":""Teleorman""},{""adm1_code"":2482,""adm1_name"":""Timis""},{""adm1_code"":2483,""adm1_name"":""Tulcea""},{""adm1_code"":2484,""adm1_name"":""Vaslui""},{""adm1_code"":2485,""adm1_name"":""Vilcea""},{""adm1_code"":2486,""adm1_name"":""Vrancea""}]",2004-08-03,2023-09-25
2004-0336-ROU,No,nat-met-sto-hai,Natural,Meteorological,Storm,Hail,,,ROU,Romania,Eastern Europe,Europe,"Satu-Mare, Harghita, Iasi, Tulcea provinces",,"Slide (land, mud, snow, rock)",No,No,No,,,Kph,,,,2004,7,10,2004,7,14,7,,1200,,1200,,,,,,,61.9895859343217,"[{""adm1_code"":2467,""adm1_name"":""Harghita""},{""adm1_code"":2470,""adm1_name"":""Iasi""},{""adm1_code"":2478,""adm1_name"":""Satu Mare""},{""adm1_code"":2483,""adm1_name"":""Tulcea""}]",2004-08-03,2023-09-25
2004-0351-UKR,No,tec-ind-exp-exp,Technological,Industrial accident,Explosion (Industrial),Explosion (Industrial),,Coal mine,UKR,Ukraine,Eastern Europe,Europe,"Krasnolimanska mine (Rodinské, Donbass, Donesk region)",,,No,No,No,,,m3,,,,2004,7,19,2004,7,19,36,,,,,,,,,,,61.9895859343217,,2004-08-10,2023-09-25
2004-0356-ROU,No,nat-met-sto-sto,Natural,Meteorological,Storm,Storm (General),,,ROU,Romania,Eastern Europe,Europe,"Brasov, Neamt, Tulcea, Bacau provinces",,,No,No,No,,,Kph,,,,2004,7,22,2004,7,22,4,,600,,600,,,,,,,61.9895859343217,"[{""adm1_code"":2449,""adm1_name"":""Bacau""},{""adm1_code"":2454,""adm1_name"":""Brasov""},{""adm1_code"":2474,""adm1_name"":""Neamt""},{""adm1_code"":2483,""adm1_name"":""Tulcea""}]",2004-08-03,2023-09-25
2004-0361-ESP,No,nat-met-ext-hea,Natural,Meteorological,Extreme temperature,Heat wave,,,ESP,Spain,Southern Europe,Europe,"Andalucía, Castilla-La Mancha, Comunidad de Madrid, Comunitat Valenciana, Extremadura, Región de Murcia provinces",,,No,No,No,,,°C,,,,2004,7,26,2004,7,30,26,,,,,,,,,,,61.9895859343217,"[{""adm1_code"":2716,""adm1_name"":""Andalucía""},{""adm1_code"":2723,""adm1_name"":""Castilla-La Mancha""},{""adm1_code"":2726,""adm1_name"":""Comunitat Valenciana""},{""adm1_code"":2727,""adm1_name"":""Extremadura""},{""adm1_code"":2729,""adm1_name"":""Comunidad de Madrid""},{""adm1_code"":2731,""adm1_name"":""Región de Murcia""}]",2004-08-03,2023-09-25
2004-0365-ROU,No,nat-hyd-flo-riv,Natural,Hydrological,Flood,Riverine flood,,,ROU,Romania,Eastern Europe,Europe,"Brasov, Buzau, Iasi, Bacau provinces",Heavy rains,"Slide (land, mud, snow, rock)",No,No,No,,3540,Km2,,,"Trotus, Teleajen",2004,7,28,2004,8,1,4,,14128,,14128,,,,,,,61.9895859343217,"[{""adm1_code"":2449,""adm1_name"":""Bacau""},{""adm1_code"":2454,""adm1_name"":""Brasov""},{""adm1_code"":2456,""adm1_name"":""Buzau""},{""adm1_code"":2470,""adm1_name"":""Iasi""}]",2004-08-06,2023-09-25
2004-0368-BEL,No,tec-ind-exp-exp,Technological,Industrial accident,Explosion (Industrial),Explosion (Industrial),,Gazoduc,BEL,Belgium,Western Europe,Europe,Ghislenghien (Ath),Gas leak,,No,No,No,,,m3,,,,2004,7,30,2004,7,30,23,130,,,130,,,,,100000,161317,61.9895859343217,,2005-04-18,2023-09-25
2004-0369-HUN,No,nat-hyd-flo-riv,Natural,Hydrological,Flood,Riverine flood,,,HUN,Hungary,Eastern Europe,Europe,Tokaj city (Borsod-Abauj-Zemplen province),Heavy rains,,No,No,No,,,Km2,,,Hernad,2004,7,27,2004,8,2,,,384,9,393,,,,,,,61.9895859343217,"[{""adm1_code"":1443,""adm1_name"":""Borsod-abauj-zemplen""}]",2004-08-13,2023-09-25
2004-0369-POL,No,nat-hyd-flo-riv,Natural,Hydrological,Flood,Riverine flood,,,POL,Poland,Eastern Europe,Europe,"Podkarpackie, Malopolske province",Heavy rains,,No,No,No,,,Km2,,,,2004,7,27,2004,8,2,,,600,,600,,,,,,,61.9895859343217,"[{""adm1_code"":2375,""adm1_name"":""Malopolske""},{""adm1_code"":2378,""adm1_name"":""Podkarpackie""}]",2004-08-03,2023-09-25
2004-0369-SVK,No,nat-hyd-flo-riv,Natural,Hydrological,Flood,Riverine flood,,,SVK,Slovakia,Eastern Europe,Europe,"Spisska Nova Ves, Gelnica districts (Kosice province)",Heavy rains,"Slide (land, mud, snow, rock)",No,No,No,,,Km2,,,"Hornad, Bodrog, Torysa, Ondava",2004,7,27,2004,8,2,1,,230,,230,,,,,,,61.9895859343217,"[{""adm2_code"":25449,""adm2_name"":""Gelnica""},{""adm2_code"":25458,""adm2_name"":""Spisska Nova Ves""}]",2004-08-03,2023-09-25
2004-0373-ESP,No,nat-cli-wil-for,Natural,Climatological,Wildfire,Forest fire,,,ESP,Spain,Southern Europe,Europe,"Andalucia, Region de Murcia provinces","Human, high temperature, drought and wind",,No,No,No,,420,Km2,,,,2004,7,28,2004,8,4,3,100,1000,,1100,,,2000,3226,3000,4840,61.9895859343217,"[{""adm1_code"":2716,""adm1_name"":""Andalucía""},{""adm1_code"":2731,""adm1_name"":""Región de Murcia""}]",2005-03-09,2023-09-25
2004-0383-PRT,No,nat-cli-wil-for,Natural,Climatological,Wildfire,Forest fire,,,PRT,Portugal,Southern Europe,Europe,"Vila Real, Santarem, Faro, Viseu, Braganca provinces",,Heat wave,No,No,No,,1080,Km2,,,,2004,7,,2004,8,,2,,,,,,,,,,,61.9895859343217,"[{""adm1_code"":2389,""adm1_name"":""Braganca""},{""adm1_code"":2393,""adm1_name"":""Faro""},{""adm1_code"":2409,""adm1_name"":""Santarem""},{""adm1_code"":2412,""adm1_name"":""Vila Real""},{""adm1_code"":2413,""adm1_name"":""Viseu""}]",2005-01-25,2023-09-25
2004-0385-RUS,No,tec-tra-air-air,Technological,Transport,Air,Air,,Helicopter Mi-8,RUS,Russian Federation,Eastern Europe,Europe,Raduzhnoye area (Tyumen region),,,No,No,No,,,,,,,2004,8,5,2004,8,5,15,,,,,,,,,,,61.9895859343217,,2004-08-23,2023-09-25
2004-0388-RUS,No,nat-met-sto-tro,Natural,Meteorological,Storm,Tropical cyclone,,,RUS,Russian Federation,Eastern Europe,Europe,Ustordynskiy Buryatskiy Okrug province,,,No,No,No,,100,Kph,,,,2004,7,22,2004,7,22,6,62,,,62,,,,,6000,9679,61.9895859343217,"[{""adm1_code"":2570,""adm1_name"":""Ustordynskiy Buryatskiy Okrug""}]",2005-03-23,2023-09-25
2004-0423-GBR,No,nat-hyd-flo-fla,Natural,Hydrological,Flood,Flash flood,,,GBR,United Kingdom of Great Britain and Northern Ireland,Northern Europe,Europe,"Kastel Boterel, Tintagel, Camelford villages (Cornwall district, England province)",Torrential rains,,No,No,No,,,Km2,,,"Valency, Jordan, Paradise, Camel",2004,8,16,2004,8,17,,8,1000,,1008,,,,,96000,154865,61.9895859343217,"[{""adm2_code"":40101,""adm2_name"":""Cornwall""}]",2004-08-24,2023-09-25
2004-0427-FRA,No,nat-met-sto-sto,Natural,Meteorological,Storm,Storm (General),,,FRA,France,Western Europe,Europe,"Alpes-maritimes, Var, Bouches-du-Rhone districts (Provence-Alpes-Cote-d'Azur province), Gard, Aude, Herault, Pyrenees-Orientales districts (Languedoc-Rousillon province) (Region Méditérranéenne), Aveyron, Lot districts (Midi-Pyrenees province), Lozère district (Langedoc-Rousillon province), Cantal, Haute-Loire, Puy-de-Dôme, Allier districts (Auvergne province), Loire district (Rhone-Alpes province), Creuse, Haute-Vienne, Corrèze districts (Limousin province) (Massif Central)",,Rain,No,No,No,,,Kph,,,,2004,8,17,2004,8,18,11,,,,,,,,,,,61.9895859343217,"[{""adm2_code"":16245,""adm2_name"":""Allier""},{""adm2_code"":16246,""adm2_name"":""Cantal""},{""adm2_code"":16247,""adm2_name"":""Haute-Loire""},{""adm2_code"":16248,""adm2_name"":""Puy-de-Dome""},{""adm2_code"":16288,""adm2_name"":""Lozere""},{""adm2_code"":16291,""adm2_name"":""Correze""},{""adm2_code"":16292,""adm2_name"":""Creuse""},{""adm2_code"":16293,""adm2_name"":""Haute-Vienne""},{""adm2_code"":16299,""adm2_name"":""Aveyron""},{""adm2_code"":16303,""adm2_name"":""Lot""},{""adm2_code"":16331,""adm2_name"":""Loire""}]",2004-08-20,2023-09-25
2004-0429-UKR,No,tec-tra-roa-roa,Technological,Transport,Road,Road,,,UKR,Ukraine,Eastern Europe,Europe,Tcherkassy region,,,No,No,No,,,,,,,2004,8,19,2004,8,19,10,14,,,14,,,,,,,61.9895859343217,,2004-08-20,2023-09-25
2004-0444-ROU,No,nat-hyd-flo-fla,Natural,Hydrological,Flood,Flash flood,,,ROU,Romania,Eastern Europe,Europe,"Constanta, Vaslui, Bacau provinces",Torrential rain,Rain,Yes,No,Yes,,,Km2,,,,2004,8,27,2004,8,27,6,,14000,,14000,,,,,,,61.9895859343217,"[{""adm1_code"":2449,""adm1_name"":""Bacau""},{""adm1_code"":2460,""adm1_name"":""Constanta""},{""adm1_code"":2484,""adm1_name"":""Vaslui""}]",2005-12-01,2023-09-25
2004-0454-RUS,No,nat-hyd-flo-riv,Natural,Hydrological,Flood,Riverine flood,,,RUS,Russian Federation,Eastern Europe,Europe,"Labinsk, Motovsk districts (Krasnodarskiy Kray province)",Heavy rain,Broken Dam/Burst bank,No,No,No,,830,Km2,,,"Chalmyk, Okart",2004,8,31,2004,9,1,,,500,,500,,,,,4962,8005,61.9895859343217,"[{""adm1_code"":2524,""adm1_name"":""Krasnodarskiy Kray""}]",2004-09-07,2023-09-25
2004-0459-RUS,No,nat-met-sto-tro,Natural,Meteorological,Storm,Tropical cyclone,,Songda (Nina/22W),RUS,Russian Federation,Eastern Europe,Europe,Kouriles Isl. (Sakhalinskaya Oblast province),,Transport accident,No,No,No,,,Kph,,,,2004,9,10,2004,9,10,3,,,,,,,,,,,61.9895859343217,"[{""adm1_code"":2552,""adm1_name"":""Sakhalinskaya Oblast""}]",2004-09-10,2023-09-25
2004-0465-GRC,No,tec-tra-air-air,Technological,Transport,Air,Air,,Helicopter,GRC,Greece,Southern Europe,Europe,Near Alonissos Isl. (Egee sea),,,No,No,No,,,,,,,2004,9,11,2004,9,11,17,,,,,,,,,,,61.9895859343217,,2004-09-14,2023-09-25
2004-0466-GRC,No,tec-tra-wat-wat,Technological,Transport,Water,Water,,,GRC,Greece,Southern Europe,Europe,Near Samos Isl. (Egée sea),,,No,No,No,,,,,,,2004,9,11,2004,9,12,15,,7,,7,,,,,,,61.9895859343217,,2004-09-14,2023-09-25
2004-0467-RUS,No,tec-tra-roa-roa,Technological,Transport,Road,Road,,,RUS,Russian Federation,Eastern Europe,Europe,Daguestan,,,No,No,No,,,,,,,2004,9,12,2004,9,12,11,11,,,11,,,,,,,61.9895859343217,,2004-09-14,2023-09-25
2004-0516-ALB,No,tec-tra-roa-roa,Technological,Transport,Road,Road,,,ALB,Albania,Southern Europe,Europe,Near Fushe Arrazez,,,No,No,No,,,,,,,2004,10,14,2004,10,14,15,25,,,25,,,,,,,61.9895859343217,,2004-10-15,2023-09-25
2004-0538-RUS,No,tec-ind-exp-exp,Technological,Industrial accident,Explosion (Industrial),Explosion (Industrial),,Coal mine,RUS,Russian Federation,Eastern Europe,Europe,"Listviajnaïa (Kemerovo, Siberia)",,,No,No,No,,,m3,,,,2004,10,28,2004,10,28,13,23,,,23,,,,,,,61.9895859343217,,2004-11-16,2023-09-25
2004-0551-RUS,No,tec-tra-wat-wat,Technological,Transport,Water,Water,,"Cargo ""Vest""",RUS,Russian Federation,Eastern Europe,Europe,Primorie region,Storm,,No,No,No,,,,,,,2004,11,2,2004,11,2,26,2,,,2,,,,,,,61.9895859343217,,2004-11-10,2023-09-25
2004-0552-GBR,No,tec-tra-rai-rai,Technological,Transport,Rail,Rail,,,GBR,United Kingdom of Great Britain and Northern Ireland,Northern Europe,Europe,Near Ufton Nervet (Reading),,,No,No,No,,,,,,,2004,11,6,2004,11,6,7,150,,,150,,,,,,,61.9895859343217,,2004-11-10,2025-03-17
2004-0558-RUS,No,tec-mis-fir-fir,Technological,Miscellaneous accident,Fire (Miscellaneous),Fire (Miscellaneous),,Workers hall,RUS,Russian Federation,Eastern Europe,Europe,"Kyzyl (Touva, Siberia)",,,No,No,No,,,,,,,2004,11,10,2004,11,10,29,22,142,,164,,,,,,,61.9895859343217,,2004-11-15,2023-09-25
2004-0568-ITA,No,nat-met-sto-sev,Natural,Meteorological,Storm,Severe weather,,,ITA,Italy,Southern Europe,Europe,"Lampedusa Island (Agrigento district, Sicilia province), Toscana, Umbria, Molise provinces",Heavy rains,"Flood|Slide (land, mud, snow, rock)",No,No,No,,,Kph,,,,2004,11,13,2004,11,14,2,,200,,200,,,,,,,61.9895859343217,"[{""adm1_code"":1626,""adm1_name"":""Molise""},{""adm1_code"":1631,""adm1_name"":""Toscana""},{""adm1_code"":1633,""adm1_name"":""Umbria""},{""adm2_code"":18390,""adm2_name"":""Agrigento""}]",2004-11-15,2023-09-25
2004-0584-SVK,No,nat-met-sto-sto,Natural,Meteorological,Storm,Storm (General),GLIDE:VW-2004-000133,,SVK,Slovakia,Eastern Europe,Europe,"Liptovsky Mikulas district (Zilna province), Poprad district (Presov province)(Tatras region)",,,No,No,No,50,170,Kph,,,,2004,11,19,2004,11,19,2,24,10300,,10324,,,,,383300,618330,61.9895859343217,"[{""adm2_code"":25472,""adm2_name"":""Poprad""},{""adm2_code"":25500,""adm2_name"":""Liptovsky Mikulas""}]",2005-04-12,2025-03-04
2004-0593-DNK,No,tec-ind-exp-exp,Technological,Industrial accident,Explosion (Industrial),Explosion (Industrial),,Fireworks factory,DNK,Denmark,Northern Europe,Europe,Kolding,,,No,No,No,,,m3,,,,2004,11,4,2004,11,4,1,12,2000,60,2072,,,,,,,61.9895859343217,,2004-11-22,2023-09-25
2004-0596-IRL,No,nat-met-sto-sto,Natural,Meteorological,Storm,Storm (General),,,IRL,Ireland,Northern Europe,Europe,"Cork, Waterford provinces ; Dungarvan city (Waterford province), Clonmel city (Tipperary province)",,Flood,No,No,No,,,Kph,,,"Lee, Suir, Slaney",2004,10,27,2004,10,31,,,200,,200,,,,,,,61.9895859343217,"[{""adm1_code"":1585,""adm1_name"":""Cork""},{""adm1_code"":1604,""adm1_name"":""Tipperary""},{""adm1_code"":1605,""adm1_name"":""Waterford""}]",2004-11-22,2023-11-10
2004-0623-RUS,No,tec-mis-fir-fir,Technological,Miscellaneous accident,Fire (Miscellaneous),Fire (Miscellaneous),,Entrepôt de meubles,RUS,Russian Federation,Eastern Europe,Europe,Moscow region,,,No,No,No,,,,,,,2004,12,3,2004,12,3,15,,,,,,,,,,,61.9895859343217,,2004-12-16,2023-09-25
2004-0633-ALB,No,nat-hyd-flo-riv,Natural,Hydrological,Flood,Riverine flood,,,ALB,Albania,Southern Europe,Europe,"Obot village (Ana E Malit district, Shkodra province)",Heavy rain,Broken Dam/Burst bank,No,No,No,,430,Km2,,,Drini river,2004,12,4,2004,12,8,,,2500,,2500,,,,,173,279,61.9895859343217,"[{""adm2_code"":4071,""adm2_name"":""Ana E Malit""}]",2005-01-03,2023-09-25
2004-0657-FRA,No,tec-mis-exp-exp,Technological,Miscellaneous accident,Explosion (Miscellaneous),Explosion (Miscellaneous),,Immeuble de logements sociaux,FRA,France,Western Europe,Europe,Mulhouse,,,No,No,No,,,,,,,2004,12,26,2004,12,26,17,15,,,15,,,,,,,61.9895859343217,,2004-12-27,2023-09-25
2004-0669-DEU,No,nat-geo-ear-gro,Natural,Geophysical,Earthquake,Ground movement,USGS:usp000da1z,,DEU,Germany,Western Europe,Europe,"Waldkirch, Emmendingen towns (Freiburg district, Baden-Wuerttemberg Province)",,,No,No,No,,4.8,Moment Magnitude,48.115,8.077,,2004,12,5,2004,12,5,,,150,,150,,,8000,12905,12000,19358,61.9895859343217,"[{""adm2_code"":16526,""adm2_name"":""Freiburg""}]",2005-02-02,2023-09-25
2004-0670-SVN,No,nat-geo-ear-gro,Natural,Geophysical,Earthquake,Ground movement,USGS:usp000d00p,,SVN,Slovenia,Southern Europe,Europe,"Kobarid, Bovec districts (Goriska Province)",,"Slide (land, mud, snow, rock)",No,No,No,,5.2,Moment Magnitude,46.296,13.641,,2004,7,12,2004,7,12,1,5,600,,605,,,1000,1613,10000,16132,61.9895859343217,"[{""adm2_code"":25523,""adm2_name"":""Bovec""},{""adm2_code"":25528,""adm2_name"":""Kobarid""}]",2005-02-02,2023-09-25
2004-0684-RUS,No,tec-tra-air-air,Technological,Transport,Air,Air,,Tupolev,RUS,Russian Federation,Eastern Europe,Europe,Rostov-on-Don (Buchalki),,,No,No,No,,,,,,,2004,8,24,2004,8,24,90,,,,,,,,,,,61.9895859343217,,2005-03-15,2023-09-25
2004-0715-RUS,No,tec-mis-mis-mis,Technological,Miscellaneous accident,Miscellaneous accident (General),Miscellaneous accident (General),,Salmonella poisoning,RUS,Russian Federation,Eastern Europe,Europe,Tambovka,,,No,No,No,,,,,,,2004,6,25,2004,6,26,,207,,,207,,,,,,,61.9895859343217,,2005-03-23,2023-09-25
2004-0727-RUS,No,tec-mis-mis-mis,Technological,Miscellaneous accident,Miscellaneous accident (General),Miscellaneous accident (General),,Food poisoning,RUS,Russian Federation,Eastern Europe,Europe,Karachayevo-Cherkessiya,,,No,No,No,,,,,,,2004,11,26,2004,11,26,,140,,,140,,,,,,,61.9895859343217,,2005-03-23,2023-09-25
2004-0730-DEU,No,nat-met-sto-sto,Natural,Meteorological,Storm,Storm (General),,Gerda,DEU,Germany,Western Europe,Europe,"Baden-Wuerttemberg, Bayern, Berlin, Brandenburg, Bremen, Hamburg, Hessen, Mecklenburg-Vorpommern, Niedersachsen, Nordrhein-Westfalen, Rheinland-Pfalz, Saarland, Sachsen, Sachsen-Anhalt, Schleswig-Holstein, Thueringen provinces",,,No,No,No,,200,Kph,,,,2004,1,12,2004,1,13,2,,,,,,,100000,161317,130000,209713,61.9895859343217,"[{""adm1_code"":1308,""adm1_name"":""Baden-Wuerttemberg""},{""adm1_code"":1309,""adm1_name"":""Bayern""},{""adm1_code"":1310,""adm1_name"":""Berlin""},{""adm1_code"":1311,""adm1_name"":""Brandenburg""},{""adm1_code"":1312,""adm1_name"":""Bremen""},{""adm1_code"":1313,""adm1_name"":""Hamburg""},{""adm1_code"":1314,""adm1_name"":""Hessen""},{""adm1_code"":1315,""adm1_name"":""Mecklenburg-Vorpommern""},{""adm1_code"":1316,""adm1_name"":""Niedersachsen""},{""adm1_code"":1317,""adm1_name"":""Nordrhein-Westfalen""},{""adm1_code"":1318,""adm1_name"":""Rheinland-Pfalz""},{""adm1_code"":1319,""adm1_name"":""Saarland""},{""adm1_code"":1320,""adm1_name"":""Sachsen""},{""adm1_code"":1321,""adm1_name"":""Sachsen-Anhalt""},{""adm1_code"":1322,""adm1_name"":""Schleswig-Holstein""},{""adm1_code"":1323,""adm1_name"":""Thueringen""}]",2005-03-23,2023-09-25
2004-0741-GRC,No,nat-met-sto-sto,Natural,Meteorological,Storm,Storm (General),,,GRC,Greece,Southern Europe,Europe,"Anatoliki Makedonia Kai Thraki, Attiki, Dytiki Ellada, Dytiki Makedonia, Ionioi Nisoi, Ipeiros, Kentriki Makedonia, Kriti, Peloponnisos, Sterea Ellada, Thessalia, Voreio Aigaio, Notio Aigaio provinces",,,No,No,No,,,Kph,,,,2004,2,13,2004,2,16,,,,,,,,,,340000,548479,61.9895859343217,"[{""adm1_code"":1336,""adm1_name"":""Anatoliki Makedonia Kai Thraki""},{""adm1_code"":1337,""adm1_name"":""Attiki""},{""adm1_code"":1338,""adm1_name"":""Dytiki Ellada""},{""adm1_code"":1339,""adm1_name"":""Dytiki Makedonia""},{""adm1_code"":1340,""adm1_name"":""Ionioi Nisoi""},{""adm1_code"":1341,""adm1_name"":""Ipeiros""},{""adm1_code"":1342,""adm1_name"":""Kentriki Makedonia""},{""adm1_code"":1343,""adm1_name"":""Kriti""},{""adm1_code"":1345,""adm1_name"":""Peloponnisos""},{""adm1_code"":1346,""adm1_name"":""Sterea Ellada""},{""adm1_code"":1347,""adm1_name"":""Thessalia""},{""adm1_code"":1348,""adm1_name"":""Voreio Aigaio""},{""adm1_code"":40766,""adm1_name"":""Notio Aigaio""}]",2006-07-27,2023-09-25
2004-9704-PRT,No,nat-cli-dro-dro,Natural,Climatological,Drought,Drought,,,PRT,Portugal,Southern Europe,Europe,All country: all provinces selected,Lack of rain,,No,No,No,,,Km2,,,,2004,9,,2005,,,,,,,,,,,,1338136,2158646,61.9895859343217,"[{""adm1_code"":2386,""adm1_name"":""Aveiro""},{""adm1_code"":2387,""adm1_name"":""Beja""},{""adm1_code"":2388,""adm1_name"":""Braga""},{""adm1_code"":2389,""adm1_name"":""Braganca""},{""adm1_code"":2390,""adm1_name"":""Castelo Branco""},{""adm1_code"":2391,""adm1_name"":""Coimbra""},{""adm1_code"":2392,""adm1_name"":""Evora""},{""adm1_code"":2393,""adm1_name"":""Faro""},{""adm1_code"":2394,""adm1_name"":""Guarda""},{""adm1_code"":2405,""adm1_name"":""Leiria""},{""adm1_code"":2406,""adm1_name"":""Lisboa""},{""adm1_code"":2407,""adm1_name"":""Portalegre""},{""adm1_code"":2408,""adm1_name"":""Porto""},{""adm1_code"":2409,""adm1_name"":""Santarem""},{""adm1_code"":2410,""adm1_name"":""Setubal""},{""adm1_code"":2411,""adm1_name"":""Viana Do Castelo""},{""adm1_code"":2412,""adm1_name"":""Vila Real""},{""adm1_code"":2413,""adm1_name"":""Viseu""}]",2006-02-13,2023-09-25
2005-0008-ITA,No,tec-tra-rai-rai,Technological,Transport,Rail,Rail,,,ITA,Italy,Southern Europe,Europe,Crevalcore area (Near Bologne),,,No,No,No,,,,,,,2005,1,7,2005,1,7,14,80,,,80,,,,,,,64.0927402574269,,2005-03-28,2023-09-25
2005-0011-DEU,No,nat-met-sto-ext,Natural,Meteorological,Storm,Extra-tropical storm,,Erwin,DEU,Germany,Western Europe,Europe,Schleswig-Holstein province,,,No,No,No,,181,Kph,,,,2005,1,8,2005,1,8,2,2,,,2,,,200000,312048,270000,421265,64.0927402574269,"[{""adm1_code"":1322,""adm1_name"":""Schleswig-Holstein""}]",2007-02-21,2023-09-25
2005-0011-DNK,No,nat-met-sto-ext,Natural,Meteorological,Storm,Extra-tropical storm,,Erwin,DNK,Denmark,Northern Europe,Europe,"Aarhus, Bornholm, Frederiksberg, Fyn, Nordjylland, Ribe, Ringkoebing, Soenderjylland, Storstroem, Vejle, Vestsjaelland, Viborg, Frederiksborg, Koebenhavn, Roskilde province",,Transport accident,No,No,No,,151,Kph,,,,2005,1,7,2005,1,9,4,,,,,,,900000,1404215,1300000,2028311,64.0927402574269,"[{""adm1_code"":1077,""adm1_name"":""Aarhus""},{""adm1_code"":1078,""adm1_name"":""Bornholm""},{""adm1_code"":1079,""adm1_name"":""Frederiksberg""},{""adm1_code"":1081,""adm1_name"":""Fyn""},{""adm1_code"":1083,""adm1_name"":""Nordjylland""},{""adm1_code"":1084,""adm1_name"":""Ribe""},{""adm1_code"":1085,""adm1_name"":""Ringkoebing""},{""adm1_code"":1087,""adm1_name"":""Soenderjylland""},{""adm1_code"":1088,""adm1_name"":""Storstroem""},{""adm1_code"":1090,""adm1_name"":""Vejle""},{""adm1_code"":1091,""adm1_name"":""Vestsjaelland""},{""adm1_code"":1092,""adm1_name"":""Viborg""},{""adm1_code"":40856,""adm1_name"":""Frederiksborg""},{""adm1_code"":40857,""adm1_name"":""Koebenhavn""},{""adm1_code"":40858,""adm1_name"":""Roskilde""}]",2005-01-12,2023-09-25
2005-0011-EST,No,nat-met-sto-ext,Natural,Meteorological,Storm,Extra-tropical storm,,Erwin,EST,Estonia,Northern Europe,Europe,"Pärnu (Pärnu linn district, Pärnu Maakond province)",,Rain,No,No,No,,,Kph,,,,2005,1,7,2005,1,8,,,100,,100,,,26000,40566,130000,202831,64.0927402574269,"[{""adm2_code"":16018,""adm2_name"":""Pärnu linn""}]",2005-01-12,2023-09-25
2005-0011-GBR,No,nat-met-sto-ext,Natural,Meteorological,Storm,Extra-tropical storm,,Erwin,GBR,United Kingdom of Great Britain and Northern Ireland,Northern Europe,Europe,"Appleby, Longtown, Shap,Carlisle towns (Cumbria district, England province), West Yorkshire district (England province), North Yorkshire district (England province), Haydon Brige town (Northumberland district, England province), Peebles, Jedburgh towns (Borders district, Scotland province), Grampian district (Scotland province), Wales province",,Transport accident,No,No,No,,140,Kph,,,,2005,1,7,2005,1,8,3,,3000,,3000,,,500000,780120,650000,1014155,64.0927402574269,"[{""adm1_code"":3186,""adm1_name"":""Wales""},{""adm2_code"":40102,""adm2_name"":""Cumbria""},{""adm2_code"":40123,""adm2_name"":""North Yorkshire""},{""adm2_code"":40125,""adm2_name"":""Northumberland""},{""adm2_code"":40138,""adm2_name"":""West Yorkshire""},{""adm2_code"":40167,""adm2_name"":""Borders""},{""adm2_code"":40171,""adm2_name"":""Grampian""}]",2006-12-14,2023-09-25
2005-0011-IRL,No,nat-met-sto-ext,Natural,Meteorological,Storm,Extra-tropical storm,,Erwin,IRL,Ireland,Northern Europe,Europe,"Dublin, Kildare, Laois, Longford, Meath, Offaly, Westmeath, Wicklow provinces",,,No,No,No,,125,Kph,,,,2005,1,7,2005,1,8,,,,,,,,,,,,64.0927402574269,"[{""adm1_code"":1587,""adm1_name"":""Dublin""},{""adm1_code"":1590,""adm1_name"":""Kildare""},{""adm1_code"":1592,""adm1_name"":""Laois""},{""adm1_code"":1595,""adm1_name"":""Longford""},{""adm1_code"":1598,""adm1_name"":""Meath""},{""adm1_code"":1601,""adm1_name"":""Offaly""},{""adm1_code"":1606,""adm1_name"":""Westmeath""},{""adm1_code"":1608,""adm1_name"":""Wicklow""}]",2005-01-10,2023-09-25
2005-0011-LTU,No,nat-met-sto-ext,Natural,Meteorological,Storm,Extra-tropical storm,,Erwin,LTU,Lithuania,Northern Europe,Europe,"Alytaus, Kauno, Klaipedos, Marijampoles, Panevezio, Siauliu, Taurages, Telsiu, Utenos, Vilniaus province",,,No,No,No,,,Kph,,,,2005,1,8,2005,1,9,,,,,,,,6000,9361,30000,46807,64.0927402574269,"[{""adm1_code"":1866,""adm1_name"":""Alytaus""},{""adm1_code"":1867,""adm1_name"":""Kauno""},{""adm1_code"":1868,""adm1_name"":""Klaipedos""},{""adm1_code"":1869,""adm1_name"":""Marijampoles""},{""adm1_code"":1870,""adm1_name"":""Panevezio""},{""adm1_code"":1871,""adm1_name"":""Siauliu""},{""adm1_code"":1872,""adm1_name"":""Taurages""},{""adm1_code"":1873,""adm1_name"":""Telsiu""},{""adm1_code"":1874,""adm1_name"":""Utenos""},{""adm1_code"":1875,""adm1_name"":""Vilniaus""}]",2007-02-21,2023-09-25
2005-0011-LVA,No,nat-met-sto-ext,Natural,Meteorological,Storm,Extra-tropical storm,,Erwin,LVA,Latvia,Northern Europe,Europe,"Aizkraukles, Aluksnes, Balvu, Bauskas, Cesu, Daugavpils, Dobeles, Gulbenes, Jekabpils, Jelgavas, Kraslavas, Kuldigas, Liepajas, Limbazu, Ludzas, Madonas, Ogres, Preilu, Rezeknes, Rigas, Saldus, Talsu, Tukuma, Valkas, Valmieras, Ventspils provinces",,,No,No,No,,,Kph,,,,2005,1,8,2005,1,9,,,,,,,,40000,62410,325000,507078,64.0927402574269,"[{""adm1_code"":1771,""adm1_name"":""Aizkraukles""},{""adm1_code"":1772,""adm1_name"":""Aluksnes""},{""adm1_code"":1773,""adm1_name"":""Balvu""},{""adm1_code"":1774,""adm1_name"":""Bauskas""},{""adm1_code"":1775,""adm1_name"":""Cesu""},{""adm1_code"":1776,""adm1_name"":""Daugavpils""},{""adm1_code"":1777,""adm1_name"":""Dobeles""},{""adm1_code"":1778,""adm1_name"":""Gulbenes""},{""adm1_code"":1779,""adm1_name"":""Jekabpils""},{""adm1_code"":1780,""adm1_name"":""Jelgavas""},{""adm1_code"":1781,""adm1_name"":""Kraslavas""},{""adm1_code"":1782,""adm1_name"":""Kuldigas""},{""adm1_code"":1783,""adm1_name"":""Liepajas""},{""adm1_code"":1784,""adm1_name"":""Limbazu""},{""adm1_code"":1785,""adm1_name"":""Ludzas""},{""adm1_code"":1786,""adm1_name"":""Madonas""},{""adm1_code"":1787,""adm1_name"":""Ogres""},{""adm1_code"":1788,""adm1_name"":""Preilu""},{""adm1_code"":1789,""adm1_name"":""Rezeknes""},{""adm1_code"":1790,""adm1_name"":""Rigas""},{""adm1_code"":1791,""adm1_name"":""Saldus""},{""adm1_code"":1792,""adm1_name"":""Talsu""},{""adm1_code"":1793,""adm1_name"":""Tukuma""},{""adm1_code"":1794,""adm1_name"":""Valkas""},{""adm1_code"":1795,""adm1_name"":""Valmieras""},{""adm1_code"":1796,""adm1_name"":""Ventspils""}]",2007-02-21,2023-09-25
2005-0011-NLD,No,nat-met-sto-ext,Natural,Meteorological,Storm,Extra-tropical storm,,Erwin,NLD,Netherlands (Kingdom of the),Western Europe,Europe,"Drenthe, Flevoland, Friesland, Gelderland, Groningen, Limburg, Noord-brabant, Noord-holland, Overijssel, Utrecht, Zeeland, Zuid-holland provinces",,,No,No,No,,,Kph,,,,2005,1,8,2005,1,8,,1,,,1,,,,,,,64.0927402574269,"[{""adm1_code"":2158,""adm1_name"":""Drenthe""},{""adm1_code"":2159,""adm1_name"":""Flevoland""},{""adm1_code"":2160,""adm1_name"":""Friesland""},{""adm1_code"":2161,""adm1_name"":""Gelderland""},{""adm1_code"":2162,""adm1_name"":""Groningen""},{""adm1_code"":2163,""adm1_name"":""Limburg""},{""adm1_code"":2164,""adm1_name"":""Noord-brabant""},{""adm1_code"":2165,""adm1_name"":""Noord-holland""},{""adm1_code"":2166,""adm1_name"":""Overijssel""},{""adm1_code"":2167,""adm1_name"":""Utrecht""},{""adm1_code"":2168,""adm1_name"":""Zeeland""},{""adm1_code"":2169,""adm1_name"":""Zuid-holland""}]",2005-01-12,2023-09-25
2005-0011-NOR,No,nat-met-sto-ext,Natural,Meteorological,Storm,Extra-tropical storm,,Erwin,NOR,Norway,Northern Europe,Europe,"Hordaland, Moere Og Romsdal, Rogaland, Sogn og Fjordane province (Western), Akershus, Aust-agder, Buskerud, Oestfold, Oslo, Telemark, Vest-Agder, Vestfold provinces (Southern)",,,No,No,No,,,Kph,,,,2005,1,13,2005,1,13,,,,,,,,40000,62410,130000,202831,64.0927402574269,"[{""adm1_code"":2244,""adm1_name"":""Akershus""},{""adm1_code"":2245,""adm1_name"":""Aust-agder""},{""adm1_code"":2246,""adm1_name"":""Buskerud""},{""adm1_code"":2249,""adm1_name"":""Hordaland""},{""adm1_code"":2250,""adm1_name"":""Moere Og Romsdal""},{""adm1_code"":2253,""adm1_name"":""Oestfold""},{""adm1_code"":2255,""adm1_name"":""Oslo""},{""adm1_code"":2256,""adm1_name"":""Rogaland""},{""adm1_code"":2258,""adm1_name"":""Sogn og Fjordane""},{""adm1_code"":2259,""adm1_name"":""Telemark""},{""adm1_code"":2261,""adm1_name"":""Vest-Agder""},{""adm1_code"":2262,""adm1_name"":""Vestfold""}]",2005-02-09,2023-09-25
2005-0011-POL,No,nat-met-sto-ext,Natural,Meteorological,Storm,Extra-tropical storm,,Erwin,POL,Poland,Eastern Europe,Europe,Gdansk district (Pomorskie province),,,No,No,No,,,Kph,,,,2005,1,7,2005,1,8,,,,,,,,,,,,64.0927402574269,"[{""adm2_code"":24516,""adm2_name"":""Gdansk""}]",2005-01-12,2023-09-25
2005-0011-RUS,No,nat-met-sto-ext,Natural,Meteorological,Storm,Extra-tropical storm,,Erwin,RUS,Russian Federation,Eastern Europe,Europe,Sankt-peterburg province,,Rain,No,No,No,,,Kph,,,,2005,1,7,2005,1,8,,2,,,2,,,,,,,64.0927402574269,"[{""adm1_code"":2554,""adm1_name"":""Sankt-peterburg""}]",2005-01-12,2023-09-25
2005-0011-SWE,No,nat-met-sto-ext,Natural,Meteorological,Storm,Extra-tropical storm,,Erwin,SWE,Sweden,Northern Europe,Europe,"Blekinge Laen, Dalarnas Laen, Gaevleborgs Laen, Gotlands Laen, Hallands Laen, Jaemtlands Laen, Joenkoepings Laen, Kalmar Laen, Kronobergs Laen, Norrbottens Laen, Oerebro Laen, Oestergoetlands Laen, Skaane Laen, Soedermanlands Laen, Stockholms Laen, Uppsala Laen, Vaermlands Laen, Vaesterbottens Laen, Vaesternorrlands Laen, Vaestmanlands Laen, Vaestra Goetalands Laen provinces",,,No,No,No,,,Kph,,,,2005,1,7,2005,1,9,7,,,,,,,650000,1014155,2800000,4368670,64.0927402574269,"[{""adm1_code"":2786,""adm1_name"":""Blekinge Laen""},{""adm1_code"":2787,""adm1_name"":""Dalarnas Laen""},{""adm1_code"":2788,""adm1_name"":""Gaevleborgs Laen""},{""adm1_code"":2789,""adm1_name"":""Gotlands Laen""},{""adm1_code"":2790,""adm1_name"":""Hallands Laen""},{""adm1_code"":2791,""adm1_name"":""Jaemtlands Laen""},{""adm1_code"":2792,""adm1_name"":""Joenkoepings Laen""},{""adm1_code"":2793,""adm1_name"":""Kalmar Laen""},{""adm1_code"":2794,""adm1_name"":""Kronobergs Laen""},{""adm1_code"":2795,""adm1_name"":""Norrbottens Laen""},{""adm1_code"":2796,""adm1_name"":""Oerebro Laen""},{""adm1_code"":2797,""adm1_name"":""Oestergoetlands Laen""},{""adm1_code"":2798,""adm1_name"":""Skaane Laen""},{""adm1_code"":2799,""adm1_name"":""Soedermanlands Laen""},{""adm1_code"":2800,""adm1_name"":""Stockholms Laen""},{""adm1_code"":2801,""adm1_name"":""Uppsala Laen""},{""adm1_code"":2802,""adm1_name"":""Vaermlands Laen""},{""adm1_code"":2803,""adm1_name"":""Vaesterbottens Laen""},{""adm1_code"":2804,""adm1_name"":""Vaesternorrlands Laen""},{""adm1_code"":2805,""adm1_name"":""Vaestmanlands Laen""},{""adm1_code"":2806,""adm1_name"":""Vaestra Goetalands Laen""}]",2005-01-12,2023-09-25
2005-0025-RUS,No,nat-hyd-mmw-ava,Natural,Hydrological,Mass movement (wet),Avalanche (wet),,,RUS,Russian Federation,Eastern Europe,Europe,Kamtchatka peninsula (Kamchatskaya Oblast Province),,,No,No,No,,,,,,,2005,1,11,2005,1,11,9,,,,,,,,,,,64.0927402574269,"[{""adm1_code"":2512,""adm1_name"":""Kamchatskaya Oblast""}]",2005-01-25,2023-09-25
2005-0045-ALB,No,nat-met-sto-bli,Natural,Meteorological,Storm,Blizzard/Winter storm,,,ALB,Albania,Southern Europe,Europe,"Kukes, Has, Tropoje, Diber, Bulqize, Mat, Shkoder, Malesi E Madhe, Puke, Lezhe, Kurbin, Mirdite, Korce, Devoll, Kolonje, Pogradec, Elbasan, Gramsh, Librazhd, Peqin, Berat, Kucove, Skrapar, Gjirokaster, Permet, Tepelene, Vlore, Delvine, Sarande, Vlore Has provinces",,"Avalanche (Snow, Debris)|Cold wave",No,No,No,,,Kph,,,,2005,1,23,2005,2,28,2,,400000,,400000,,,,,,,64.0927402574269,"[{""adm1_code"":305,""adm1_name"":""Berat""},{""adm1_code"":306,""adm1_name"":""Bulqize""},{""adm1_code"":307,""adm1_name"":""Delvine""},{""adm1_code"":308,""adm1_name"":""Devoll""},{""adm1_code"":309,""adm1_name"":""Diber""},{""adm1_code"":311,""adm1_name"":""Elbasan""},{""adm1_code"":313,""adm1_name"":""Gjirokaster""},{""adm1_code"":314,""adm1_name"":""Gramsh""},{""adm1_code"":315,""adm1_name"":""Has""},{""adm1_code"":317,""adm1_name"":""Kolonje""},{""adm1_code"":318,""adm1_name"":""Korce""},{""adm1_code"":320,""adm1_name"":""Kucove""},{""adm1_code"":321,""adm1_name"":""Kukes""},{""adm1_code"":322,""adm1_name"":""Kurbin""},{""adm1_code"":323,""adm1_name"":""Lezhe""},{""adm1_code"":324,""adm1_name"":""Librazhd""},{""adm1_code"":326,""adm1_name"":""Malesi E Madhe""},{""adm1_code"":328,""adm1_name"":""Mat""},{""adm1_code"":329,""adm1_name"":""Mirdite""},{""adm1_code"":330,""adm1_name"":""Peqin""},{""adm1_code"":331,""adm1_name"":""Permet""},{""adm1_code"":332,""adm1_name"":""Pogradec""},{""adm1_code"":333,""adm1_name"":""Puke""},{""adm1_code"":334,""adm1_name"":""Sarande""},{""adm1_code"":335,""adm1_name"":""Shkoder""},{""adm1_code"":336,""adm1_name"":""Skrapar""},{""adm1_code"":337,""adm1_name"":""Tepelene""},{""adm1_code"":339,""adm1_name"":""Tropoje""},{""adm1_code"":340,""adm1_name"":""Vlore""}]",2006-01-19,2023-09-25
2005-0045-BGR,No,nat-met-sto-bli,Natural,Meteorological,Storm,Blizzard/Winter storm,,,BGR,Bulgaria,Eastern Europe,Europe,"Silistra, Dobrich, Sumen, Ruse, Varna, Burgas, Kardzhali, Stara Zagora provinces",,Cold wave,No,No,Yes,,,Kph,,,,2005,1,,2005,2,,,,,,,,,,,,,64.0927402574269,"[{""adm1_code"":703,""adm1_name"":""Burgas""},{""adm1_code"":704,""adm1_name"":""Dobrich""},{""adm1_code"":708,""adm1_name"":""Kardzhali""},{""adm1_code"":717,""adm1_name"":""Ruse""},{""adm1_code"":718,""adm1_name"":""Shumen""},{""adm1_code"":719,""adm1_name"":""Silistra""},{""adm1_code"":724,""adm1_name"":""Stara Zagora""},{""adm1_code"":726,""adm1_name"":""Varna""}]",2005-03-28,2023-09-25
2005-0045-BIH,No,nat-met-sto-bli,Natural,Meteorological,Storm,Blizzard/Winter storm,,,BIH,Bosnia and Herzegovina,Southern Europe,Europe,"Knezevo municipality (Srednjebosanski district, Federacija Bosne I Hercegovine province), Piskavica village (Banja-Luka district, Republika Srpska province)",,Cold wave,No,No,No,,,Kph,,,,2005,2,,2005,2,,4,,,,,,,,,,,64.0927402574269,"[{""adm2_code"":6245,""adm2_name"":""Srednjebosanski""},{""adm2_code"":6251,""adm2_name"":""Banja Luka""}]",2005-02-09,2023-09-25
2005-0045-CZE,No,nat-met-sto-bli,Natural,Meteorological,Storm,Blizzard/Winter storm,,,CZE,Czechia,Eastern Europe,Europe,"Zapadocesky, Severocesky, Stredocesky, Jihocesky, Jihomoravsky, Praha, Severomoravsky, Vychodocesky provinces (All country) Ostrava-mestro district (Severomoravsky province)",,Cold wave,No,No,No,,,Kph,,,,2005,2,,2005,2,,,3,,,3,,,,,,,64.0927402574269,"[{""adm1_code"":1030,""adm1_name"":""Jihocesky""},{""adm1_code"":1031,""adm1_name"":""Jihomoravsky""},{""adm1_code"":1032,""adm1_name"":""Praha""},{""adm1_code"":1033,""adm1_name"":""Severocesky""},{""adm1_code"":1034,""adm1_name"":""Severomoravsky""},{""adm1_code"":1035,""adm1_name"":""Stredocesky""},{""adm1_code"":1036,""adm1_name"":""Vychodocesky""},{""adm1_code"":1037,""adm1_name"":""Zapadocesky""}]",2005-02-09,2023-09-25
2005-0045-HRV,No,nat-met-sto-bli,Natural,Meteorological,Storm,Blizzard/Winter storm,,,HRV,Croatia,Southern Europe,Europe,"Kapljuh (Karlovac province), Rujevac (Sisak-moslavina province), Zagreb (Grad Zagreb province)",,Cold wave,No,No,No,,,Kph,,,,2005,2,,2005,2,,2,,,,,,,,,,,64.0927402574269,"[{""adm1_code"":990,""adm1_name"":""Grad Zagreb""},{""adm1_code"":992,""adm1_name"":""Karlovac""},{""adm1_code"":1001,""adm1_name"":""Sisak-moslavina""}]",2005-02-09,2023-09-25
2005-0045-HUN,No,nat-met-sto-bli,Natural,Meteorological,Storm,Blizzard/Winter storm,,,HUN,Hungary,Eastern Europe,Europe,"Borsod-abauj-zemplen , Szabolcs-szatmar-bereg provinces",,Cold wave,No,No,No,,,Kph,,,,2005,1,,2005,2,,4,,,,,,,,,,,64.0927402574269,"[{""adm1_code"":1443,""adm1_name"":""Borsod-abauj-zemplen""},{""adm1_code"":1455,""adm1_name"":""Szabolcs-szatmar-bereg""}]",2005-02-09,2023-09-25
2005-0045-MKD,No,nat-met-sto-bli,Natural,Meteorological,Storm,Blizzard/Winter storm,,,MKD,North Macedonia,Southern Europe,Europe,"Berovo, Bitola, Brod, Debar, Delcevo, Demir Hisar, Gevgelija, Gostivar, Kavadarci, Kicevo, Kocani, Kratovo, Kriva Palanka, Krusevo, Kumanovo, Negotino, Ohrid, Prilep, Probistip, Radovic, Resen, Skopje, Stip, Struga, Strumica, Sveti Nikole, Tetovo, Valandovo, Veles, Vinica provinces",,Cold wave,No,No,No,,,Kph,,,,2005,1,,2005,1,,1,3,,,3,,,,,,,64.0927402574269,"[{""adm1_code"":2927,""adm1_name"":""Berovo""},{""adm1_code"":2928,""adm1_name"":""Bitola""},{""adm1_code"":2929,""adm1_name"":""Brod""},{""adm1_code"":2930,""adm1_name"":""Debar""},{""adm1_code"":2931,""adm1_name"":""Delcevo""},{""adm1_code"":2932,""adm1_name"":""Demir Hisar""},{""adm1_code"":2933,""adm1_name"":""Gevgelija""},{""adm1_code"":2934,""adm1_name"":""Gostivar""},{""adm1_code"":2935,""adm1_name"":""Kavadarci""},{""adm1_code"":2936,""adm1_name"":""Kicevo""},{""adm1_code"":2937,""adm1_name"":""Kocani""},{""adm1_code"":2938,""adm1_name"":""Kratovo""},{""adm1_code"":2939,""adm1_name"":""Kriva Palanka""},{""adm1_code"":2940,""adm1_name"":""Krusevo""},{""adm1_code"":2941,""adm1_name"":""Kumanovo""},{""adm1_code"":2942,""adm1_name"":""Negotino""},{""adm1_code"":2943,""adm1_name"":""Ohrid""},{""adm1_code"":2944,""adm1_name"":""Prilep""},{""adm1_code"":2945,""adm1_name"":""Probistip""},{""adm1_code"":2946,""adm1_name"":""Radovic""},{""adm1_code"":2947,""adm1_name"":""Resen""},{""adm1_code"":2948,""adm1_name"":""Skopje""},{""adm1_code"":2949,""adm1_name"":""Stip""},{""adm1_code"":2950,""adm1_name"":""Struga""},{""adm1_code"":2951,""adm1_name"":""Strumica""},{""adm1_code"":2952,""adm1_name"":""Sveti Nikole""},{""adm1_code"":2953,""adm1_name"":""Tetovo""},{""adm1_code"":2954,""adm1_name"":""Valandovo""},{""adm1_code"":2955,""adm1_name"":""Veles""},{""adm1_code"":2956,""adm1_name"":""Vinica""}]",2005-02-01,2023-09-25
2005-0045-POL,No,nat-met-sto-bli,Natural,Meteorological,Storm,Blizzard/Winter storm,,,POL,Poland,Eastern Europe,Europe,"Stuposiany village (Ustrzyki Dolne district, Podkarpackie province)",,Cold wave,No,No,No,,,Kph,,,,2005,2,,2005,2,,,,,,,,,,,,,64.0927402574269,"[{""adm2_code"":24495,""adm2_name"":""Ustrzyki Dolne""}]",2005-02-09,2023-09-25
2005-0045-ROU,No,nat-met-sto-bli,Natural,Meteorological,Storm,Blizzard/Winter storm,,,ROU,Romania,Eastern Europe,Europe,"Constanta, Iasi, Buzau, Mehedinti provinces",,Cold wave,No,No,No,,,Kph,,,,2005,1,,2005,2,,3,,,,,,,,,,,64.0927402574269,"[{""adm1_code"":2456,""adm1_name"":""Buzau""},{""adm1_code"":2460,""adm1_name"":""Constanta""},{""adm1_code"":2470,""adm1_name"":""Iasi""},{""adm1_code"":2472,""adm1_name"":""Mehedinti""}]",2005-02-07,2023-09-25
2005-0045-RUS,No,nat-met-sto-bli,Natural,Meteorological,Storm,Blizzard/Winter storm,,,RUS,Russian Federation,Eastern Europe,Europe,Tyva Rep. province,,Cold wave,No,No,No,,,Kph,,,,2005,2,,2005,2,,,,,,,,,,,,,64.0927402574269,"[{""adm1_code"":2567,""adm1_name"":""Tyva Rep.""}]",2005-02-09,2023-09-25
2005-0045-SCG,No,nat-met-sto-bli,Natural,Meteorological,Storm,Blizzard/Winter storm,,,SCG,Serbia Montenegro,Southern Europe,Europe,"Tutin, Raska, Novi Pazar towns (Raski province), Prijepolje, Sjenica towns (Zlatiborski province), Savnik, Zabljak, Pluzine, Kolasin, Bijelo Polje, Cetinje, Niksic, Mojkovac, Berane, Rozaj, Pljevlja, Andrijevica, Plav, Bar provinces (Serbia)",,Cold wave,No,No,No,,,Kph,,,,2005,1,,2005,3,,,,8750,,8750,,,,,,,64.0927402574269,"[{""adm1_code"":25350,""adm1_name"":""Andrijevica""},{""adm1_code"":25351,""adm1_name"":""Bar""},{""adm1_code"":25352,""adm1_name"":""Berane""},{""adm1_code"":25353,""adm1_name"":""Bijelo Polje""},{""adm1_code"":25355,""adm1_name"":""Cetinje""},{""adm1_code"":25358,""adm1_name"":""Kolasin""},{""adm1_code"":25360,""adm1_name"":""Mojkovac""},{""adm1_code"":25361,""adm1_name"":""Niksic""},{""adm1_code"":25362,""adm1_name"":""Plav""},{""adm1_code"":25363,""adm1_name"":""Pljevlja""},{""adm1_code"":25364,""adm1_name"":""Pluzine""},{""adm1_code"":25366,""adm1_name"":""Rozaj""},{""adm1_code"":25367,""adm1_name"":""Savnik""},{""adm1_code"":25370,""adm1_name"":""Zabljak""},{""adm1_code"":25391,""adm1_name"":""Raski""},{""adm1_code"":25400,""adm1_name"":""Zlatiborski""}]",2005-03-22,2023-09-25
2005-0066-ESP,No,tec-mis-mis-mis,Technological,Miscellaneous accident,Miscellaneous accident (General),Miscellaneous accident (General),,,ESP,Spain,Southern Europe,Europe,Todolella (Castellon province),,,No,No,No,,,,,,,2005,2,6,2005,2,6,18,,,,,,,,,,,64.0927402574269,,2005-03-10,2023-09-25
2005-0069-LVA,No,nat-met-sto-sto,Natural,Meteorological,Storm,Storm (General),,,LVA,Latvia,Northern Europe,Europe,"Aizkraukles, Aluksnes, Balvu, Bauskas, Cesu, Daugavpils, Dobeles, Gulbenes, Jekabpils, Jelgavas, Kraslavas, Kuldigas, Liepajas, Limbazu, Ludzas, Madonas, Ogres, Preilu, Rezeknes, Rigas, Saldus, Talsu, Tukuma, Valkas, Valmieras, Ventspils provinces",,,No,No,Yes,,144,Kph,,,,2005,1,9,2005,1,9,,,,,,,,,,,,64.0927402574269,"[{""adm1_code"":1771,""adm1_name"":""Aizkraukles""},{""adm1_code"":1772,""adm1_name"":""Aluksnes""},{""adm1_code"":1773,""adm1_name"":""Balvu""},{""adm1_code"":1774,""adm1_name"":""Bauskas""},{""adm1_code"":1775,""adm1_name"":""Cesu""},{""adm1_code"":1776,""adm1_name"":""Daugavpils""},{""adm1_code"":1777,""adm1_name"":""Dobeles""},{""adm1_code"":1778,""adm1_name"":""Gulbenes""},{""adm1_code"":1779,""adm1_name"":""Jekabpils""},{""adm1_code"":1780,""adm1_name"":""Jelgavas""},{""adm1_code"":1781,""adm1_name"":""Kraslavas""},{""adm1_code"":1782,""adm1_name"":""Kuldigas""},{""adm1_code"":1783,""adm1_name"":""Liepajas""},{""adm1_code"":1784,""adm1_name"":""Limbazu""},{""adm1_code"":1785,""adm1_name"":""Ludzas""},{""adm1_code"":1786,""adm1_name"":""Madonas""},{""adm1_code"":1787,""adm1_name"":""Ogres""},{""adm1_code"":1788,""adm1_name"":""Preilu""},{""adm1_code"":1789,""adm1_name"":""Rezeknes""},{""adm1_code"":1790,""adm1_name"":""Rigas""},{""adm1_code"":1791,""adm1_name"":""Saldus""},{""adm1_code"":1792,""adm1_name"":""Talsu""},{""adm1_code"":1793,""adm1_name"":""Tukuma""},{""adm1_code"":1794,""adm1_name"":""Valkas""},{""adm1_code"":1795,""adm1_name"":""Valmieras""},{""adm1_code"":1796,""adm1_name"":""Ventspils""}]",2005-03-10,2023-09-25
2005-0074-RUS,No,tec-ind-exp-exp,Technological,Industrial accident,Explosion (Industrial),Explosion (Industrial),,Coal mine,RUS,Russian Federation,Eastern Europe,Europe,"Yesaulskaya (Kemerovo region, Siberia)",,,No,No,No,,,m3,,,,2005,2,9,2005,2,9,25,4,,,4,,,,,,,64.0927402574269,,2005-03-28,2023-09-25
2005-0100-RUS,No,tec-tra-air-air,Technological,Transport,Air,Air,,Helicoptère MI-8,RUS,Russian Federation,Eastern Europe,Europe,Near Grozny (Tchétchénie),,,No,No,No,,,,,,,2005,3,10,2005,3,10,15,2,,,2,,,,,,,64.0927402574269,,2005-03-14,2023-09-25
2005-0122-RUS,No,tec-tra-air-air,Technological,Transport,Air,Air,,Antonov-24,RUS,Russian Federation,Eastern Europe,Europe,Near Varandeï (Territoire des Nenets),,,No,No,No,,,,,,,2005,3,16,2005,3,16,29,23,,,23,,,,,,,64.0927402574269,,2005-03-21,2023-09-25
2005-0131-CZE,No,nat-hyd-flo-riv,Natural,Hydrological,Flood,Riverine flood,,,CZE,Czechia,Eastern Europe,Europe,"Blansko, Vyskov, Hodonin, Breclav, Znojmo, Brno-Venkov, Brno-mesto districts (Jihomoravsky province) (South Moravian region)",Heavy rains and melting snow,,No,No,No,,,Km2,,,Sazava river,2005,3,17,2005,3,25,1,,,,,,,,,,,64.0927402574269,"[{""adm2_code"":14820,""adm2_name"":""Blansko""},{""adm2_code"":14821,""adm2_name"":""Breclav""},{""adm2_code"":14822,""adm2_name"":""Brno-mesto""},{""adm2_code"":14823,""adm2_name"":""Brno-venkov""},{""adm2_code"":14824,""adm2_name"":""Hodonin""},{""adm2_code"":14830,""adm2_name"":""Vyskov""},{""adm2_code"":14833,""adm2_name"":""Znojmo""}]",2005-04-01,2023-09-25
2005-0131-HUN,No,nat-hyd-flo-riv,Natural,Hydrological,Flood,Riverine flood,,,HUN,Hungary,Eastern Europe,Europe,Szeged city (Csongrad province),Heavy rains and melting snow,,No,No,No,,940,Km2,,,"Koros, Danube",2005,3,17,2005,3,25,,,,,,,,,,,,64.0927402574269,"[{""adm1_code"":1445,""adm1_name"":""Csongrad""}]",2005-03-30,2023-09-25
2005-0131-POL,No,nat-hyd-flo-riv,Natural,Hydrological,Flood,Riverine flood,,,POL,Poland,Eastern Europe,Europe,"Elk, Gizycko, Ketrzyn, Mragowo, Olecko districts (Warminsko-Mazurskie province) ; Dolnoslaskie province",Heavy raisn and melting snow,,No,No,No,,110,Km2,,,"Tributaries of the Odra River. Wolborka. tributaries to the Vistula, Czarna, Wisla, Wislok. Pasleka, Kaczawa",2005,3,17,2005,3,26,2,,3600,,3600,,,,,,,64.0927402574269,"[{""adm1_code"":2370,""adm1_name"":""Dolnoslaskie""},{""adm2_code"":24588,""adm2_name"":""Elk""},{""adm2_code"":24589,""adm2_name"":""Gizycko""},{""adm2_code"":24591,""adm2_name"":""Ketrzyn""},{""adm2_code"":24593,""adm2_name"":""Mragowo""},{""adm2_code"":24596,""adm2_name"":""Olecko""}]",2005-03-30,2023-09-25
2005-0131-ROU,No,nat-hyd-flo-riv,Natural,Hydrological,Flood,Riverine flood,,,ROU,Romania,Eastern Europe,Europe,Mures province,"Heavy rains, melting snow","Slide (land, mud, snow, rock)",No,No,No,,,Km2,,,,2005,3,17,2005,3,25,2,,600,,600,,,,,,,64.0927402574269,"[{""adm1_code"":2473,""adm1_name"":""Mures""}]",2005-03-30,2023-09-25
2005-0131-SVK,No,nat-hyd-flo-riv,Natural,Hydrological,Flood,Riverine flood,,,SVK,Slovakia,Eastern Europe,Europe,Poprad distrit (Presov province),Heavy rains and melting snow,,No,No,No,,,Km2,,,Torysa,2005,3,17,2005,3,25,1,,,,,,,,,,,64.0927402574269,"[{""adm2_code"":25472,""adm2_name"":""Poprad""}]",2005-03-30,2023-09-25
2005-0146-UKR,No,nat-hyd-flo-flo,Natural,Hydrological,Flood,Flood (General),,,UKR,Ukraine,Eastern Europe,Europe,"Vinnyts'ka, L'vivs'ka, Kharkivs'ka, Chernivets'ka, Rivnens'ka, Zhytomyrs'ka, Ternopil's'ka, Zaporiz'ka, Mykolayivs'ka, Ivano-frankivs'ka, Volyns'ka, Khersons'ka, Odes'ka provinces",,,No,No,No,,,Km2,,,,2005,2,28,2005,2,28,,,8340,,8340,,,,,,,64.0927402574269,"[{""adm1_code"":3150,""adm1_name"":""Chernivets'ka""},{""adm1_code"":3153,""adm1_name"":""Ivano-frankivs'ka""},{""adm1_code"":3155,""adm1_name"":""Khersons'ka""},{""adm1_code"":3156,""adm1_name"":""Khmel'nyts'ka""},{""adm1_code"":3160,""adm1_name"":""L'vivs'ka""},{""adm1_code"":3162,""adm1_name"":""Mykolayivs'ka""},{""adm1_code"":3163,""adm1_name"":""Odes'ka""},{""adm1_code"":3165,""adm1_name"":""Rivnens'ka""},{""adm1_code"":3167,""adm1_name"":""Ternopil's'ka""},{""adm1_code"":3168,""adm1_name"":""Vinnyts'ka""},{""adm1_code"":3169,""adm1_name"":""Volyns'ka""},{""adm1_code"":3171,""adm1_name"":""Zaporiz'ka""},{""adm1_code"":3172,""adm1_name"":""Zhytomyrs'ka""}]",2005-04-04,2023-09-25
2005-0198-FRA,No,tec-mis-fir-fir,Technological,Miscellaneous accident,Fire (Miscellaneous),Fire (Miscellaneous),,Hotel,FRA,France,Western Europe,Europe,Paris,,,No,No,No,,,,,,,2005,4,14,2005,4,15,23,50,,,50,,,,,,,64.0927402574269,,2005-04-15,2023-09-25
2005-0201-CHE,No,tec-tra-roa-roa,Technological,Transport,Road,Road,,,CHE,Switzerland,Western Europe,Europe,Valais,,,No,No,No,,,,,,,2005,4,17,2005,4,17,12,,,,,,,,,,,64.0927402574269,,2005-04-18,2023-09-25
2005-0214-ROU,No,nat-hyd-flo-riv,Natural,Hydrological,Flood,Riverine flood,,,ROU,Romania,Eastern Europe,Europe,"Arad, Mehedinti, Timis, Caras-Severin provinces",Heavy rains,"Broken Dam/Burst bank|Slide (land, mud, snow, rock)",No,No,Yes,674,,Km2,,,"Birzava, Timis, Bega",2005,4,21,2005,5,15,2,,3400,,3400,,,,,200000,312048,64.0927402574269,"[{""adm1_code"":2447,""adm1_name"":""Arad""},{""adm1_code"":2458,""adm1_name"":""Caras-severin""},{""adm1_code"":2472,""adm1_name"":""Mehedinti""},{""adm1_code"":2482,""adm1_name"":""Timis""}]",2005-12-19,2023-09-25
2005-0214-SCG,No,nat-hyd-flo-riv,Natural,Hydrological,Flood,Riverine flood,,,SCG,Serbia Montenegro,Southern Europe,Europe,"Jasa Tomic, Medja, Secanj, Zitiste ctowns (Srednje-banatski province), Plandiste, Veliki Gaj, Bela Crkva towns (Juzno-banatski provinces) (Serbia)",Heavy rains,Broken Dam/Burst bank,No,No,No,333,,Km2,,,Tamis river,2005,4,20,2005,4,20,2,,1945,1845,3790,,,,,,,64.0927402574269,"[{""adm2_code"":47629,""adm2_name"":""Administrative unit not available""},{""adm2_code"":47647,""adm2_name"":""Administrative unit not available""}]",2005-12-19,2023-09-25
2005-0229-RUS,No,nat-hyd-flo-riv,Natural,Hydrological,Flood,Riverine flood,,,RUS,Russian Federation,Eastern Europe,Europe,"Patrikha village (Irkutskaya Oblast province), Krasnoïarsk city (Krasnoyarskiy Kray province)",Heavy rains and ice,Broken Dam/Burst bank,No,No,Yes,,,Km2,,,"Biripusa, Katcha rivers",2005,4,,2005,4,,3,,222,,222,,,,,,,64.0927402574269,"[{""adm1_code"":2506,""adm1_name"":""Irkutskaya Oblast""},{""adm1_code"":2525,""adm1_name"":""Krasnoyarskiy Kray""}]",2005-05-02,2023-09-25
2005-0233-RUS,No,nat-hyd-flo-flo,Natural,Hydrological,Flood,Flood (General),,,RUS,Russian Federation,Eastern Europe,Europe,Leningradskaya Oblast province,,,No,No,No,,,Km2,,,Tikhvinkha river,2005,4,15,2005,4,15,,,3685,,3685,,,,,,,64.0927402574269,"[{""adm1_code"":2529,""adm1_name"":""Leningradskaya Oblast""}]",2005-05-03,2023-09-25
2005-0265-BGR,No,nat-hyd-flo-riv,Natural,Hydrological,Flood,Riverine flood,,,BGR,Bulgaria,Eastern Europe,Europe,"Ruse, Lovech, Pleven, Silistra, Osem, Vit, Smolian, Plovdiv, Vratsa, Dobrotitsa, Apriltsi cities (Ruse, Silistra, Lovech, Veliko Tarnovo, Gabrovo, Pernik, Kustendil, Sofia, Pleven provinces)",Heavy rain,Rain,No,No,Yes,,71250,Km2,,,"Skut, Vidima, Struma, Iskar, Vit",2005,5,26,2005,6,13,6,,,,,,,,,10000,15602,64.0927402574269,"[{""adm1_code"":705,""adm1_name"":""Gabrovo""},{""adm1_code"":709,""adm1_name"":""Kustendil""},{""adm1_code"":710,""adm1_name"":""Lovech""},{""adm1_code"":713,""adm1_name"":""Pernik""},{""adm1_code"":714,""adm1_name"":""Pleven""},{""adm1_code"":717,""adm1_name"":""Ruse""},{""adm1_code"":719,""adm1_name"":""Silistra""},{""adm1_code"":722,""adm1_name"":""Sofia""},{""adm1_code"":727,""adm1_name"":""Veliko Tarnovo""}]",2005-09-14,2023-09-25
2005-0276-RUS,No,nat-hyd-flo-riv,Natural,Hydrological,Flood,Riverine flood,,,RUS,Russian Federation,Eastern Europe,Europe,"Dagestan Rep., Chechnya Rep. provinces",Heavy rains,"Broken Dam/Burst bank|Slide (land, mud, snow, rock)",No,No,No,,,Km2,,,,2005,5,9,2005,5,10,,,5000,,5000,,,,,21168,33027,64.0927402574269,"[{""adm1_code"":2498,""adm1_name"":""Chechnya Rep.""},{""adm1_code"":2503,""adm1_name"":""Dagestan Rep.""}]",2005-06-03,2023-09-25
2005-0285-RUS,No,nat-hyd-flo-riv,Natural,Hydrological,Flood,Riverine flood,,,RUS,Russian Federation,Eastern Europe,Europe,"Sovestsky, Georgiyevsky, Podgornoya, Nezlobnaya, Krasnokumskaya, Mineralovodsky districts (Stavropolskiy Kray province)",Heavy rains,Broken Dam/Burst bank,No,No,No,,,Km2,,,Kuma river,2005,5,11,2005,5,11,,,138,,138,,,,,2500,3901,64.0927402574269,"[{""adm1_code"":2558,""adm1_name"":""Stavropolskiy Kray""}]",2005-06-03,2023-09-25
2005-0292-UKR,No,tec-tra-rai-rai,Technological,Transport,Rail,Rail,,,UKR,Ukraine,Eastern Europe,Europe,Near Odessa,,,No,No,No,,,,,,,2005,6,2,2005,6,2,13,,9,,9,,,,,,,64.0927402574269,,2005-06-08,2023-09-25
2005-0313-FIN,No,nat-hyd-flo-riv,Natural,Hydrological,Flood,Riverine flood,,,FIN,Finland,Northern Europe,Europe,"Lapland district (Lapland province) (Ivalo, Kittila cities)",Large amount of snow during winter and late onset of spring thaw,,No,No,No,,24900,Km2,,,"Ounasjoki, Ivalojoki rivers",2005,5,25,2005,5,31,,,400,,400,,,,,,,64.0927402574269,"[{""adm2_code"":16222,""adm2_name"":""Lapland""}]",2005-09-14,2023-09-25
2005-0337-ROU,No,nat-hyd-flo-riv,Natural,Hydrological,Flood,Riverine flood,,,ROU,Romania,Eastern Europe,Europe,"Olt, Hunedoara provinces ; Rovinari village (Gorj province)",Heavy rains,Broken Dam/Burst bank|Rain,Yes,No,Yes,,,Km2,,,,2005,7,2,2005,7,3,8,2,5100,,5102,,,,,,,64.0927402574269,"[{""adm1_code"":2466,""adm1_name"":""Gorj""},{""adm1_code"":2468,""adm1_name"":""Hunedoara""},{""adm1_code"":2475,""adm1_name"":""Olt""}]",2005-07-22,2023-09-25
2005-0338-BGR,No,nat-hyd-flo-riv,Natural,Hydrological,Flood,Riverine flood,,,BGR,Bulgaria,Eastern Europe,Europe,"Popovo district (Targovitché province) ; Shumen, Stara Zagora, Targovitché, Ruse, Veliko Tarnovo, Haskovo, Burgas, Vratca, Silistra, Lovech provinces (South, Center East)",Hevay rains,"Broken Dam/Burst bank|Slide (land, mud, snow, rock)",No,No,Yes,,,Km2,,,"Yantra, Vit, Osam, Baniska, Jantra, Suhata, Iantra, Kamchia",2005,7,2,2005,7,6,17,,200,,200,,,,,247000,385379,64.0927402574269,"[{""adm1_code"":703,""adm1_name"":""Burgas""},{""adm1_code"":706,""adm1_name"":""Haskovo""},{""adm1_code"":710,""adm1_name"":""Lovech""},{""adm1_code"":717,""adm1_name"":""Ruse""},{""adm1_code"":718,""adm1_name"":""Shumen""},{""adm1_code"":719,""adm1_name"":""Silistra""},{""adm1_code"":724,""adm1_name"":""Stara Zagora""},{""adm1_code"":725,""adm1_name"":""Targovishte""},{""adm1_code"":727,""adm1_name"":""Veliko Tarnovo""},{""adm1_code"":729,""adm1_name"":""Vratca""}]",2008-03-14,2024-10-25
2005-0355-RUS,No,tec-mis-fir-fir,Technological,Miscellaneous accident,Fire (Miscellaneous),Fire (Miscellaneous),,Centre commercial,RUS,Russian Federation,Eastern Europe,Europe,Oukhta (Grand Nord de la Russie),,,No,No,No,,,,,,,2005,7,11,2005,7,11,25,6,,,6,,,,,,,64.0927402574269,,2005-07-13,2023-09-25
2005-0364-AUT,No,nat-hyd-flo-riv,Natural,Hydrological,Flood,Riverine flood,,,AUT,Austria,Western Europe,Europe,"Salzburg province (Mittersill city), Oberosterreich province (Schärding city) & Niederosterreich province (Aschbach Markt city, Amstetten district)",Heavy rains,,No,No,Yes,,,Km2,,,,2005,7,10,2005,7,12,,,900,,900,,,,,,,64.0927402574269,"[{""adm1_code"":480,""adm1_name"":""Niederosterreich""},{""adm1_code"":481,""adm1_name"":""Oberosterreich""},{""adm1_code"":482,""adm1_name"":""Salzburg""}]",2005-07-14,2023-09-25
2005-0364-DEU,No,nat-hyd-flo-riv,Natural,Hydrological,Flood,Riverine flood,,,DEU,Germany,Western Europe,Europe,Oberbayern district (Bayern province),Heavy rains,,No,No,No,,,Km2,,,"Flüsse, Bäche",2005,7,10,2005,7,13,,,450,,450,,,,,,,64.0927402574269,"[{""adm2_code"":16532,""adm2_name"":""Oberbayern""}]",2005-07-14,2023-09-25
2005-0365-ROU,No,nat-hyd-flo-riv,Natural,Hydrological,Flood,Riverine flood,,,ROU,Romania,Eastern Europe,Europe,"Alba, Tulcea, Giurgiu, Vrancea, Bacau, Braila, Galati, Ialomita provinces",Heavy rains,,No,Yes,No,2020,40040,Km2,,,"Siret, Trotus",2005,7,12,2005,7,28,24,,14669,,14669,,,,,800000,1248191,64.0927402574269,"[{""adm1_code"":2446,""adm1_name"":""Alba""},{""adm1_code"":2449,""adm1_name"":""Bacau""},{""adm1_code"":2453,""adm1_name"":""Braila""},{""adm1_code"":2464,""adm1_name"":""Galati""},{""adm1_code"":2465,""adm1_name"":""Giurgiu""},{""adm1_code"":2469,""adm1_name"":""Ialomita""},{""adm1_code"":2483,""adm1_name"":""Tulcea""},{""adm1_code"":2486,""adm1_name"":""Vrancea""}]",2005-12-19,2023-09-25
2005-0367-FRA,No,nat-cli-wil-for,Natural,Climatological,Wildfire,Forest fire,,,FRA,France,Western Europe,Europe,"Gardanne, Aix en Provence, Meyreuil, Lançon-de-Provence, Val-de-Cibourg (Bouches du Rhone), Calvi, Calenzana, Haut Nebbio, Pieve, Vallecalle, Murato, Montemaggiore, Montegrosso, Zilia, Avapessa et Aregno (Haute Corse), Saint-Zacharie, Draguignan, Saint-Tropez, Vidauban, Muy (Var) , Meze (Herault)",,,No,No,No,,35.5,Km2,,,,2005,6,20,2005,8,26,2,,,,,,,,,10000,15602,64.0927402574269,"[{""adm2_code"":16271,""adm2_name"":""Haute-Corse""},{""adm2_code"":16287,""adm2_name"":""Herault""},{""adm2_code"":16322,""adm2_name"":""Bouches-du-Rhone""},{""adm2_code"":16324,""adm2_name"":""Var""}]",2007-02-21,2023-09-25
2005-0367-PRT,No,nat-cli-wil-for,Natural,Climatological,Wildfire,Forest fire,,,PRT,Portugal,Southern Europe,Europe,"Porto, Castelo Branco provinces",,,No,No,No,,,Km2,,,,2005,5,15,2005,7,14,15,136,,,136,,,,,1650000,2574395,64.0927402574269,"[{""adm1_code"":2390,""adm1_name"":""Castelo Branco""},{""adm1_code"":2408,""adm1_name"":""Porto""}]",2007-02-21,2023-09-25
2005-0380-ESP,No,nat-cli-wil-for,Natural,Climatological,Wildfire,Forest fire,,,ESP,Spain,Southern Europe,Europe,Guadalajara district (Castilla-La Mancha province),Barbecue and high winds,,No,No,No,,,Km2,,,,2005,7,18,2005,7,18,11,1,,,1,,,,,2050000,3198490,64.0927402574269,"[{""adm2_code"":25804,""adm2_name"":""Guadalajara""}]",2005-07-19,2023-09-25
2005-0418-RUS,No,tec-tra-roa-roa,Technological,Transport,Road,Road,,,RUS,Russian Federation,Eastern Europe,Europe,Between Tcheliabinsk and Kourgan (Siberia),,,No,No,No,,,,,,,2005,8,4,2005,8,4,11,20,,,20,,,,,,,64.0927402574269,,2005-08-08,2023-09-25
2005-0421-ITA,No,tec-tra-air-air,Technological,Transport,Air,Air,,ATR-72,ITA,Italy,Southern Europe,Europe,Palerme,,,No,No,No,,,,,,,2005,8,6,2005,8,6,16,,23,,23,,,,,,,64.0927402574269,,2005-08-08,2023-09-25
2005-0429-LTU,No,nat-hyd-flo-riv,Natural,Hydrological,Flood,Riverine flood,,,LTU,Lithuania,Northern Europe,Europe,"Alytus, Vilniaus provinces ; Salcininkau Raj. district (Vilniaus province)",Heavy rains,,No,No,Yes,,,Km2,,,,2005,8,8,2005,8,10,,,,,,,,,,,,64.0927402574269,"[{""adm1_code"":1866,""adm1_name"":""Alytaus""},{""adm1_code"":1875,""adm1_name"":""Vilniaus""}]",2005-09-05,2023-09-25
2005-0432-GRC,No,tec-tra-air-air,Technological,Transport,Air,Air,,Boeing,GRC,Greece,Southern Europe,Europe,,,,No,No,No,,,,,,,2005,8,14,2005,8,14,121,,,,,,,,,,,64.0927402574269,,2005-09-05,2023-09-25
2005-0450-MKD,No,nat-hyd-flo-riv,Natural,Hydrological,Flood,Riverine flood,,,MKD,North Macedonia,Southern Europe,Europe,"Sredorek, Bavci villages (Kumanovo district, Kumanovo province)",Heavy rains,,No,No,No,10,,Km2,,,,2005,8,4,2005,8,4,,,2000,,2000,,,,,,,64.0927402574269,"[{""adm2_code"":27248,""adm2_name"":""Kumanovo""}]",2005-12-19,2023-09-25
2005-0451-AUT,No,nat-hyd-flo-riv,Natural,Hydrological,Flood,Riverine flood,,,AUT,Austria,Western Europe,Europe,"Karnten, Steiermark, Tirol (Ischgl city, Galtur village), Vorarlberg (Gargallen village) provinces",Heavy rains,,No,No,No,,,Km2,,,"Rhine tributaries : Landquart, Aare",2005,8,21,2005,8,26,4,,,,,,,130000,202831,700000,1092167,64.0927402574269,"[{""adm1_code"":479,""adm1_name"":""Karnten""},{""adm1_code"":483,""adm1_name"":""Steiermark""},{""adm1_code"":484,""adm1_name"":""Tirol""},{""adm1_code"":485,""adm1_name"":""Vorarlberg""}]",2005-09-12,2023-09-25
2005-0451-CHE,No,nat-hyd-flo-riv,Natural,Hydrological,Flood,Riverine flood,,,CHE,Switzerland,Western Europe,Europe,"Brienz (Bern province) ; Bern, Luzern, Schwyz, Uri, Obwalden provinces",Heavy rains,,Yes,No,No,,,Km2,,,"Danub and tributaries: Isar, Enns, Inn",2005,8,21,2005,8,26,6,,2500,,2500,795000,1240390,1525000,2379365,2100000,3276502,64.0927402574269,"[{""adm1_code"":2812,""adm1_name"":""Bern""},{""adm1_code"":2818,""adm1_name"":""Luzern""},{""adm1_code"":2821,""adm1_name"":""Obwalden""},{""adm1_code"":2824,""adm1_name"":""Schwyz""},{""adm1_code"":2828,""adm1_name"":""Uri""}]",2005-09-06,2023-09-25
2005-0451-DEU,No,nat-hyd-flo-riv,Natural,Hydrological,Flood,Riverine flood,,,DEU,Germany,Western Europe,Europe,Oberbayern district (Bayern province),Heavy rains,,No,No,No,,,Km2,,,Danube,2005,8,21,2005,8,26,1,,,,,,,50000,78012,220000,343253,64.0927402574269,"[{""adm2_code"":16532,""adm2_name"":""Oberbayern""}]",2005-09-12,2023-09-25
2005-0452-MLT,No,tec-tra-wat-wat,Technological,Transport,Water,Water,,,MLT,Malta,Southern Europe,Europe,South,,,No,No,No,,,,,,,2005,8,20,2005,8,20,26,,2,,2,,,,,,,64.0927402574269,,2005-09-06,2023-09-25
2005-0458-RUS,No,nat-hyd-flo-riv,Natural,Hydrological,Flood,Riverine flood,,,RUS,Russian Federation,Eastern Europe,Europe,Near Sotchi (Krasnodarskiy Kray province),Heavy rains,,No,No,No,,,Km2,,,,2005,8,4,2005,8,4,19,,,,,,,,,,,64.0927402574269,"[{""adm1_code"":2524,""adm1_name"":""Krasnodarskiy Kray""}]",2005-09-06,2023-09-25
2005-0462-FRA,No,tec-mis-fir-fir,Technological,Miscellaneous accident,Fire (Miscellaneous),Fire (Miscellaneous),,Apartment blocks,FRA,France,Western Europe,Europe,Paris,,,No,No,No,,,,,,,2005,8,25,2005,8,26,17,30,,,30,,,,,,,64.0927402574269,,2005-09-06,2023-09-25
2005-0473-BGR,No,nat-hyd-flo-riv,Natural,Hydrological,Flood,Riverine flood,,,BGR,Bulgaria,Eastern Europe,Europe,Montana province,,,No,No,No,,,Km2,,,,2005,8,14,2005,8,26,7,,,,,,,,,200000,312048,64.0927402574269,"[{""adm1_code"":711,""adm1_name"":""Montana""}]",2007-02-21,2023-09-25
2005-0473-HUN,No,nat-hyd-flo-riv,Natural,Hydrological,Flood,Riverine flood,,,HUN,Hungary,Eastern Europe,Europe,Szikszo village (Borsod-abauj-zemplen province),Heavy rains,,No,No,No,,,Km2,,,,2005,8,14,2005,8,26,,,,,,,,,,48000,74891,64.0927402574269,"[{""adm1_code"":1443,""adm1_name"":""Borsod-abauj-zemplen""}]",2005-09-07,2023-09-25
2005-0473-ROU,No,nat-hyd-flo-riv,Natural,Hydrological,Flood,Riverine flood,,,ROU,Romania,Eastern Europe,Europe,"Harghita, Mures, Dolj, Bacau, Vrancea, Galati, Braila, Bistrita-nasaud, Gorj, Suceava provinces",Heavy rains,,No,No,No,,,Km2,,,,2005,8,14,2005,8,25,33,,2000,,2000,,,,,313000,488355,64.0927402574269,"[{""adm1_code"":2449,""adm1_name"":""Bacau""},{""adm1_code"":2451,""adm1_name"":""Bistrita-nasaud""},{""adm1_code"":2453,""adm1_name"":""Braila""},{""adm1_code"":2463,""adm1_name"":""Dolj""},{""adm1_code"":2464,""adm1_name"":""Galati""},{""adm1_code"":2466,""adm1_name"":""Gorj""},{""adm1_code"":2467,""adm1_name"":""Harghita""},{""adm1_code"":2473,""adm1_name"":""Mures""},{""adm1_code"":2480,""adm1_name"":""Suceava""},{""adm1_code"":2486,""adm1_name"":""Vrancea""}]",2005-09-07,2023-09-25
2005-0473-SVN,No,nat-hyd-flo-riv,Natural,Hydrological,Flood,Riverine flood,,,SVN,Slovenia,Southern Europe,Europe,"Gorenjska, Goriska, Jugovzodna Slovenija, Koroska, Notranjsko-kraska, Obalno-kraska, Osrednjeslovenska, Podravska, Pomurska, Savinjska, Spodnjeposavska, Zasavska provinces",,,No,No,No,,,Km2,,,,2005,8,19,2005,8,24,,,,,,,,,,5000,7801,64.0927402574269,"[{""adm1_code"":2675,""adm1_name"":""Gorenjska""},{""adm1_code"":2676,""adm1_name"":""Goriska""},{""adm1_code"":2677,""adm1_name"":""Jugovzodna Slovenija""},{""adm1_code"":2678,""adm1_name"":""Koroska""},{""adm1_code"":2679,""adm1_name"":""Notranjsko-kraska""},{""adm1_code"":2680,""adm1_name"":""Obalno-kraska""},{""adm1_code"":2681,""adm1_name"":""Osrednjeslovenska""},{""adm1_code"":2682,""adm1_name"":""Podravska""},{""adm1_code"":2683,""adm1_name"":""Pomurska""},{""adm1_code"":2684,""adm1_name"":""Savinjska""},{""adm1_code"":2685,""adm1_name"":""Spodnjeposavska""},{""adm1_code"":2686,""adm1_name"":""Zasavska""}]",2007-02-21,2023-09-25
2005-0494-FRA,No,tec-mis-fir-fir,Technological,Miscellaneous accident,Fire (Miscellaneous),Fire (Miscellaneous),,"Buiding ""L'Ha-les-Roses""",FRA,France,Western Europe,Europe,Paris,,,No,No,No,,,,,,,2005,9,3,2005,9,4,18,,,,,,,,,,,64.0927402574269,,2005-09-07,2023-09-25
2005-0512-BEL,No,nat-hyd-flo-fla,Natural,Hydrological,Flood,Flash flood,,,BEL,Belgium,Western Europe,Europe,"La Roche-en-Ardenne city (Ourthe valley, Luxembourg district, Region wallonne province), Vilvoorde, Diegem, Leuven cities (Vlaams-Brabant district, Vlaams Gewest province); Antwerpen district (Vlaams Gewest province); Brussels provinces",Thunderstorm,"Slide (land, mud, snow, rock)",No,No,No,,,Km2,,,,2005,9,10,2005,9,11,,,210,,210,,,,,,,64.0927402574269,"[{""adm2_code"":5844,""adm2_name"":""Area without administration at 2nd level""},{""adm2_code"":5847,""adm2_name"":""Vlaams-Brabant""},{""adm2_code"":40442,""adm2_name"":""Antwerpen""},{""adm2_code"":5852,""adm2_name"":""Luxembourg""}]",2005-09-12,2023-09-25
2005-0516-FRA,No,nat-hyd-flo-fla,Natural,Hydrological,Flood,Flash flood,,,FRA,France,Western Europe,Europe,"Hérault, Gard districts (Languedoc-Rousillon province), Alpes-Maritimes district (Provence-Alpes-Cote-d'Azur province)",Violent thunderstorms,"Slide (land, mud, snow, rock)",No,No,No,,9810,Km2,,,,2005,9,7,2005,9,9,1,,3000,,3000,,,,,,,64.0927402574269,"[{""adm2_code"":16286,""adm2_name"":""Gard""},{""adm2_code"":16287,""adm2_name"":""Herault""},{""adm2_code"":16321,""adm2_name"":""Alpes-maritimes""}]",2005-09-13,2023-09-25
2005-0519-MDA,No,nat-hyd-flo-riv,Natural,Hydrological,Flood,Riverine flood,,,MDA,Republic of Moldova,Eastern Europe,Europe,"Edinet, Briceni districts (Edinet province), Nisporeni district (Ungheni province), Criuleni, Chisinau districts (Chisinau province), Riscani, Balti districts (Balti province)",Heavy rains and storms,,No,No,No,,,Km2,,,"Prut, Chevkar",2005,8,18,2005,8,19,,,6500,,6500,,,,,7752,12095,64.0927402574269,"[{""adm2_code"":41166,""adm2_name"":""Balti""},{""adm2_code"":41169,""adm2_name"":""Riscani""},{""adm2_code"":41176,""adm2_name"":""Criuleni""},{""adm2_code"":41179,""adm2_name"":""Chisinau""},{""adm2_code"":41187,""adm2_name"":""Briceni""},{""adm2_code"":41189,""adm2_name"":""Edinet""},{""adm2_code"":41208,""adm2_name"":""Nisporeni""}]",2005-09-13,2023-09-25
2005-0545-BGR,No,nat-hyd-flo-riv,Natural,Hydrological,Flood,Riverine flood,,,BGR,Bulgaria,Eastern Europe,Europe,Shabla district (Dobrich province),Heavy rains,,No,No,No,,,Km2,,,,2005,9,21,2005,9,23,2,,,,,,,,,,,64.0927402574269,"[{""adm2_code"":11882,""adm2_name"":""Shabla""}]",2005-09-26,2023-09-25
2005-0545-ROU,No,nat-hyd-flo-riv,Natural,Hydrological,Flood,Riverine flood,,,ROU,Romania,Eastern Europe,Europe,"Costinesti, Tuzla, Constanta, Mangalia villages (Constanta province), Maracineni village (Buzau province), Barbulesti village (Ialomita province), Bucharest city (Prahova province)",Heavy rains,,No,No,No,,,Km2,,,Prahova and Ialomita rivers,2005,9,21,2005,9,23,10,,30000,800,30800,,,,,,,64.0927402574269,"[{""adm1_code"":2456,""adm1_name"":""Buzau""},{""adm1_code"":2460,""adm1_name"":""Constanta""},{""adm1_code"":2469,""adm1_name"":""Ialomita""},{""adm1_code"":2476,""adm1_name"":""Prahova""}]",2005-09-26,2023-09-25
2005-0551-POL,No,tec-tra-roa-roa,Technological,Transport,Road,Road,,,POL,Poland,Eastern Europe,Europe,Near Jezewo,,,No,No,No,,,,,,,2005,9,30,2005,9,30,12,40,,,40,,,,,,,64.0927402574269,,2005-09-30,2023-09-25
2005-0604-NLD,No,tec-mis-fir-fir,Technological,Miscellaneous accident,Fire (Miscellaneous),Fire (Miscellaneous),,Aviation incendie,NLD,Netherlands (Kingdom of the),Western Europe,Europe,Amsterdam,,,No,No,No,,,,,,,2005,10,27,2005,10,27,11,15,,,15,,,,,,,64.0927402574269,,2005-10-27,2023-09-25
2005-0644-RUS,No,tec-ind-exp-exp,Technological,Industrial accident,Explosion (Industrial),Explosion (Industrial),,Petro-chemical plant,RUS,Russian Federation,Eastern Europe,Europe,Khavarovsk region (Extrême Orient russe),,Chemical spill,No,No,Yes,,,m3,,,,2005,11,18,2005,11,21,,,10000,,10000,,,,,,,64.0927402574269,,2005-11-29,2024-08-29
2005-0647-FRA,No,nat-hyd-flo-riv,Natural,Hydrological,Flood,Riverine flood,,,FRA,France,Western Europe,Europe,"Perpignan city (Pyrenees-Orientales district, Languedoc-Rousillon province)",Heavy rains,,No,No,No,,2000,Km2,,,"Augly, Verdouble",2005,11,15,2005,11,17,2,,1000,,1000,,,,,,,64.0927402574269,"[{""adm2_code"":16289,""adm2_name"":""Pyrenees-Orientales""}]",2005-11-24,2023-09-25
2005-0653-ITA,No,tec-tra-wat-wat,Technological,Transport,Water,Water,,Migrants,ITA,Italy,Southern Europe,Europe,Sicilia,,,No,No,No,,,,,,,2005,11,18,2005,11,18,22,,,,,,,,,,,64.0927402574269,,2005-11-28,2023-09-25
2005-0655-BEL,No,nat-met-ext-col,Natural,Meteorological,Extreme temperature,Cold wave,,,BEL,Belgium,Western Europe,Europe,"Region Bruxelles-Capitale/Brussels Hoofdtedelijk Gewes, Région wallonne, Vlaams Gewest",,Snow/ice,No,No,No,,,°C,,,,2005,11,25,2005,11,26,2,,,,,,,,,,,64.0927402574269,"[{""adm1_code"":600,""adm1_name"":""Region de Bruxelles-Capitale / Brussels Hoofdstedelijk Gewes""},{""adm1_code"":601,""adm1_name"":""Vlaams Gewest""},{""adm1_code"":602,""adm1_name"":""Region wallonne""}]",2007-01-17,2023-09-25
2005-0655-DEU,No,nat-met-ext-col,Natural,Meteorological,Extreme temperature,Cold wave,,,DEU,Germany,Western Europe,Europe,Nordrhein-Westfalen province,,Snow/ice,No,No,No,,,°C,,,,2005,11,25,2005,11,27,1,165,,,165,,,150000,234036,300000,468072,64.0927402574269,"[{""adm1_code"":1317,""adm1_name"":""Nordrhein-Westfalen""}]",2007-01-17,2023-09-25
2005-0655-FRA,No,nat-met-ext-col,Natural,Meteorological,Extreme temperature,Cold wave,,,FRA,France,Western Europe,Europe,"Alsace, Aquitaine, Auvergne, Basse-Normandie, Bourgogne, Bretagne, Centre, Champagne-Ardenne, Corse, Franche-Compte, Haute-Normandie, Ile-de-France, Languedoc-Rousillon, Limousin, Lorraine, Nord-Pas-de-Calais, Pays-de-la-Loire, Picardie, Poitou-Charentes, Provence-Alpes-Côte-D'azur, Rhône-Alpes, Midi-Pyrénées provinces",,Snow/ice,No,No,No,,,°C,,,,2005,11,23,2005,11,27,6,,,,,,,,,,,64.0927402574269,"[{""adm1_code"":1248,""adm1_name"":""Alsace""},{""adm1_code"":1249,""adm1_name"":""Aquitaine""},{""adm1_code"":1250,""adm1_name"":""Auvergne""},{""adm1_code"":1251,""adm1_name"":""Basse-Normandie""},{""adm1_code"":1252,""adm1_name"":""Bourgogne""},{""adm1_code"":1253,""adm1_name"":""Bretagne""},{""adm1_code"":1254,""adm1_name"":""Centre""},{""adm1_code"":1255,""adm1_name"":""Champagne-Ardenne""},{""adm1_code"":1256,""adm1_name"":""Corse""},{""adm1_code"":1257,""adm1_name"":""Franche-Comte""},{""adm1_code"":1258,""adm1_name"":""Haute-Normandie""},{""adm1_code"":1259,""adm1_name"":""Ile-de-France""},{""adm1_code"":1260,""adm1_name"":""Languedoc-Rousillon""},{""adm1_code"":1262,""adm1_name"":""Limousin""},{""adm1_code"":1263,""adm1_name"":""Lorraine""},{""adm1_code"":1264,""adm1_name"":""Midi-Pyrenees""},{""adm1_code"":1265,""adm1_name"":""Nord-Pas-de-Calais""},{""adm1_code"":1266,""adm1_name"":""Pays-de-la-Loire""},{""adm1_code"":1267,""adm1_name"":""Picardie""},{""adm1_code"":1268,""adm1_name"":""Poitou-Charentes""},{""adm1_code"":1269,""adm1_name"":""Provence-Alpes-Cote-d'Azur""},{""adm1_code"":1270,""adm1_name"":""Rhone-Alpes""}]",2007-01-17,2023-09-25
2005-0655-GBR,No,nat-met-ext-col,Natural,Meteorological,Extreme temperature,Cold wave,,,GBR,United Kingdom of Great Britain and Northern Ireland,Northern Europe,Europe,"Avon, Bedfordshire, Berkshire, Buckinghamshire, Cambridgeshire, Cornwall, Devonshire, Dorsetshire, East Sussex, Essex, Gloucestershire, Greater London, Hampshire, Hertfordshire, Isle of Wight, Kent, Norfolkshire, Northamptonshire, Oxfordshire, Somersetshire, Suffolk, Surrey, West Sussex, Wiltshire districts (England province)",,,No,No,No,,,°C,,,,2005,11,25,2005,11,27,,,,,,,,,,,,64.0927402574269,"[{""adm2_code"":40094,""adm2_name"":""Avon""},{""adm2_code"":40095,""adm2_name"":""Bedfordshire""},{""adm2_code"":40096,""adm2_name"":""Berkshire""},{""adm2_code"":40097,""adm2_name"":""Buckinghamshire""},{""adm2_code"":40098,""adm2_name"":""Cambridgeshire""},{""adm2_code"":40101,""adm2_name"":""Cornwall""},{""adm2_code"":40104,""adm2_name"":""Devonshire""},{""adm2_code"":40105,""adm2_name"":""Dorsetshire""},{""adm2_code"":40107,""adm2_name"":""East Sussex""},{""adm2_code"":40108,""adm2_name"":""Essex""},{""adm2_code"":40109,""adm2_name"":""Gloucestershire""},{""adm2_code"":40110,""adm2_name"":""Greater London""},{""adm2_code"":40112,""adm2_name"":""Hampshire""},{""adm2_code"":40114,""adm2_name"":""Hertfordshire""},{""adm2_code"":40116,""adm2_name"":""Isle of Wight""},{""adm2_code"":40117,""adm2_name"":""Kent""},{""adm2_code"":40122,""adm2_name"":""Norfolkshire""},{""adm2_code"":40124,""adm2_name"":""Northamptonshire""},{""adm2_code"":40127,""adm2_name"":""Oxfordshire""},{""adm2_code"":40129,""adm2_name"":""Somersetshire""},{""adm2_code"":40132,""adm2_name"":""Suffolk""},{""adm2_code"":40133,""adm2_name"":""Surrey""},{""adm2_code"":40137,""adm2_name"":""West Sussex""},{""adm2_code"":40139,""adm2_name"":""Wiltshire""}]",2007-01-17,2023-09-25
2005-0655-NLD,No,nat-met-ext-col,Natural,Meteorological,Extreme temperature,Cold wave,,,NLD,Netherlands (Kingdom of the),Western Europe,Europe,"Drenthe, Flevoland, Friesland, Gelderland, Groningen, Limburg, Noord-brabant, Noord-holland, Overijssel, Utrecht, Zeeland, Zuit-holland provinces",,,No,No,No,,,°C,,,,2005,11,25,2005,11,27,,,,,,,,60000,93614,100000,156024,64.0927402574269,"[{""adm1_code"":2158,""adm1_name"":""Drenthe""},{""adm1_code"":2159,""adm1_name"":""Flevoland""},{""adm1_code"":2160,""adm1_name"":""Friesland""},{""adm1_code"":2161,""adm1_name"":""Gelderland""},{""adm1_code"":2162,""adm1_name"":""Groningen""},{""adm1_code"":2163,""adm1_name"":""Limburg""},{""adm1_code"":2164,""adm1_name"":""Noord-brabant""},{""adm1_code"":2165,""adm1_name"":""Noord-holland""},{""adm1_code"":2166,""adm1_name"":""Overijssel""},{""adm1_code"":2167,""adm1_name"":""Utrecht""},{""adm1_code"":2168,""adm1_name"":""Zeeland""},{""adm1_code"":2169,""adm1_name"":""Zuid-holland""}]",2007-01-17,2023-09-25
2005-0660-ROU,No,tec-tra-roa-roa,Technological,Transport,Road,Road,,,ROU,Romania,Eastern Europe,Europe,Between Slobozia and Constanta,,,No,No,No,,,,,,,2005,11,24,2005,11,24,15,12,,,12,,,,,,,64.0927402574269,,2005-11-29,2023-09-25
2005-0676-RUS,No,tec-mis-col-col,Technological,Miscellaneous accident,Collapse (Miscellaneous),Collapse (Miscellaneous),,Roof of a swiming pool,RUS,Russian Federation,Eastern Europe,Europe,"Tchoussovoi (near Perm, Oural)",,,No,No,No,,,,,,,2005,12,4,2005,12,4,14,10,,,10,,,,,,,64.0927402574269,,2005-12-08,2023-09-25
2005-0695-BIH,No,nat-hyd-flo-riv,Natural,Hydrological,Flood,Riverine flood,,,BIH,Bosnia and Herzegovina,Southern Europe,Europe,"Bihac, Velika Kladusa municipalities (Unsko-sanski district, Federacija Bosne I Hercegovine province) ; Bosanska Krupa, Sanski Most, Prijedor, Bosanski Novi districts (Republika Srpska province)",Heavy rains,Rain,No,No,Yes,,,Km2,,,,2005,12,6,2005,12,9,,,3100,,3100,,,,,,,64.0927402574269,"[{""adm2_code"":6247,""adm2_name"":""Unsko-sanski""},{""adm2_code"":6256,""adm2_name"":""Bosanska Krupa""},{""adm2_code"":6258,""adm2_name"":""Bosanski Novi""},{""adm2_code"":6299,""adm2_name"":""Prijedor""},{""adm2_code"":6303,""adm2_name"":""Sanski Most""}]",2005-12-19,2023-09-25
2005-0696-ALB,No,nat-hyd-flo-riv,Natural,Hydrological,Flood,Riverine flood,,,ALB,Albania,Southern Europe,Europe,"Vlore, Has, Fier, Lushnje, Gjirokaster, Permet, Tepelene, Durres, Kruje, Elbasan, Gramsh, Librazhd, Peqin, Lezhe, Kurbin, Mirdite, Berat, Kucove, Skrapar, Tirane, Kavaje provinces (Vlora, Fier, Gjirokaster, Durres, Elbasan, Lezhe, Berat, Tirrana prefectures) (South)",Heavy rains,,No,No,No,,10410,Km2,,,Fan,2005,11,30,2005,12,3,3,,500,,500,,,,,,,64.0927402574269,"[{""adm1_code"":305,""adm1_name"":""Berat""},{""adm1_code"":310,""adm1_name"":""Durres""},{""adm1_code"":311,""adm1_name"":""Elbasan""},{""adm1_code"":313,""adm1_name"":""Gjirokaster""},{""adm1_code"":314,""adm1_name"":""Gramsh""},{""adm1_code"":315,""adm1_name"":""Has""},{""adm1_code"":316,""adm1_name"":""Kavaje""},{""adm1_code"":319,""adm1_name"":""Kruje""},{""adm1_code"":320,""adm1_name"":""Kucove""},{""adm1_code"":322,""adm1_name"":""Kurbin""},{""adm1_code"":323,""adm1_name"":""Lezhe""},{""adm1_code"":324,""adm1_name"":""Librazhd""},{""adm1_code"":325,""adm1_name"":""Lushnje""},{""adm1_code"":329,""adm1_name"":""Mirdite""},{""adm1_code"":330,""adm1_name"":""Peqin""},{""adm1_code"":331,""adm1_name"":""Permet""},{""adm1_code"":336,""adm1_name"":""Skrapar""},{""adm1_code"":337,""adm1_name"":""Tepelene""},{""adm1_code"":338,""adm1_name"":""Tirane""},{""adm1_code"":340,""adm1_name"":""Vlore""}]",2006-01-24,2023-09-25
2005-0713-AUT,No,nat-met-ext-sev,Natural,Meteorological,Extreme temperature,Severe winter conditions,,,AUT,Austria,Western Europe,Europe,"Burgenland, Karnten, Niederosterreich, Oberosterreich, Salzburg, Steiermark, Tirol, Vorarlberg, Wien provinces",,Snow/ice,No,No,No,,-35,°C,,,,2005,12,27,2006,1,,,,,,,,,,,,,64.0927402574269,"[{""adm1_code"":478,""adm1_name"":""Burgenland""},{""adm1_code"":479,""adm1_name"":""Karnten""},{""adm1_code"":480,""adm1_name"":""Niederosterreich""},{""adm1_code"":481,""adm1_name"":""Oberosterreich""},{""adm1_code"":482,""adm1_name"":""Salzburg""},{""adm1_code"":483,""adm1_name"":""Steiermark""},{""adm1_code"":484,""adm1_name"":""Tirol""},{""adm1_code"":485,""adm1_name"":""Vorarlberg""},{""adm1_code"":486,""adm1_name"":""Wien""}]",2007-01-17,2023-09-25
2005-0713-BEL,No,nat-met-ext-sev,Natural,Meteorological,Extreme temperature,Severe winter conditions,,,BEL,Belgium,Western Europe,Europe,"Region de Bruxelles-Capitale / Brussels Hoofdstedelijk Gewes, Vlaams Gewest, Region wallonne provinces",,Snow/ice,No,No,No,,,°C,,,,2005,12,27,2005,12,30,,,,,,,,,,,,64.0927402574269,"[{""adm1_code"":600,""adm1_name"":""Region de Bruxelles-Capitale / Brussels Hoofdstedelijk Gewes""},{""adm1_code"":601,""adm1_name"":""Vlaams Gewest""},{""adm1_code"":602,""adm1_name"":""Region wallonne""}]",2009-02-04,2023-09-25
2005-0713-BGR,No,nat-met-ext-sev,Natural,Meteorological,Extreme temperature,Severe winter conditions,,,BGR,Bulgaria,Eastern Europe,Europe,"Burgas, Varna provinces",,,No,No,No,,-23,°C,,,,2006,1,22,2006,1,25,18,20,,,20,,,,,,,66.1603305617979,"[{""adm1_code"":703,""adm1_name"":""Burgas""},{""adm1_code"":726,""adm1_name"":""Varna""}]",2009-02-04,2023-09-25
2005-0713-BLR,No,nat-met-ext-sev,Natural,Meteorological,Extreme temperature,Severe winter conditions,,,BLR,Belarus,Eastern Europe,Europe,Minsk province,,Snow/ice,No,No,No,,,°C,,,,2006,1,,2006,1,,5,1820,,,1820,,,,,,,66.1603305617979,"[{""adm1_code"":596,""adm1_name"":""Minsk""}]",2007-01-12,2023-09-25
2005-0713-CHE,No,nat-met-ext-sev,Natural,Meteorological,Extreme temperature,Severe winter conditions,,,CHE,Switzerland,Western Europe,Europe,"Graubunden, Ticino, Valais provinces",,,No,No,No,,-35,°C,,,,2005,12,27,2005,12,30,,,,,,,,,,,,64.0927402574269,"[{""adm1_code"":2816,""adm1_name"":""Graubunden""},{""adm1_code"":2827,""adm1_name"":""Ticino""},{""adm1_code"":2829,""adm1_name"":""Valais""}]",2007-01-12,2023-09-25
2005-0713-CZE,No,nat-met-ext-sev,Natural,Meteorological,Extreme temperature,Severe winter conditions,,,CZE,Czechia,Eastern Europe,Europe,"Jihocesky, Jihomoravsky, Praha, Severomoravsky, Stredocesky, Vychodocesky provinces",,,No,No,No,,,°C,,,,2005,12,27,2006,1,,15,,,,,,,,,,,64.0927402574269,"[{""adm1_code"":1030,""adm1_name"":""Jihocesky""},{""adm1_code"":1031,""adm1_name"":""Jihomoravsky""},{""adm1_code"":1032,""adm1_name"":""Praha""},{""adm1_code"":1034,""adm1_name"":""Severomoravsky""},{""adm1_code"":1035,""adm1_name"":""Stredocesky""},{""adm1_code"":1036,""adm1_name"":""Vychodocesky""}]",2007-01-17,2023-09-25
2005-0713-DEU,No,nat-met-ext-sev,Natural,Meteorological,Extreme temperature,Severe winter conditions,,,DEU,Germany,Western Europe,Europe,"Baden-Wuerttemberg, Bayern, Berlin, Brandenburg, Bremen, Hamburg, Hessen, Mecklenburg-Vorpommern, Niedersachsen, Nordrhein-Westfalen, Rheinland-Pfalz, Saarland, Sachsen, Sachsen-Anhalt, Schleswig-Holstein, Thueringen provinces",,,No,No,No,,-20,°C,,,,2006,1,22,2006,1,28,10,,,,,,,,,,,66.1603305617979,"[{""adm1_code"":1308,""adm1_name"":""Baden-Wuerttemberg""},{""adm1_code"":1309,""adm1_name"":""Bayern""},{""adm1_code"":1310,""adm1_name"":""Berlin""},{""adm1_code"":1311,""adm1_name"":""Brandenburg""},{""adm1_code"":1312,""adm1_name"":""Bremen""},{""adm1_code"":1313,""adm1_name"":""Hamburg""},{""adm1_code"":1314,""adm1_name"":""Hessen""},{""adm1_code"":1315,""adm1_name"":""Mecklenburg-Vorpommern""},{""adm1_code"":1316,""adm1_name"":""Niedersachsen""},{""adm1_code"":1317,""adm1_name"":""Nordrhein-Westfalen""},{""adm1_code"":1318,""adm1_name"":""Rheinland-Pfalz""},{""adm1_code"":1319,""adm1_name"":""Saarland""},{""adm1_code"":1320,""adm1_name"":""Sachsen""},{""adm1_code"":1321,""adm1_name"":""Sachsen-Anhalt""},{""adm1_code"":1322,""adm1_name"":""Schleswig-Holstein""},{""adm1_code"":1323,""adm1_name"":""Thueringen""}]",2007-01-12,2023-09-25
2005-0713-ESP,No,nat-met-ext-sev,Natural,Meteorological,Extreme temperature,Severe winter conditions,,,ESP,Spain,Southern Europe,Europe,"Aragón, Cataluña/Catalunya, Comunidad Foral de Navarra, Comunitat Valenciana, La Rioja, País Vasco/Euskadi, Región de Murcia provinces",,Snow/ice,No,No,No,,,°C,,,,2005,12,27,2006,1,,9,,,,,,,,,,,64.0927402574269,"[{""adm1_code"":2717,""adm1_name"":""Aragón""},{""adm1_code"":2724,""adm1_name"":""Cataluña/Catalunya""},{""adm1_code"":2726,""adm1_name"":""Comunitat Valenciana""},{""adm1_code"":2731,""adm1_name"":""Región de Murcia""},{""adm1_code"":2732,""adm1_name"":""Comunidad Foral de Navarra""},{""adm1_code"":2733,""adm1_name"":""País Vasco/Euskadi""},{""adm1_code"":2734,""adm1_name"":""La Rioja""}]",2007-01-17,2023-09-25
2005-0713-EST,No,nat-met-ext-sev,Natural,Meteorological,Extreme temperature,Severe winter conditions,,,EST,Estonia,Northern Europe,Europe,"Lääne maakond, Põlva maakond, Tartu maakond, Valga maakond, Võru maakond provinces",,,No,No,No,,,°C,,,,2006,1,,2006,1,,3,,,,,,,,,,,66.1603305617979,"[{""adm1_code"":1218,""adm1_name"":""Lääne maakond""},{""adm1_code"":1220,""adm1_name"":""Põlva maakond""},{""adm1_code"":1223,""adm1_name"":""Tartu maakond""},{""adm1_code"":1224,""adm1_name"":""Valga maakond""},{""adm1_code"":1226,""adm1_name"":""Võru maakond""}]",2007-01-12,2023-09-25
2005-0713-FRA,No,nat-met-ext-sev,Natural,Meteorological,Extreme temperature,Severe winter conditions,,,FRA,France,Western Europe,Europe,"Alsace, Aquitaine, Auvergne, Basse-Normandie, Bourgogne, Bretagne, Centre, Champagne-Ardenne, Corse, Franche-Comte, Haute-Normandie, Ile-de-France, Languedoc-Rousillon, Limousin, Lorraine, Midi-Pyrenees, Nord-Pas-de-Calais, Pays-de-la-Loire, Picardie, Poitou-Charentes, Provence-Alpes-Cote-d'Azur, Rhone-Alpes provinces",,Snow/ice,No,No,No,,,°C,,,,2005,12,27,2005,12,30,2,,,,,,,,,,,64.0927402574269,"[{""adm1_code"":1248,""adm1_name"":""Alsace""},{""adm1_code"":1249,""adm1_name"":""Aquitaine""},{""adm1_code"":1250,""adm1_name"":""Auvergne""},{""adm1_code"":1251,""adm1_name"":""Basse-Normandie""},{""adm1_code"":1252,""adm1_name"":""Bourgogne""},{""adm1_code"":1253,""adm1_name"":""Bretagne""},{""adm1_code"":1254,""adm1_name"":""Centre""},{""adm1_code"":1255,""adm1_name"":""Champagne-Ardenne""},{""adm1_code"":1256,""adm1_name"":""Corse""},{""adm1_code"":1257,""adm1_name"":""Franche-Comte""},{""adm1_code"":1258,""adm1_name"":""Haute-Normandie""},{""adm1_code"":1259,""adm1_name"":""Ile-de-France""},{""adm1_code"":1260,""adm1_name"":""Languedoc-Rousillon""},{""adm1_code"":1262,""adm1_name"":""Limousin""},{""adm1_code"":1263,""adm1_name"":""Lorraine""},{""adm1_code"":1264,""adm1_name"":""Midi-Pyrenees""},{""adm1_code"":1265,""adm1_name"":""Nord-Pas-de-Calais""},{""adm1_code"":1266,""adm1_name"":""Pays-de-la-Loire""},{""adm1_code"":1267,""adm1_name"":""Picardie""},{""adm1_code"":1268,""adm1_name"":""Poitou-Charentes""},{""adm1_code"":1269,""adm1_name"":""Provence-Alpes-Cote-d'Azur""},{""adm1_code"":1270,""adm1_name"":""Rhone-Alpes""}]",2007-01-12,2023-09-25
2005-0713-GBR,No,nat-met-ext-sev,Natural,Meteorological,Extreme temperature,Severe winter conditions,,,GBR,United Kingdom of Great Britain and Northern Ireland,Northern Europe,Europe,"Cleveland, Durham, Northumberland, Tyne and Wear, West Midlands districts (England province), Scotland province",,Snow/ice,No,No,No,,-11,°C,,,,2005,12,27,2005,12,30,1,,,,,,,,,,,64.0927402574269,"[{""adm1_code"":3184,""adm1_name"":""Scotland""},{""adm2_code"":40100,""adm2_name"":""Cleveland""},{""adm2_code"":40106,""adm2_name"":""Durham""},{""adm2_code"":40125,""adm2_name"":""Northumberland""},{""adm2_code"":40134,""adm2_name"":""Tyne and Wear""},{""adm2_code"":40136,""adm2_name"":""West Midlands""}]",2007-01-12,2023-09-25
2005-0713-HRV,No,nat-met-ext-sev,Natural,Meteorological,Extreme temperature,Severe winter conditions,,,HRV,Croatia,Southern Europe,Europe,"Bjelovar-bilogora, Dubrovnik-neretva, Grad Zagreb, Istra, Karlovac, Koprivnica-krizevci, Krapina-zagorje, Lika-senj, Medimurje, Osijek-baranja, Pozega-slavonija, Primorje-gorski Kota, Sibenik, Sisak-moslavina, Slavonski Brod-posav, Split-dalmatija, Varazdin, Virovitica-podravina, Vukovar-srijem, Zadar-knin, Zagreb provinces",,Snow/ice,No,No,No,,-20,°C,,,,2005,12,27,2005,12,30,5,,,,,,,,,,,64.0927402574269,"[{""adm1_code"":988,""adm1_name"":""Bjelovar-bilogora""},{""adm1_code"":989,""adm1_name"":""Dubrovnik-neretva""},{""adm1_code"":990,""adm1_name"":""Grad Zagreb""},{""adm1_code"":991,""adm1_name"":""Istra""},{""adm1_code"":992,""adm1_name"":""Karlovac""},{""adm1_code"":993,""adm1_name"":""Koprivnica-krizevci""},{""adm1_code"":994,""adm1_name"":""Krapina-zagorje""},{""adm1_code"":995,""adm1_name"":""Lika-senj""},{""adm1_code"":996,""adm1_name"":""Medimurje""},{""adm1_code"":997,""adm1_name"":""Osijek-baranja""},{""adm1_code"":998,""adm1_name"":""Pozega-slavonija""},{""adm1_code"":999,""adm1_name"":""Primorje-gorski Kota""},{""adm1_code"":1000,""adm1_name"":""Sibenik""},{""adm1_code"":1001,""adm1_name"":""Sisak-moslavina""},{""adm1_code"":1002,""adm1_name"":""Slavonski Brod-posav""},{""adm1_code"":1003,""adm1_name"":""Split-dalmatija""},{""adm1_code"":1004,""adm1_name"":""Varazdin""},{""adm1_code"":1005,""adm1_name"":""Virovitica-podravina""},{""adm1_code"":1006,""adm1_name"":""Vukovar-srijem""},{""adm1_code"":1007,""adm1_name"":""Zadar-knin""},{""adm1_code"":1008,""adm1_name"":""Zagreb""}]",2007-01-12,2023-09-25
2005-0713-HUN,No,nat-met-ext-sev,Natural,Meteorological,Extreme temperature,Severe winter conditions,,,HUN,Hungary,Eastern Europe,Europe,"Bacs-kiskun, Baranya, Bekes, Borsod-abauj-zemplen, Budapest, Csongrad, Fejer, Gyor-moson-sopron, Hajdu-bihar, Heves, Jasz-nagykun-szolnok, Komarom-esztergom, Nograd, Pest, Somogy, Szabolcs-szatmar-bereg, Tolna, Vas, Veszprem, Zala provinces",,Snow/ice,No,No,No,,,°C,,,,2005,12,27,2006,1,,48,,,,,,,,,,,64.0927402574269,"[{""adm1_code"":1440,""adm1_name"":""Bacs-kiskun""},{""adm1_code"":1441,""adm1_name"":""Baranya""},{""adm1_code"":1442,""adm1_name"":""Bekes""},{""adm1_code"":1443,""adm1_name"":""Borsod-abauj-zemplen""},{""adm1_code"":1444,""adm1_name"":""Budapest""},{""adm1_code"":1445,""adm1_name"":""Csongrad""},{""adm1_code"":1446,""adm1_name"":""Fejer""},{""adm1_code"":1447,""adm1_name"":""Gyor-moson-sopron""},{""adm1_code"":1448,""adm1_name"":""Hajdu-bihar""},{""adm1_code"":1449,""adm1_name"":""Heves""},{""adm1_code"":1450,""adm1_name"":""Jasz-nagykun-szolnok""},{""adm1_code"":1451,""adm1_name"":""Komarom-esztergom""},{""adm1_code"":1452,""adm1_name"":""Nograd""},{""adm1_code"":1453,""adm1_name"":""Pest""},{""adm1_code"":1454,""adm1_name"":""Somogy""},{""adm1_code"":1455,""adm1_name"":""Szabolcs-szatmar-bereg""},{""adm1_code"":1456,""adm1_name"":""Tolna""},{""adm1_code"":1457,""adm1_name"":""Vas""},{""adm1_code"":1458,""adm1_name"":""Veszprem""},{""adm1_code"":1459,""adm1_name"":""Zala""}]",2009-01-12,2023-09-25
2005-0713-ITA,No,nat-met-ext-sev,Natural,Meteorological,Extreme temperature,Severe winter conditions,,,ITA,Italy,Southern Europe,Europe,"Emilia-romagna, Friuli-venezia Giulia, Liguria, Lombardia, Piemonte, Sicilia, Toscana, Trentino-alto Adige, Valle D'aosta, Veneto provinces",,Snow/ice,No,No,No,,-21,°C,,,,2005,12,27,2006,1,,9,,,,,,,,,,,64.0927402574269,"[{""adm1_code"":1620,""adm1_name"":""Emilia-romagna""},{""adm1_code"":1621,""adm1_name"":""Friuli-venezia Giulia""},{""adm1_code"":1623,""adm1_name"":""Liguria""},{""adm1_code"":1624,""adm1_name"":""Lombardia""},{""adm1_code"":1627,""adm1_name"":""Piemonte""},{""adm1_code"":1630,""adm1_name"":""Sicilia""},{""adm1_code"":1631,""adm1_name"":""Toscana""},{""adm1_code"":1632,""adm1_name"":""Trentino-alto Adige""},{""adm1_code"":1634,""adm1_name"":""Valle D'aosta""},{""adm1_code"":1635,""adm1_name"":""Veneto""}]",2007-01-17,2023-09-25
2005-0713-LVA,No,nat-met-ext-sev,Natural,Meteorological,Extreme temperature,Severe winter conditions,,,LVA,Latvia,Northern Europe,Europe,"Aizkraukles, Aluksnes, Balvu, Bauskas, Cesu, Daugavpils, Dobeles, Gulbenes, Jekabpils, Jelgavas, Kraslavas, Kuldigas, Liepajas, Limbazu, Ludzas, Madonas, Ogres, Preilu, Rezeknes, Rigas, Saldus, Talsu, Tukuma, Valkas, Valmieras, Ventspils provinces",,,No,No,No,,,°C,,,,2006,1,,2006,1,,40,,,,,,,,,,,66.1603305617979,"[{""adm1_code"":1771,""adm1_name"":""Aizkraukles""},{""adm1_code"":1772,""adm1_name"":""Aluksnes""},{""adm1_code"":1773,""adm1_name"":""Balvu""},{""adm1_code"":1774,""adm1_name"":""Bauskas""},{""adm1_code"":1775,""adm1_name"":""Cesu""},{""adm1_code"":1776,""adm1_name"":""Daugavpils""},{""adm1_code"":1777,""adm1_name"":""Dobeles""},{""adm1_code"":1778,""adm1_name"":""Gulbenes""},{""adm1_code"":1779,""adm1_name"":""Jekabpils""},{""adm1_code"":1780,""adm1_name"":""Jelgavas""},{""adm1_code"":1781,""adm1_name"":""Kraslavas""},{""adm1_code"":1782,""adm1_name"":""Kuldigas""},{""adm1_code"":1783,""adm1_name"":""Liepajas""},{""adm1_code"":1784,""adm1_name"":""Limbazu""},{""adm1_code"":1785,""adm1_name"":""Ludzas""},{""adm1_code"":1786,""adm1_name"":""Madonas""},{""adm1_code"":1787,""adm1_name"":""Ogres""},{""adm1_code"":1788,""adm1_name"":""Preilu""},{""adm1_code"":1789,""adm1_name"":""Rezeknes""},{""adm1_code"":1790,""adm1_name"":""Rigas""},{""adm1_code"":1791,""adm1_name"":""Saldus""},{""adm1_code"":1792,""adm1_name"":""Talsu""},{""adm1_code"":1793,""adm1_name"":""Tukuma""},{""adm1_code"":1794,""adm1_name"":""Valkas""},{""adm1_code"":1795,""adm1_name"":""Valmieras""},{""adm1_code"":1796,""adm1_name"":""Ventspils""}]",2007-01-12,2023-09-25
2005-0713-MDA,No,nat-met-ext-sev,Natural,Meteorological,Extreme temperature,Severe winter conditions,,,MDA,Republic of Moldova,Eastern Europe,Europe,Chisinau province,,Snow/ice,No,No,No,,-30,°C,,,,2006,1,20,2006,1,24,13,,,,,,,,,,,66.1603305617979,"[{""adm1_code"":2064,""adm1_name"":""Chisinau""}]",2007-01-12,2023-09-25
2005-0713-NLD,No,nat-met-ext-sev,Natural,Meteorological,Extreme temperature,Severe winter conditions,,,NLD,Netherlands (Kingdom of the),Western Europe,Europe,Amsterdam (Noord-Holland province),,Snow/ice,No,No,No,,,°C,,,,2005,12,27,2005,12,30,,,,,,,,,,,,64.0927402574269,"[{""adm1_code"":2165,""adm1_name"":""Noord-holland""}]",2007-01-12,2023-09-25
2005-0713-POL,No,nat-met-ext-sev,Natural,Meteorological,Extreme temperature,Severe winter conditions,,,POL,Poland,Eastern Europe,Europe,"Dolnoslaskie, Kujawsko-Pomorskie, Lodzkie, Lubeiskie, Lubuskie, Malopolske, Mazowieckie, Opolskie, Podkarpackie, Podlaskie, Pomorskie, Slaskie, Swietokrzyskie, Warminsko-Mazurskie, Wielkopolskie, Zachodnio-Pomorskie provinces",,Snow/ice,No,No,No,,-32,°C,,,,2005,10,,2006,2,6,191,,,,,,,,,,,64.0927402574269,"[{""adm1_code"":2370,""adm1_name"":""Dolnoslaskie""},{""adm1_code"":2371,""adm1_name"":""Kujawsko-Pomorskie""},{""adm1_code"":2372,""adm1_name"":""Lodzkie""},{""adm1_code"":2373,""adm1_name"":""Lubeiskie""},{""adm1_code"":2374,""adm1_name"":""Lubuskie""},{""adm1_code"":2375,""adm1_name"":""Malopolske""},{""adm1_code"":2376,""adm1_name"":""Mazowieckie""},{""adm1_code"":2377,""adm1_name"":""Opolskie""},{""adm1_code"":2378,""adm1_name"":""Podkarpackie""},{""adm1_code"":2379,""adm1_name"":""Podlaskie""},{""adm1_code"":2380,""adm1_name"":""Pomorskie""},{""adm1_code"":2381,""adm1_name"":""Slaskie""},{""adm1_code"":2382,""adm1_name"":""Swietokrzyskie""},{""adm1_code"":2383,""adm1_name"":""Warminsko-Mazurskie""},{""adm1_code"":2384,""adm1_name"":""Wielkopolskie""},{""adm1_code"":2385,""adm1_name"":""Zachodnio-Pomorskie""}]",2007-01-17,2023-09-25
2005-0713-ROU,No,nat-met-ext-sev,Natural,Meteorological,Extreme temperature,Severe winter conditions,,,ROU,Romania,Eastern Europe,Europe,"Alba, Arad, Arges, Bacau, Bihor, Bistrita-nasaud, Botosani, Braila, Brasov, Bucuresti, Buzau, Calarasi, Caras-severin, Cluj, Constanta, Covasna, Dimbovita, Dolj, Galati, Giurgiu, Gorj, Harghita, Hunedoara, Ialomita, Iasi, Maramures, Mehedinti, Mures, Neamt, Olt, Prahova, Salaj, Satu Mare, Sibiu, Suceava, Teleorman, Timis, Tulcea, Vaslui, Vilcea, Vrancea provinces",,,No,No,No,,-34,°C,,,,2006,1,20,2006,1,28,68,,,,,,,,,,,66.1603305617979,"[{""adm1_code"":2446,""adm1_name"":""Alba""},{""adm1_code"":2447,""adm1_name"":""Arad""},{""adm1_code"":2448,""adm1_name"":""Arges""},{""adm1_code"":2449,""adm1_name"":""Bacau""},{""adm1_code"":2450,""adm1_name"":""Bihor""},{""adm1_code"":2451,""adm1_name"":""Bistrita-nasaud""},{""adm1_code"":2452,""adm1_name"":""Botosani""},{""adm1_code"":2453,""adm1_name"":""Braila""},{""adm1_code"":2454,""adm1_name"":""Brasov""},{""adm1_code"":2455,""adm1_name"":""Bucuresti""},{""adm1_code"":2456,""adm1_name"":""Buzau""},{""adm1_code"":2457,""adm1_name"":""Calarasi""},{""adm1_code"":2458,""adm1_name"":""Caras-severin""},{""adm1_code"":2459,""adm1_name"":""Cluj""},{""adm1_code"":2460,""adm1_name"":""Constanta""},{""adm1_code"":2461,""adm1_name"":""Covasna""},{""adm1_code"":2462,""adm1_name"":""Dimbovita""},{""adm1_code"":2463,""adm1_name"":""Dolj""},{""adm1_code"":2464,""adm1_name"":""Galati""},{""adm1_code"":2465,""adm1_name"":""Giurgiu""},{""adm1_code"":2466,""adm1_name"":""Gorj""},{""adm1_code"":2467,""adm1_name"":""Harghita""},{""adm1_code"":2468,""adm1_name"":""Hunedoara""},{""adm1_code"":2469,""adm1_name"":""Ialomita""},{""adm1_code"":2470,""adm1_name"":""Iasi""},{""adm1_code"":2471,""adm1_name"":""Maramures""},{""adm1_code"":2472,""adm1_name"":""Mehedinti""},{""adm1_code"":2473,""adm1_name"":""Mures""},{""adm1_code"":2474,""adm1_name"":""Neamt""},{""adm1_code"":2475,""adm1_name"":""Olt""},{""adm1_code"":2476,""adm1_name"":""Prahova""},{""adm1_code"":2477,""adm1_name"":""Salaj""},{""adm1_code"":2478,""adm1_name"":""Satu Mare""},{""adm1_code"":2479,""adm1_name"":""Sibiu""},{""adm1_code"":2480,""adm1_name"":""Suceava""},{""adm1_code"":2481,""adm1_name"":""Teleorman""},{""adm1_code"":2482,""adm1_name"":""Timis""},{""adm1_code"":2483,""adm1_name"":""Tulcea""},{""adm1_code"":2484,""adm1_name"":""Vaslui""},{""adm1_code"":2485,""adm1_name"":""Vilcea""},{""adm1_code"":2486,""adm1_name"":""Vrancea""}]",2007-01-12,2023-09-25
2005-0713-RUS,No,nat-met-ext-sev,Natural,Meteorological,Extreme temperature,Severe winter conditions,,,RUS,Russian Federation,Eastern Europe,Europe,"Moskva, Moskovskaya Oblast, Sankt-peterburg, Leningradskaya Oblast, Chitinskaya Oblast, Aginskiy Buryatskiy A. Okrug, Magadanskaya Oblast, Volgogradskaya Oblast provinces",,Snow/ice,No,No,No,,-43,°C,,,,2006,1,,2006,1,,116,14,,,14,,,,,1000000,1511480,66.1603305617979,"[{""adm1_code"":2488,""adm1_name"":""Aginskiy Buryatskiy A. Okrug""},{""adm1_code"":2500,""adm1_name"":""Chitinskaya Oblast""},{""adm1_code"":2529,""adm1_name"":""Leningradskaya Oblast""},{""adm1_code"":2531,""adm1_name"":""Magadanskaya Oblast""},{""adm1_code"":2534,""adm1_name"":""Moskovskaya Oblast""},{""adm1_code"":2535,""adm1_name"":""Moskva""},{""adm1_code"":2554,""adm1_name"":""Sankt-peterburg""},{""adm1_code"":2572,""adm1_name"":""Volgogradskaya Oblast""}]",2007-01-12,2023-09-25
2005-0713-SCG,No,nat-met-ext-sev,Natural,Meteorological,Extreme temperature,Severe winter conditions,,,SCG,Serbia Montenegro,Southern Europe,Europe,"Andrijevica, Berane, Bijelo Polje, Borski, Branicevski, Grad Beograd, Jablanicki, Juzno-backi, Juzno-banatski, Kolubarski, Kosovski, Kosovsko-mitrovatski, Kosovsko-pomoravski, Macvanski, Moravicki, Nisavski, Pcinjski, Pecki, Pirotski, Plav, Podunavski, Pomoravski, Prizremski, Rasinski, Raski, Rozaj, Severno-backi, Severno-banatski, Srednje-banatski, Sremski, Sumadijski, Toplicki, Zajecarski, Zapadno-backi, Zlatiborski provinces (Serbia & Montenegro)",,,No,No,No,,-36,°C,,,,2006,1,,2006,1,,3,,,,,,,,,,,66.1603305617979,"[{""adm1_code"":25350,""adm1_name"":""Andrijevica""},{""adm1_code"":25352,""adm1_name"":""Berane""},{""adm1_code"":25353,""adm1_name"":""Bijelo Polje""},{""adm1_code"":25362,""adm1_name"":""Plav""},{""adm1_code"":25366,""adm1_name"":""Rozaj""},{""adm1_code"":25371,""adm1_name"":""Borski""},{""adm1_code"":25372,""adm1_name"":""Branicevski""},{""adm1_code"":25373,""adm1_name"":""Grad Beograd""},{""adm1_code"":25374,""adm1_name"":""Jablanicki""},{""adm1_code"":25375,""adm1_name"":""Juzno-backi""},{""adm1_code"":25376,""adm1_name"":""Juzno-banatski""},{""adm1_code"":25377,""adm1_name"":""Kolubarski""},{""adm1_code"":25378,""adm1_name"":""Kosovski""},{""adm1_code"":25379,""adm1_name"":""Kosovsko-mitrovatski""},{""adm1_code"":25380,""adm1_name"":""Kosovsko-pomoravski""},{""adm1_code"":25381,""adm1_name"":""Macvanski""},{""adm1_code"":25382,""adm1_name"":""Moravicki""},{""adm1_code"":25383,""adm1_name"":""Nisavski""},{""adm1_code"":25384,""adm1_name"":""Pcinjski""},{""adm1_code"":25385,""adm1_name"":""Pecki""},{""adm1_code"":25386,""adm1_name"":""Pirotski""},{""adm1_code"":25387,""adm1_name"":""Podunavski""},{""adm1_code"":25388,""adm1_name"":""Pomoravski""},{""adm1_code"":25389,""adm1_name"":""Prizremski""},{""adm1_code"":25390,""adm1_name"":""Rasinski""},{""adm1_code"":25391,""adm1_name"":""Raski""},{""adm1_code"":25392,""adm1_name"":""Severno-backi""},{""adm1_code"":25393,""adm1_name"":""Severno-banatski""},{""adm1_code"":25394,""adm1_name"":""Srednje-banatski""},{""adm1_code"":25395,""adm1_name"":""Sremski""},{""adm1_code"":25396,""adm1_name"":""Sumadijski""},{""adm1_code"":25397,""adm1_name"":""Toplicki""},{""adm1_code"":25398,""adm1_name"":""Zajecarski""},{""adm1_code"":25399,""adm1_name"":""Zapadno-backi""},{""adm1_code"":25400,""adm1_name"":""Zlatiborski""}]",2007-01-12,2023-09-25
2005-0713-SVK,No,nat-met-ext-sev,Natural,Meteorological,Extreme temperature,Severe winter conditions,,,SVK,Slovakia,Eastern Europe,Europe,"Bratislava, Nitra, Trnava provinces",,,No,No,No,,,°C,,,,2005,12,27,2005,12,30,,,,,,,,,,,,64.0927402574269,"[{""adm1_code"":2668,""adm1_name"":""Bratislava""},{""adm1_code"":2670,""adm1_name"":""Nitra""},{""adm1_code"":2673,""adm1_name"":""Trnava""}]",2007-01-12,2023-09-25
2005-0713-SWE,No,nat-met-ext-sev,Natural,Meteorological,Extreme temperature,Severe winter conditions,,,SWE,Sweden,Northern Europe,Europe,"Blekinge Laen, Gotlands Laen, Hallands Laen, Joenkoepings Laen, Kalmar Laen, Kronobergs Laen, Oerebro Laen, Oestergoetlands Laen, Skaane Laen, Soedermanlands Laen, Stockholms Laen, Uppsala Laen, Vaermlands Laen, Vaestmanlands Laen, Vaestra Goetalands Laen provinces",,,No,No,No,,,°C,,,,2005,12,,2005,12,,,,,,,,,,,,,64.0927402574269,"[{""adm1_code"":2786,""adm1_name"":""Blekinge Laen""},{""adm1_code"":2789,""adm1_name"":""Gotlands Laen""},{""adm1_code"":2790,""adm1_name"":""Hallands Laen""},{""adm1_code"":2792,""adm1_name"":""Joenkoepings Laen""},{""adm1_code"":2793,""adm1_name"":""Kalmar Laen""},{""adm1_code"":2794,""adm1_name"":""Kronobergs Laen""},{""adm1_code"":2796,""adm1_name"":""Oerebro Laen""},{""adm1_code"":2797,""adm1_name"":""Oestergoetlands Laen""},{""adm1_code"":2798,""adm1_name"":""Skaane Laen""},{""adm1_code"":2799,""adm1_name"":""Soedermanlands Laen""},{""adm1_code"":2800,""adm1_name"":""Stockholms Laen""},{""adm1_code"":2801,""adm1_name"":""Uppsala Laen""},{""adm1_code"":2802,""adm1_name"":""Vaermlands Laen""},{""adm1_code"":2805,""adm1_name"":""Vaestmanlands Laen""},{""adm1_code"":2806,""adm1_name"":""Vaestra Goetalands Laen""}]",2007-01-12,2023-09-25
2005-0713-UKR,No,nat-met-ext-sev,Natural,Meteorological,Extreme temperature,Severe winter conditions,,,UKR,Ukraine,Eastern Europe,Europe,"Cherkas'ka, Chernihivs'ka, Chernivets'ka, Dnipropetrovs'ka, Donets'ka, Ivano-rankivs'ka, Kharkivs'ka, Khersons'ka, Khmel'nyts'ka, Kirovohrads'ka, Krym, Kyyivs'ka, L'vivs'ka, Luhans'ka, Mykolayivs'ka, Odes'ka, Poltavs'ka, Rivnens'ka, Sums'ka, Ternopil's'ka, Vinnyts'ka, Volyns'ka, Zakarpats'ka, Zaporiz'ka, Zhytomyrs'ka provinces",,Snow/ice,No,No,No,,-30,°C,,,,2006,1,16,2006,2,6,801,9600,50000,,59600,,,,,,,66.1603305617979,"[{""adm1_code"":3148,""adm1_name"":""Cherkas'ka""},{""adm1_code"":3149,""adm1_name"":""Chernihivs'ka""},{""adm1_code"":3150,""adm1_name"":""Chernivets'ka""},{""adm1_code"":3151,""adm1_name"":""Dnipropetrovs'ka""},{""adm1_code"":3152,""adm1_name"":""Donets'ka""},{""adm1_code"":3153,""adm1_name"":""Ivano-frankivs'ka""},{""adm1_code"":3154,""adm1_name"":""Kharkivs'ka""},{""adm1_code"":3155,""adm1_name"":""Khersons'ka""},{""adm1_code"":3156,""adm1_name"":""Khmel'nyts'ka""},{""adm1_code"":3157,""adm1_name"":""Kirovohrads'ka""},{""adm1_code"":3158,""adm1_name"":""Krym""},{""adm1_code"":3159,""adm1_name"":""Kyyivs'ka""},{""adm1_code"":3160,""adm1_name"":""L'vivs'ka""},{""adm1_code"":3161,""adm1_name"":""Luhans'ka""},{""adm1_code"":3162,""adm1_name"":""Mykolayivs'ka""},{""adm1_code"":3163,""adm1_name"":""Odes'ka""},{""adm1_code"":3164,""adm1_name"":""Poltavs'ka""},{""adm1_code"":3165,""adm1_name"":""Rivnens'ka""},{""adm1_code"":3166,""adm1_name"":""Sums'ka""},{""adm1_code"":3167,""adm1_name"":""Ternopil's'ka""},{""adm1_code"":3168,""adm1_name"":""Vinnyts'ka""},{""adm1_code"":3169,""adm1_name"":""Volyns'ka""},{""adm1_code"":3170,""adm1_name"":""Zakarpats'ka""},{""adm1_code"":3171,""adm1_name"":""Zaporiz'ka""},{""adm1_code"":3172,""adm1_name"":""Zhytomyrs'ka""}]",2007-01-12,2023-09-25
2005-0727-BGR,No,nat-hyd-flo-riv,Natural,Hydrological,Flood,Riverine flood,,,BGR,Bulgaria,Eastern Europe,Europe,"Pazardzhik, Smoljan, Vratca, Plovdiv, Pleven provinces ; Dolna Banya, Ihtiman, Kostenec, Gorna Malina, Botevgrad, Svoge districts (Sofia province) ; Sofia-city",Heavy rains,"Slide (land, mud, snow, rock)",No,No,No,,44210,Km2,,,"Evros, Meric (tributaries of Maritsa)",2005,8,4,2005,8,11,7,,12000,,12000,,,,,,,64.0927402574269,"[{""adm1_code"":712,""adm1_name"":""Pazardzhik""},{""adm1_code"":714,""adm1_name"":""Pleven""},{""adm1_code"":715,""adm1_name"":""Plovdiv""},{""adm1_code"":721,""adm1_name"":""Smoljan""},{""adm1_code"":723,""adm1_name"":""Sofia-city""},{""adm1_code"":729,""adm1_name"":""Vratca""},{""adm2_code"":12030,""adm2_name"":""Botevgrad""},{""adm2_code"":12034,""adm2_name"":""Dolna Banja""},{""adm2_code"":12039,""adm2_name"":""Gorna Malina""},{""adm2_code"":12040,""adm2_name"":""Ihtiman""},{""adm2_code"":12042,""adm2_name"":""Kostenec""},{""adm2_code"":12049,""adm2_name"":""Svoge""}]",2006-01-13,2023-09-25
2005-0747-HRV,No,nat-hyd-flo-riv,Natural,Hydrological,Flood,Riverine flood,,,HRV,Croatia,Southern Europe,Europe,Medimurje province,Heavy rains,,No,No,Yes,,,Km2,,,Mura,2005,8,,2005,8,,,,250,,250,,,,,,,64.0927402574269,"[{""adm1_code"":996,""adm1_name"":""Medimurje""}]",2006-01-24,2023-09-25
2005-0756-ROU,No,nat-met-ext-hea,Natural,Meteorological,Extreme temperature,Heat wave,,,ROU,Romania,Eastern Europe,Europe,Bucuresti province,,,No,No,No,,36,°C,,,,2005,7,27,2005,8,1,13,500,,,500,,,,,,,64.0927402574269,"[{""adm1_code"":2455,""adm1_name"":""Bucuresti""}]",2006-03-07,2023-09-25
2005-0766-RUS,No,tec-mis-mis-mis,Technological,Miscellaneous accident,Miscellaneous accident (General),Miscellaneous accident (General),,Food poisoning,RUS,Russian Federation,Eastern Europe,Europe,"Krasnodar, Sochi",,,No,No,No,,,,,,,2005,11,6,2005,11,6,,226,,,226,,,,,,,64.0927402574269,,2006-04-29,2023-09-25
2005-0767-RUS,No,tec-mis-mis-mis,Technological,Miscellaneous accident,Miscellaneous accident (General),Miscellaneous accident (General),,Poisoning,RUS,Russian Federation,Eastern Europe,Europe,Magadan,,,No,No,No,,,,,,,2005,10,30,2005,11,7,33,3,,,3,,,,,,,64.0927402574269,,2006-04-29,2023-09-25
2005-0768-UKR,No,tec-mis-mis-mis,Technological,Miscellaneous accident,Miscellaneous accident (General),Miscellaneous accident (General),,Food poisoning,UKR,Ukraine,Eastern Europe,Europe,Netishin,,,No,No,No,,,,,,,2005,10,7,2005,10,7,,195,,,195,,,,,,,64.0927402574269,,2006-04-29,2023-09-25
2005-0819-GBR,No,nat-met-sto-sto,Natural,Meteorological,Storm,Storm (General),,Gero,GBR,United Kingdom of Great Britain and Northern Ireland,Northern Europe,Europe,All country selected/affected (no data),,,No,No,No,,200,Kph,,,,2005,1,11,2005,1,12,7,,,,,,,25000,39006,50000,78012,64.0927402574269,"[{""adm1_code"":3182,""adm1_name"":""England""},{""adm1_code"":3183,""adm1_name"":""Northern Ireland""},{""adm1_code"":3184,""adm1_name"":""Scotland""},{""adm1_code"":3186,""adm1_name"":""Wales""}]",2007-02-21,2023-09-25
2005-0820-PRT,No,nat-met-ext-hea,Natural,Meteorological,Extreme temperature,Heat wave,,,PRT,Portugal,Southern Europe,Europe,"Aveiro, Beja, Braga, Braganca, Castelo Branco, Coimbra, Evora, Faro, Guarda, Leiria, Lisboa, Portalegre, Porto, Santarem, Setubal, Viana Do Castelo, Vila Real, Viseu",,,No,No,No,,,°C,,,,2005,6,,2005,8,,462,,,,,,,,,,,64.0927402574269,"[{""adm1_code"":2386,""adm1_name"":""Aveiro""},{""adm1_code"":2387,""adm1_name"":""Beja""},{""adm1_code"":2388,""adm1_name"":""Braga""},{""adm1_code"":2389,""adm1_name"":""Braganca""},{""adm1_code"":2390,""adm1_name"":""Castelo Branco""},{""adm1_code"":2391,""adm1_name"":""Coimbra""},{""adm1_code"":2392,""adm1_name"":""Evora""},{""adm1_code"":2393,""adm1_name"":""Faro""},{""adm1_code"":2394,""adm1_name"":""Guarda""},{""adm1_code"":2405,""adm1_name"":""Leiria""},{""adm1_code"":2406,""adm1_name"":""Lisboa""},{""adm1_code"":2407,""adm1_name"":""Portalegre""},{""adm1_code"":2408,""adm1_name"":""Porto""},{""adm1_code"":2409,""adm1_name"":""Santarem""},{""adm1_code"":2410,""adm1_name"":""Setubal""},{""adm1_code"":2411,""adm1_name"":""Viana Do Castelo""},{""adm1_code"":2412,""adm1_name"":""Vila Real""},{""adm1_code"":2413,""adm1_name"":""Viseu""}]",2007-04-12,2023-09-25
2006-0003-DEU,No,tec-mis-col-col,Technological,Miscellaneous accident,Collapse (Miscellaneous),Collapse (Miscellaneous),,Roof of a skating-rink,DEU,Germany,Western Europe,Europe,Bad Reichenhall (Bavaria),,,No,No,No,,,,,,,2006,1,2,2006,1,2,15,18,,,18,,,,,,,66.1603305617979,,2006-01-03,2023-09-25
2006-0019-RUS,No,tec-tra-rai-rai,Technological,Transport,Rail,Rail,,,RUS,Russian Federation,Eastern Europe,Europe,Voronezhskaya (Krasnodar region),,,No,No,No,,,,,,,2006,1,13,2006,1,13,21,6,,,6,,,,,,,66.1603305617979,,2006-02-02,2023-09-25
2006-0028-RUS,No,tec-tra-wat-wat,Technological,Transport,Water,Water,,,RUS,Russian Federation,Eastern Europe,Europe,Tartaski Detroit,,,No,No,No,,,,,,,2006,1,17,2006,1,17,11,,1,,1,,,,,,,66.1603305617979,,2006-01-17,2023-09-25
2006-0031-HUN,No,tec-tra-air-air,Technological,Transport,Air,Air,,Military plane AN 24,HUN,Hungary,Eastern Europe,Europe,Telkibanya,,,No,No,No,,,,,,,2006,1,19,2006,1,19,42,,,,,,,,,,,66.1603305617979,,2006-01-20,2023-09-25
2006-0047-POL,No,tec-mis-col-col,Technological,Miscellaneous accident,Collapse (Miscellaneous),Collapse (Miscellaneous),,Roof of exposition hall,POL,Poland,Eastern Europe,Europe,Chorzow,,,No,No,No,,,,,,,2006,1,28,2006,1,28,65,170,,,170,,,,,,,66.1603305617979,,2006-01-31,2023-09-25
2006-0058-SCG,No,tec-tra-rai-rai,Technological,Transport,Rail,Rail,,,SCG,Serbia Montenegro,Southern Europe,Europe,Bioce (Montenegro),,,No,No,No,,,,,,,2006,1,23,2006,1,23,46,234,,,234,,,,,,,66.1603305617979,,2006-02-02,2023-09-25
2006-0079-ITA,No,tec-tra-roa-roa,Technological,Transport,Road,Road,,,ITA,Italy,Southern Europe,Europe,Rome,,,No,No,No,,,,,,,2006,2,6,2006,2,7,12,9,,,9,,,,,,,66.1603305617979,,2006-02-10,2023-09-25
2006-0098-RUS,No,tec-mis-col-col,Technological,Miscellaneous accident,Collapse (Miscellaneous),Collapse (Miscellaneous),,Roof of a market,RUS,Russian Federation,Eastern Europe,Europe,Moscow,,,No,No,No,,,,,,,2006,2,23,2006,2,23,66,31,,,31,,,,,,,66.1603305617979,,2006-02-23,2023-09-25
2006-0109-SCG,No,nat-hyd-flo-riv,Natural,Hydrological,Flood,Riverine flood,,,SCG,Serbia Montenegro,Southern Europe,Europe,"Rahovec, Suhareke, Malishevo towns (Prizremski province), Vushtrri, Skenderaj, Zvecan towns (Kosovsko-mitrovatski province), Lipjan, Ferizaj, Gllogovc, Podujevo, Obiliq, Fushe Kosovoe towns (Kosovski province), Kline, Gjakove towns (Pecki province) (Serbia)",Rain and snowmelt,Broken Dam/Burst bank,No,No,No,,10090,Km2,42.6,20.83,Sitnica,2006,2,21,2006,3,2,,,1200,,1200,,,,,,,66.1603305617979,"[{""adm1_code"":25378,""adm1_name"":""Kosovski""},{""adm1_code"":25379,""adm1_name"":""Kosovsko-mitrovatski""},{""adm1_code"":25385,""adm1_name"":""Pecki""},{""adm1_code"":25389,""adm1_name"":""Prizremski""}]",2007-01-04,2023-09-25
2006-0124-CHE,No,nat-met-sto-sto,Natural,Meteorological,Storm,Storm (General),,,CHE,Switzerland,Western Europe,Europe,"Bern, Graubunden, Ticino, Uri, Valais provinces",,,No,No,No,,,Kph,,,,2006,3,,2006,3,,1,,,,,,,,,,,66.1603305617979,"[{""adm1_code"":2812,""adm1_name"":""Bern""},{""adm1_code"":2816,""adm1_name"":""Graubunden""},{""adm1_code"":2827,""adm1_name"":""Ticino""},{""adm1_code"":2828,""adm1_name"":""Uri""},{""adm1_code"":2829,""adm1_name"":""Valais""}]",2006-03-13,2023-09-25
2006-0124-DEU,No,nat-met-sto-sto,Natural,Meteorological,Storm,Storm (General),,,DEU,Germany,Western Europe,Europe,"Bayern, Baden-Wuerttemberg, Hessen provinces",,,No,No,No,,,Kph,,,,2006,3,,2006,3,,10,200,,,200,,,,,,,66.1603305617979,"[{""adm1_code"":1308,""adm1_name"":""Baden-Wuerttemberg""},{""adm1_code"":1309,""adm1_name"":""Bayern""},{""adm1_code"":1314,""adm1_name"":""Hessen""}]",2006-03-13,2023-09-25
2006-0124-FRA,No,nat-met-sto-sto,Natural,Meteorological,Storm,Storm (General),,,FRA,France,Western Europe,Europe,"Provence-Alpes-Cote-d'Azur, Franche-Comte, Rhone-Alpes, Lorraine, Alsace provinces",,Cold wave,No,No,No,,,Kph,,,,2006,3,,2006,3,,4,,,,,,,,,,,66.1603305617979,"[{""adm1_code"":1248,""adm1_name"":""Alsace""},{""adm1_code"":1257,""adm1_name"":""Franche-Comte""},{""adm1_code"":1263,""adm1_name"":""Lorraine""},{""adm1_code"":1269,""adm1_name"":""Provence-Alpes-Cote-d'Azur""},{""adm1_code"":1270,""adm1_name"":""Rhone-Alpes""}]",2006-03-13,2023-09-25
2006-0124-ITA,No,nat-met-sto-sto,Natural,Meteorological,Storm,Storm (General),,,ITA,Italy,Southern Europe,Europe,Trentino-alto Adige province,,,No,No,No,,,Kph,,,,2006,3,,2006,3,,1,,,,,,,,,,,66.1603305617979,"[{""adm1_code"":1632,""adm1_name"":""Trentino-alto Adige""}]",2006-03-13,2023-09-25
2006-0127-ROU,No,nat-hyd-flo-riv,Natural,Hydrological,Flood,Riverine flood,,,ROU,Romania,Eastern Europe,Europe,"Gorj, Dimbovita provinces",Heavy rains,,No,No,No,,,Km2,,,,2006,3,,2006,3,,,,600,,600,,,,,,,66.1603305617979,"[{""adm1_code"":2462,""adm1_name"":""Dimbovita""},{""adm1_code"":2466,""adm1_name"":""Gorj""}]",2006-03-15,2023-09-25
2006-0148-BGR,No,nat-geo-ear-gro,Natural,Geophysical,Earthquake,Ground movement,USGS:usp000eaez,,BGR,Bulgaria,Eastern Europe,Europe,"Murgovo village (Kardzhali district, Kardzhali province)",,,No,No,No,,4.6,Moment Magnitude,41.708,25.544,,2006,2,20,2006,2,20,,2,525,,527,,,,,,,66.1603305617979,"[{""adm2_code"":11907,""adm2_name"":""Kardzhali""}]",2006-03-20,2023-09-25
2006-0156-AUT,No,nat-hyd-flo-riv,Natural,Hydrological,Flood,Riverine flood,,,AUT,Austria,Western Europe,Europe,"Niederosterreich, Oberosterreich provinces",Rains and sonwmelt,Broken Dam/Burst bank,No,No,No,,,Km2,49.86,16.09,"Thaya, Danube, Inn, Traun, Enns, March",2006,3,28,2006,4,17,,,516,,516,,,,,,,66.1603305617979,"[{""adm1_code"":480,""adm1_name"":""Niederosterreich""},{""adm1_code"":481,""adm1_name"":""Oberosterreich""}]",2007-01-04,2023-09-25
2006-0156-BGR,No,nat-hyd-flo-riv,Natural,Hydrological,Flood,Riverine flood,,,BGR,Bulgaria,Eastern Europe,Europe,Vidin province (North-west),,,No,No,No,,,Km2,,,,2006,4,10,2006,4,13,,,,,,,,,,,,66.1603305617979,"[{""adm1_code"":728,""adm1_name"":""Vidin""}]",2007-01-04,2023-09-25
2006-0156-CZE,No,nat-hyd-flo-riv,Natural,Hydrological,Flood,Riverine flood,,,CZE,Czechia,Eastern Europe,Europe,"Ostrava-mesto, Olomouc districts (Severomoravsky province), Usti nad Labem, Decin districts (Severocesky province), Praha district (Praha province); Theresienstadt/Terezin village (Litomence district, Severocesky province); Vestec municipality (Praha-zapad district, praha province); Znojmo, Hodonin, districts (Jihomoravsky province), Novosedly village (Breclav district, Jihomoravsky province), Bonov village (Trebic district, Jihomoravsky province); Melnik district (Stredocesky province)",Rains and snowmelt,Broken Dam/Burst bank,Yes,No,Yes,,,Km2,49.86,16.09,"Vitava, Labe/Elbe, Dyje, Morava, Jihlava, Luznice, Oskava, Jevisovka, Svatava",2006,3,28,2006,4,17,6,,4200,,4200,,,,,,,66.1603305617979,"[{""adm2_code"":14821,""adm2_name"":""Breclav""},{""adm2_code"":14824,""adm2_name"":""Hodonin""},{""adm2_code"":14828,""adm2_name"":""Trebic""},{""adm2_code"":14833,""adm2_name"":""Znojmo""},{""adm2_code"":14834,""adm2_name"":""Praha""},{""adm2_code"":14835,""adm2_name"":""Praha-zapad""},{""adm2_code"":14838,""adm2_name"":""Decin""},{""adm2_code"":14841,""adm2_name"":""Litomence""},{""adm2_code"":14845,""adm2_name"":""Usti nad Labem""},{""adm2_code"":14851,""adm2_name"":""Olomouc""},{""adm2_code"":14853,""adm2_name"":""Ostrava-mesto""},{""adm2_code"":14862,""adm2_name"":""Melnik""}]",2007-02-15,2023-09-25
2006-0156-DEU,No,nat-hyd-flo-riv,Natural,Hydrological,Flood,Riverine flood,,,DEU,Germany,Western Europe,Europe,"Dresden district (Saxony province) ; Saxony-Anhalt, Brandenburg provinces",Raisn and snowmelt,Broken Dam/Burst bank,No,No,No,,,Km2,49.86,16.09,Elbe,2006,3,28,2006,4,17,,,1000,,1000,,,,,,,66.1603305617979,"[{""adm1_code"":1311,""adm1_name"":""Brandenburg""},{""adm1_code"":1321,""adm1_name"":""Sachsen-Anhalt""},{""adm2_code"":16560,""adm2_name"":""Dresden""}]",2007-01-04,2023-09-25
2006-0156-HRV,No,nat-hyd-flo-riv,Natural,Hydrological,Flood,Riverine flood,,,HRV,Croatia,Southern Europe,Europe,"Vukovar city (vukovar-srijem province), Osijek city (Osijek-baranja province)",Snowmlet and hevay rain,,No,No,No,,,Km2,,,"Danube, Drava",2006,4,4,2006,5,11,,,,,,,,,,,,66.1603305617979,"[{""adm1_code"":997,""adm1_name"":""Osijek-baranja""},{""adm1_code"":1006,""adm1_name"":""Vukovar-srijem""}]",2007-01-04,2023-09-25
2006-0156-HUN,No,nat-hyd-flo-riv,Natural,Hydrological,Flood,Riverine flood,,,HUN,Hungary,Eastern Europe,Europe,"Pest, Gyor-moson-sopron, Komarom-esztergom provinces, Budapest city (Budapest province), Csepa, Tiszasas, Zleleveny villages (Jasz-nagykun-szolnok province)",Snowmelt and strong rains,,No,No,Yes,,,Km2,,,"Danuba, Tisza, Vah, Körös",2006,3,28,2006,5,9,,,32000,,32000,,,,,,,66.1603305617979,"[{""adm1_code"":1444,""adm1_name"":""Budapest""},{""adm1_code"":1447,""adm1_name"":""Gyor-moson-sopron""},{""adm1_code"":1450,""adm1_name"":""Jasz-nagykun-szolnok""},{""adm1_code"":1451,""adm1_name"":""Komarom-esztergom""},{""adm1_code"":1453,""adm1_name"":""Pest""}]",2007-02-15,2023-09-25
2006-0156-ROU,No,nat-hyd-flo-riv,Natural,Hydrological,Flood,Riverine flood,,,ROU,Romania,Eastern Europe,Europe,"Dolj, Alba, Arad, Botosani, Caras-Severin, Calarasi, Constanta, Hunedoara, Ialomita, Iasi, Olt, Mehedinti, Neamt, Sibiu, Suceava, Timis, Teleorman, Tulcea Gorj, Bistrita-Nasaud, Mures provinces",Snowmelt,Rain,Yes,No,No,,143700,Km2,,,"Danube, Olt, Mures, Siret, Prut",2006,3,13,2006,4,7,6,2,12069,5000,17071,,,,,,,66.1603305617979,"[{""adm1_code"":2446,""adm1_name"":""Alba""},{""adm1_code"":2447,""adm1_name"":""Arad""},{""adm1_code"":2451,""adm1_name"":""Bistrita-nasaud""},{""adm1_code"":2452,""adm1_name"":""Botosani""},{""adm1_code"":2457,""adm1_name"":""Calarasi""},{""adm1_code"":2458,""adm1_name"":""Caras-severin""},{""adm1_code"":2460,""adm1_name"":""Constanta""},{""adm1_code"":2463,""adm1_name"":""Dolj""},{""adm1_code"":2466,""adm1_name"":""Gorj""},{""adm1_code"":2468,""adm1_name"":""Hunedoara""},{""adm1_code"":2469,""adm1_name"":""Ialomita""},{""adm1_code"":2470,""adm1_name"":""Iasi""},{""adm1_code"":2472,""adm1_name"":""Mehedinti""},{""adm1_code"":2473,""adm1_name"":""Mures""},{""adm1_code"":2474,""adm1_name"":""Neamt""},{""adm1_code"":2475,""adm1_name"":""Olt""},{""adm1_code"":2479,""adm1_name"":""Sibiu""},{""adm1_code"":2480,""adm1_name"":""Suceava""},{""adm1_code"":2481,""adm1_name"":""Teleorman""},{""adm1_code"":2482,""adm1_name"":""Timis""},{""adm1_code"":2483,""adm1_name"":""Tulcea""}]",2007-02-15,2023-09-25
2006-0156-SCG,No,nat-hyd-flo-riv,Natural,Hydrological,Flood,Riverine flood,,,SCG,Serbia Montenegro,Southern Europe,Europe,"Zabalj, Titel, Beocin, Novi Sad towns (Juzno-backi province), Slankamen town (Sremski province), Sabac, Loznica towns (Macvanski province), Belgrade town (Grad Beograd province), Smederevo town (Podunavski province), Kostolac, Pozarevac, Gradiste, Golubac towns (Branicevski province), Zrenjanin town (Srednje-banatski province) (Serbia)",Snowmelt and hevay rains,"Slide (land, mud, snow, rock)",No,No,Yes,100,35510,Km2,45.26,20.75,"Danube, Sava, Tamis, Tisa, Mlava, Begej, Brzava",2006,4,4,2006,5,11,,,35000,,35000,,,,,,,66.1603305617979,"[{""adm1_code"":25372,""adm1_name"":""Branicevski""},{""adm1_code"":25373,""adm1_name"":""Grad Beograd""},{""adm1_code"":25375,""adm1_name"":""Juzno-backi""},{""adm1_code"":25381,""adm1_name"":""Macvanski""},{""adm1_code"":25387,""adm1_name"":""Podunavski""},{""adm1_code"":25394,""adm1_name"":""Srednje-banatski""},{""adm1_code"":25395,""adm1_name"":""Sremski""}]",2007-01-04,2023-09-25
2006-0156-SVK,No,nat-hyd-flo-riv,Natural,Hydrological,Flood,Riverine flood,,,SVK,Slovakia,Eastern Europe,Europe,"Modra city (Pezinok district, Bratislava province), Banska Bystrica city (Banska Bystrica district, Banska Bystrica province), Bratislava city (Okres Bratislava I district, Bratislava province)",Heavy rains and snowmelt,,No,No,No,,,Km2,48.67,19.08,"Danube, Myjava, Hron, Nitra, Torysa, Bodrog",2006,3,28,2006,5,9,1,,,,,,,,,,,66.1603305617979,"[{""adm2_code"":25428,""adm2_name"":""Banska Bystrica""},{""adm2_code"":25442,""adm2_name"":""Okres Bratislava I""},{""adm2_code"":25447,""adm2_name"":""Pezinok""}]",2007-01-04,2023-09-25
2006-0191-RUS,No,tec-ind-fir-fir,Technological,Industrial accident,Fire (Industrial),Fire (Industrial),,Working place,RUS,Russian Federation,Eastern Europe,Europe,Krasnogorsk (Moscow),,,No,No,No,,,m3,,,,2006,4,19,2006,4,20,11,,,,,,,,,,,66.1603305617979,,2006-04-20,2023-09-25
2006-0209-BGR,No,nat-hyd-flo-riv,Natural,Hydrological,Flood,Riverine flood,,,BGR,Bulgaria,Eastern Europe,Europe,"Somovit village (Guljantci district, Pleven province) ; Vidin, Ruse, Silistra provinces ; Lom district (Montana province), Orjahovo, Kozlodui districts (Vratca province) Nikopol district (Pleven province), Lom district (Montana province), Tutrakan district (Silistra)",,,No,No,No,,,Km2,,,,2006,4,7,2006,5,24,,,,,,,,,,,,66.1603305617979,"[{""adm1_code"":717,""adm1_name"":""Ruse""},{""adm1_code"":719,""adm1_name"":""Silistra""},{""adm1_code"":728,""adm1_name"":""Vidin""},{""adm2_code"":11934,""adm2_name"":""Lom""},{""adm2_code"":11960,""adm2_name"":""Guljantci""},{""adm2_code"":11963,""adm2_name"":""Nikopol""},{""adm2_code"":12104,""adm2_name"":""Kozloduj""},{""adm2_code"":12108,""adm2_name"":""Orjahovo""}]",2007-01-08,2023-09-25
2006-0209-ROU,No,nat-hyd-flo-riv,Natural,Hydrological,Flood,Riverine flood,,,ROU,Romania,Eastern Europe,Europe,"Bechet, Rast, Negoi, Bistret, Macesu de Jos villages (Dolj province), Gataia village (Timis province), Oltina village (Calarasi province), Sarata village (Bacau province) ; Braila, Calarasi, Galati provinces",Rains and snowmelt,Broken Dam/Burst bank,No,No,No,,,Km2,44.5,23.87,,2006,4,7,2006,5,24,,,,,,,,,,,,66.1603305617979,"[{""adm1_code"":2449,""adm1_name"":""Bacau""},{""adm1_code"":2453,""adm1_name"":""Braila""},{""adm1_code"":2457,""adm1_name"":""Calarasi""},{""adm1_code"":2463,""adm1_name"":""Dolj""},{""adm1_code"":2464,""adm1_name"":""Galati""},{""adm1_code"":2482,""adm1_name"":""Timis""}]",2007-01-08,2023-09-25
2006-0209-UKR,No,nat-hyd-flo-riv,Natural,Hydrological,Flood,Riverine flood,,,UKR,Ukraine,Eastern Europe,Europe,Odes'ka province,,Broken Dam/Burst bank,No,No,No,,,Km2,44.5,23.87,,2006,4,7,2006,5,24,,,,,,,,,,,,66.1603305617979,"[{""adm1_code"":3163,""adm1_name"":""Odes'ka""}]",2007-01-08,2023-09-25
2006-0214-RUS,No,nat-geo-ear-gro,Natural,Geophysical,Earthquake,Ground movement,USGS:usp000ef1h,,RUS,Russian Federation,Eastern Europe,Europe,"Apuka, Khailino and Vyvenka villages, Korf-Tilichiki area (Koryakskiy Okrug province)",,,No,No,No,,7.6,Moment Magnitude,60.949,167.089,,2006,4,20,2006,4,20,,40,12000,,12040,,,,,55000,83131,66.1603305617979,"[{""adm1_code"":2522,""adm1_name"":""Koryakskiy Okrug""}]",2014-03-25,2023-09-25
2006-0219-ITA,No,nat-hyd-mmw-lan,Natural,Hydrological,Mass movement (wet),Landslide (wet),,,ITA,Italy,Southern Europe,Europe,"Ischia town (Napoli province, Campania region)",,,No,No,No,,,,,,,2006,4,30,2006,4,30,4,9,150,,159,,,,,,,66.1603305617979,"[{""adm2_code"":18332,""adm2_name"":""Napoli""}]",2006-05-02,2023-09-25
2006-0220-RUS,No,tec-tra-air-air,Technological,Transport,Air,Air,,Airbus320,RUS,Russian Federation,Eastern Europe,Europe,Black sea,,,No,No,No,,,,,,,2006,5,2,2006,5,3,113,,,,,,,,,,,66.1603305617979,,2006-05-12,2023-09-25
2006-0225-RUS,No,nat-hyd-flo-riv,Natural,Hydrological,Flood,Riverine flood,,,RUS,Russian Federation,Eastern Europe,Europe,"Turochak, Biisk, Krasnogorskoye, Klepikovo, Barnaul cities (Altayskiy Kray province), Turochak city(Altay Rep. province)",Snowmelt,,No,No,No,,144900,Km2,50.78,87.14,"Marutska, Biya, Katun, Kurya, Ob, Lebed",2006,4,21,2006,5,11,,,420,,420,,,,,7411,11202,66.1603305617979,"[{""adm1_code"":2489,""adm1_name"":""Altay Rep.""},{""adm1_code"":2490,""adm1_name"":""Altayskiy Kray""}]",2007-01-04,2023-09-25
2006-0278-MLT,No,tec-tra-wat-wat,Technological,Transport,Water,Water,,,MLT,Malta,Southern Europe,Europe,,,,No,No,No,,,,,,,2006,6,9,2006,6,9,11,,,,,,,,,,,66.1603305617979,,2006-06-13,2023-09-25
2006-0302-POL,No,nat-hyd-flo-riv,Natural,Hydrological,Flood,Riverine flood,,,POL,Poland,Eastern Europe,Europe,"Nowy Sacz, Tarnow districts (Malopolske province)",Heavy rain,,No,No,No,,27580,Km2,49.5,20.93,,2006,6,4,2006,6,6,,,500,,500,,,,,,,66.1603305617979,"[{""adm2_code"":24406,""adm2_name"":""Nowy Sacz""},{""adm2_code"":24407,""adm2_name"":""Nowy Sacz I""},{""adm2_code"":24413,""adm2_name"":""Tarnow""},{""adm2_code"":24414,""adm2_name"":""Tarnow I""}]",2007-01-06,2023-09-25
2006-0302-SVK,No,nat-hyd-flo-riv,Natural,Hydrological,Flood,Riverine flood,,,SVK,Slovakia,Eastern Europe,Europe,"Sabinov, Bardejov districts (Presov province) ; Presov, Kosice provinces",Heavy rain and unseasonable snow,,No,No,No,,,Km2,49.5,20.93,,2006,6,4,2006,6,6,,,100,,100,,,,,,,66.1603305617979,"[{""adm1_code"":2669,""adm1_name"":""Kosice""},{""adm1_code"":2671,""adm1_name"":""Presov""}]",2007-01-06,2023-09-25
2006-0306-RUS,No,nat-hyd-flo-riv,Natural,Hydrological,Flood,Riverine flood,,,RUS,Russian Federation,Eastern Europe,Europe,"Lens, Olekminsk regions (Sakha Rep. province)","Rain and snowmelt, excessive dumping of water",Broken Dam/Burst bank,No,No,No,,274800,Km2,58.33,114.58,"Upper Lena, Vitim",2006,6,4,2006,6,12,,,1300,,1300,,,,,125000,188935,66.1603305617979,"[{""adm1_code"":2551,""adm1_name"":""Sakha Rep.""}]",2007-01-06,2023-09-25
2006-0312-ROU,No,nat-hyd-flo-fla,Natural,Hydrological,Flood,Flash flood,,,ROU,Romania,Eastern Europe,Europe,"Bistrita-Nasaud, Maramures, Alba, Arad, Bacau, Covasna, Constanta, Galati, Harghita, Hunedoara, Iasi, Satu Mare, Salaj, Suceava, Vrancea provinces",Torrential rain,"Slide (land, mud, snow, rock)",No,No,No,,5540,Km2,47.15,47.46,"Tibes, Valea Ilisua, Viseu, Iza, Somes, Crasna, Jiu, Olt, Arges, Ialomita",2006,6,20,2006,6,26,14,,5712,,5712,,,,,,,66.1603305617979,"[{""adm1_code"":2446,""adm1_name"":""Alba""},{""adm1_code"":2447,""adm1_name"":""Arad""},{""adm1_code"":2449,""adm1_name"":""Bacau""},{""adm1_code"":2451,""adm1_name"":""Bistrita-nasaud""},{""adm1_code"":2460,""adm1_name"":""Constanta""},{""adm1_code"":2461,""adm1_name"":""Covasna""},{""adm1_code"":2464,""adm1_name"":""Galati""},{""adm1_code"":2467,""adm1_name"":""Harghita""},{""adm1_code"":2468,""adm1_name"":""Hunedoara""},{""adm1_code"":2470,""adm1_name"":""Iasi""},{""adm1_code"":2471,""adm1_name"":""Maramures""},{""adm1_code"":2477,""adm1_name"":""Salaj""},{""adm1_code"":2478,""adm1_name"":""Satu Mare""},{""adm1_code"":2480,""adm1_name"":""Suceava""},{""adm1_code"":2486,""adm1_name"":""Vrancea""}]",2007-01-10,2023-09-25
2006-0320-ROU,No,nat-hyd-flo-riv,Natural,Hydrological,Flood,Riverine flood,,,ROU,Romania,Eastern Europe,Europe,"Cotrsti village (Vrancea province), Mures city (Mures province)",,Rain,No,No,No,,,Km2,,,,2006,6,19,2006,6,19,1,,600,,600,,,,,,,66.1603305617979,"[{""adm1_code"":2473,""adm1_name"":""Mures""},{""adm1_code"":2486,""adm1_name"":""Vrancea""}]",2007-01-06,2023-09-25
2006-0333-UKR,No,nat-hyd-flo-riv,Natural,Hydrological,Flood,Riverine flood,,,UKR,Ukraine,Eastern Europe,Europe,"South Crimea area, Belogorsky district (Krym province) ; L'vivs'ka, Ivano-frankivs'ka, Chernivets'ka oblast province",Hevay rain,Broken Dam/Burst bank,No,No,No,,600,Km2,45.09,34.62,,2006,7,2,2006,7,3,2,,5000,,5000,,,,,23855,36056,66.1603305617979,"[{""adm1_code"":3150,""adm1_name"":""Chernivets'ka""},{""adm1_code"":3153,""adm1_name"":""Ivano-frankivs'ka""},{""adm1_code"":3158,""adm1_name"":""Krym""},{""adm1_code"":3160,""adm1_name"":""L'vivs'ka""}]",2007-01-06,2023-09-25
2006-0335-ROU,No,nat-hyd-flo-riv,Natural,Hydrological,Flood,Riverine flood,,,ROU,Romania,Eastern Europe,Europe,"Arbore (Suceava province) ; Bistrita-nasaud, Maramures, Arad provinces",Heavy rains,,No,No,No,,1120,Km2,47.8,25.95,,2006,6,30,2006,7,3,30,,600,,600,,,,,,,66.1603305617979,"[{""adm1_code"":2447,""adm1_name"":""Arad""},{""adm1_code"":2451,""adm1_name"":""Bistrita-nasaud""},{""adm1_code"":2471,""adm1_name"":""Maramures""},{""adm1_code"":2480,""adm1_name"":""Suceava""}]",2007-01-06,2023-09-25
2006-0347-ESP,No,tec-tra-rai-rai,Technological,Transport,Rail,Rail,,,ESP,Spain,Southern Europe,Europe,Valence,,,No,No,No,,,,,,,2006,7,3,2006,7,3,43,39,,,39,,,,,,,66.1603305617979,,2006-07-04,2023-09-25
2006-0348-ROU,No,nat-met-ext-hea,Natural,Meteorological,Extreme temperature,Heat wave,,,ROU,Romania,Eastern Europe,Europe,"Bucarest, Galati, Mehedinti provinces",,,No,No,No,,36,°C,,,,2006,6,29,2006,7,,26,200,,,200,,,,,,,66.1603305617979,"[{""adm1_code"":2455,""adm1_name"":""Bucuresti""},{""adm1_code"":2464,""adm1_name"":""Galati""},{""adm1_code"":2472,""adm1_name"":""Mehedinti""}]",2006-08-03,2023-09-25
2006-0349-CZE,No,nat-hyd-flo-flo,Natural,Hydrological,Flood,Flood (General),,,CZE,Czechia,Eastern Europe,Europe,"Vranov-nad-Dyji city (Znojmo district, Jihomoravsky province)",,,No,No,No,,,Km2,,,Dyje,2006,6,30,2006,6,30,,,115,,115,,,,,,,66.1603305617979,"[{""adm2_code"":14833,""adm2_name"":""Znojmo""}]",2006-07-04,2023-09-25
2006-0352-DEU,No,nat-met-sto-hai,Natural,Meteorological,Storm,Hail,,,DEU,Germany,Western Europe,Europe,Baden-Wuerttemberg province,,Hail,No,No,No,,,Kph,,,,2006,6,28,2006,6,29,1,100,,,100,,,,,,,66.1603305617979,"[{""adm1_code"":1308,""adm1_name"":""Baden-Wuerttemberg""}]",2006-07-04,2023-09-25
2006-0356-DEU,No,nat-met-sto-sto,Natural,Meteorological,Storm,Storm (General),,,DEU,Germany,Western Europe,Europe,Berlin city (Berlin province),,Flood,No,No,Yes,,,Kph,,,,2006,7,7,2006,7,7,,,,,,,,,,,,66.1603305617979,"[{""adm1_code"":1310,""adm1_name"":""Berlin""}]",2007-01-06,2023-09-25
2006-0359-RUS,No,tec-tra-air-air,Technological,Transport,Air,Air,,Airbus A310,RUS,Russian Federation,Eastern Europe,Europe,Irkoutsk (Siberia),,,No,No,No,,,,,,,2006,7,9,2006,7,9,131,72,,,72,,,,,,,66.1603305617979,,2006-07-10,2023-09-25
2006-0360-RUS,No,nat-hyd-flo-riv,Natural,Hydrological,Flood,Riverine flood,,,RUS,Russian Federation,Eastern Europe,Europe,Dzhidinsky district (Buryatiya Rep. province),Heavy rain,,No,No,No,,22760,Km2,50.79,106.52,Selenga river,2006,7,12,2006,7,14,,,6000,,6000,,,,,,,66.1603305617979,"[{""adm1_code"":2497,""adm1_name"":""Buryatiya Rep.""}]",2007-01-06,2023-09-25
2006-0383-BEL,No,nat-met-ext-hea,Natural,Meteorological,Extreme temperature,Heat wave,,,BEL,Belgium,Western Europe,Europe,"Vlaams Geweest, Region de bruxelles-Capitale/Brussels Hoofdstedelijk Gewes, Region wallonne",,,No,No,No,,,°C,,,,2006,6,,2006,7,,940,,,,,,,,,,,66.1603305617979,"[{""adm1_code"":600,""adm1_name"":""Region de Bruxelles-Capitale / Brussels Hoofdstedelijk Gewes""},{""adm1_code"":601,""adm1_name"":""Vlaams Gewest""},{""adm1_code"":602,""adm1_name"":""Region wallonne""}]",2007-03-18,2023-09-25
2006-0383-DEU,No,nat-met-ext-hea,Natural,Meteorological,Extreme temperature,Heat wave,,,DEU,Germany,Western Europe,Europe,"Dresden city (Dresden district, Sachsen province), Brombach lake (Mittelfranken district, Bayern province)",,,No,No,No,,,°C,,,,2006,7,15,2006,7,23,2,,,,,,,,,,,66.1603305617979,"[{""adm2_code"":16530,""adm2_name"":""Mittelfranken""},{""adm2_code"":16560,""adm2_name"":""Dresden""}]",2006-09-18,2023-09-25
2006-0383-ESP,No,nat-met-ext-hea,Natural,Meteorological,Extreme temperature,Heat wave,,,ESP,Spain,Southern Europe,Europe,"Cataluña/Catalunya, Comunitat Valenciana provinces",,,No,No,No,,40,°C,,,,2006,7,15,2006,8,4,21,,,,,,,,,,,66.1603305617979,"[{""adm1_code"":2724,""adm1_name"":""Cataluña/Catalunya""},{""adm1_code"":2726,""adm1_name"":""Comunitat Valenciana""}]",2006-07-20,2023-09-25
2006-0383-FRA,No,nat-met-ext-hea,Natural,Meteorological,Extreme temperature,Heat wave,,,FRA,France,Western Europe,Europe,"Alsace, Aquitaine, Auvergne, Basse-Normandie, Bourgogne, Bretagne, Centre, Champagne-Ardenne, Corse, Franche-Compte, Haute-Normandie, Ile-de-France, Languedoc-Rousillon, Limousin, Lorraine, Nord-Pas-de-Calais, Pays-de-la-Loire, Picardie, Poitou-Charentes, Provence-Alpes-Côte-D'azur, Rhône-Alpes, Midi-Pyrénées provinces",,,No,No,No,,37,°C,,,,2006,7,15,2006,7,23,1388,,,,,,,,,,,66.1603305617979,"[{""adm1_code"":1248,""adm1_name"":""Alsace""},{""adm1_code"":1249,""adm1_name"":""Aquitaine""},{""adm1_code"":1250,""adm1_name"":""Auvergne""},{""adm1_code"":1251,""adm1_name"":""Basse-Normandie""},{""adm1_code"":1252,""adm1_name"":""Bourgogne""},{""adm1_code"":1253,""adm1_name"":""Bretagne""},{""adm1_code"":1254,""adm1_name"":""Centre""},{""adm1_code"":1255,""adm1_name"":""Champagne-Ardenne""},{""adm1_code"":1256,""adm1_name"":""Corse""},{""adm1_code"":1257,""adm1_name"":""Franche-Comte""},{""adm1_code"":1258,""adm1_name"":""Haute-Normandie""},{""adm1_code"":1259,""adm1_name"":""Ile-de-France""},{""adm1_code"":1260,""adm1_name"":""Languedoc-Rousillon""},{""adm1_code"":1262,""adm1_name"":""Limousin""},{""adm1_code"":1263,""adm1_name"":""Lorraine""},{""adm1_code"":1264,""adm1_name"":""Midi-Pyrenees""},{""adm1_code"":1265,""adm1_name"":""Nord-Pas-de-Calais""},{""adm1_code"":1266,""adm1_name"":""Pays-de-la-Loire""},{""adm1_code"":1267,""adm1_name"":""Picardie""},{""adm1_code"":1268,""adm1_name"":""Poitou-Charentes""},{""adm1_code"":1269,""adm1_name"":""Provence-Alpes-Cote-d'Azur""},{""adm1_code"":1270,""adm1_name"":""Rhone-Alpes""}]",2006-07-20,2023-09-25
2006-0383-NLD,No,nat-met-ext-hea,Natural,Meteorological,Extreme temperature,Heat wave,,,NLD,Netherlands (Kingdom of the),Western Europe,Europe,"Drenthe, Flevoland, Friesland, Gelderland, Groninge, Limburg, Noord-brabant, Noord-holland,Overijssel, Utrecht, Zeeland, Zuit-holland provinces",,,No,No,No,,34,°C,,,,2006,7,15,2006,7,23,1000,,,,,,,,,,,66.1603305617979,"[{""adm1_code"":2158,""adm1_name"":""Drenthe""},{""adm1_code"":2159,""adm1_name"":""Flevoland""},{""adm1_code"":2160,""adm1_name"":""Friesland""},{""adm1_code"":2161,""adm1_name"":""Gelderland""},{""adm1_code"":2162,""adm1_name"":""Groningen""},{""adm1_code"":2163,""adm1_name"":""Limburg""},{""adm1_code"":2164,""adm1_name"":""Noord-brabant""},{""adm1_code"":2165,""adm1_name"":""Noord-holland""},{""adm1_code"":2166,""adm1_name"":""Overijssel""},{""adm1_code"":2167,""adm1_name"":""Utrecht""},{""adm1_code"":2168,""adm1_name"":""Zeeland""},{""adm1_code"":2169,""adm1_name"":""Zuid-holland""}]",2006-07-20,2023-09-25
2006-0383-PRT,No,nat-met-ext-hea,Natural,Meteorological,Extreme temperature,Heat wave,,,PRT,Portugal,Southern Europe,Europe,"Aveiro, Beja, Braga, Braganca, Castelo Branco, Coimbra, Evora, Faro, Guadra, Leiria, Lisboa, Portoalegre, Porto, Santarem, Setubal, Viana Do Castelo, Vila Real, Viseu provinces",,,No,No,No,,47,°C,,,,2006,7,11,2006,7,17,41,,,,,,,,,,,66.1603305617979,"[{""adm1_code"":2386,""adm1_name"":""Aveiro""},{""adm1_code"":2387,""adm1_name"":""Beja""},{""adm1_code"":2388,""adm1_name"":""Braga""},{""adm1_code"":2389,""adm1_name"":""Braganca""},{""adm1_code"":2390,""adm1_name"":""Castelo Branco""},{""adm1_code"":2391,""adm1_name"":""Coimbra""},{""adm1_code"":2392,""adm1_name"":""Evora""},{""adm1_code"":2393,""adm1_name"":""Faro""},{""adm1_code"":2394,""adm1_name"":""Guarda""},{""adm1_code"":2405,""adm1_name"":""Leiria""},{""adm1_code"":2406,""adm1_name"":""Lisboa""},{""adm1_code"":2407,""adm1_name"":""Portalegre""},{""adm1_code"":2408,""adm1_name"":""Porto""},{""adm1_code"":2409,""adm1_name"":""Santarem""},{""adm1_code"":2410,""adm1_name"":""Setubal""},{""adm1_code"":2411,""adm1_name"":""Viana Do Castelo""},{""adm1_code"":2412,""adm1_name"":""Vila Real""},{""adm1_code"":2413,""adm1_name"":""Viseu""}]",2007-03-18,2023-09-25
2006-0406-MLT,No,tec-tra-wat-wat,Technological,Transport,Water,Water,,,MLT,Malta,Southern Europe,Europe,,,,No,No,No,,,,,,,2006,7,30,2006,7,30,17,,,,,,,,,,,66.1603305617979,,2006-08-03,2023-09-25
2006-0419-CHE,No,nat-hyd-flo-riv,Natural,Hydrological,Flood,Riverine flood,,,CHE,Switzerland,Western Europe,Europe,Martigny city (Valais province),Heavy rain,,No,No,No,,364,Km2,46.04,7.39,Dumand river,2006,7,26,2006,7,27,,,3000,,3000,,,,,,,66.1603305617979,"[{""adm1_code"":2829,""adm1_name"":""Valais""}]",2007-01-07,2023-09-25
2006-0444-ESP,No,nat-cli-wil-for,Natural,Climatological,Wildfire,Forest fire,,,ESP,Spain,Southern Europe,Europe,Galicia province,Human,,No,No,No,,,Km2,,,,2006,8,4,2006,8,15,4,,,,,,,120000,181378,659000,996065,66.1603305617979,"[{""adm1_code"":2728,""adm1_name"":""Galicia""}]",2006-08-24,2023-09-25
2006-0454-HUN,No,nat-met-sto-sto,Natural,Meteorological,Storm,Storm (General),,,HUN,Hungary,Eastern Europe,Europe,Budapest province,Heavy rain,Rain,No,No,No,,120,Kph,,,,2006,8,20,2006,8,20,5,300,,,300,,,5000,7557,10000,15115,66.1603305617979,"[{""adm1_code"":1444,""adm1_name"":""Budapest""}]",2007-03-15,2023-09-25
2006-0457-UKR,No,tec-tra-air-air,Technological,Transport,Air,Air,,Tupolev TU-154,UKR,Ukraine,Eastern Europe,Europe,Sukha Balka,,,No,No,No,,,,,,,2006,8,22,2006,8,22,169,,,,,,,,,,,66.1603305617979,,2006-09-18,2023-09-25
2006-0460-MKD,No,nat-hyd-flo-riv,Natural,Hydrological,Flood,Riverine flood,,,MKD,North Macedonia,Southern Europe,Europe,"Cento, Singelic villages (Aracinovo district, Skopje province)",Heavy rains,"Slide (land, mud, snow, rock)",No,Yes,No,,,Km2,,,,2006,8,,2006,8,,,,1500,,1500,,,,,,,66.1603305617979,"[{""adm2_code"":27269,""adm2_name"":""Aracinovo""}]",2006-08-25,2023-09-25
2006-0493-RUS,No,tec-ind-fir-fir,Technological,Industrial accident,Fire (Industrial),Fire (Industrial),,Gold mine,RUS,Russian Federation,Eastern Europe,Europe,Chita region (Siberia),,,No,No,No,,,m3,,,,2006,9,7,2006,9,7,25,,39,,39,,,,,,,66.1603305617979,,2006-09-19,2023-09-25
2006-0495-RUS,No,tec-tra-air-air,Technological,Transport,Air,Air,,Helicopter Mi-8,RUS,Russian Federation,Eastern Europe,Europe,Near Vladikavkaz (Caucasse),,,No,No,No,,,,,,,2006,9,11,2006,9,11,12,4,,,4,,,,,,,66.1603305617979,,2006-09-12,2023-09-25
2006-0499-ROU,No,tec-tra-roa-roa,Technological,Transport,Road,Road,,,ROU,Romania,Eastern Europe,Europe,Near Barlad,,,No,No,No,,,,,,,2006,9,7,2006,9,7,12,5,,,5,,,,,,,66.1603305617979,,2006-09-12,2023-09-25
2006-0515-UKR,No,tec-ind-exp-exp,Technological,Industrial accident,Explosion (Industrial),Explosion (Industrial),,Coal mine,UKR,Ukraine,Eastern Europe,Europe,Donestk,,,No,No,No,,,m3,,,,2006,9,20,2006,9,20,13,61,,,61,,,,,,,66.1603305617979,,2006-09-22,2023-09-25
2006-0529-DEU,No,tec-tra-rai-rai,Technological,Transport,Rail,Rail,,Transrapid,DEU,Germany,Western Europe,Europe,Near Lathen,,,No,No,No,,,,,,,2006,9,22,2006,9,22,23,10,,,10,,,,,,,66.1603305617979,,2006-10-04,2023-09-25
2006-0541-GRC,No,nat-hyd-flo-riv,Natural,Hydrological,Flood,Riverine flood,,,GRC,Greece,Southern Europe,Europe,"Thessalonikis, Chalkidikis districts (Kentriki Makedonia province), Magnisias district (Thessalia province)",Heavy rain,"Rain|Slide (land, mud, snow, rock)",No,No,Yes,,17970,Km2,40.76,23.65,,2006,10,8,2006,10,12,1,,3000,,3000,,,,,5659,8553,66.1603305617979,"[{""adm2_code"":16697,""adm2_name"":""Chalkidikis""},{""adm2_code"":16703,""adm2_name"":""Thessalonikis""},{""adm2_code"":16722,""adm2_name"":""Magnisias""}]",2007-01-07,2023-09-25
2006-0560-GRC,No,nat-met-sto-sto,Natural,Meteorological,Storm,Storm (General),,,GRC,Greece,Southern Europe,Europe,"Chanion, Irakleiou, Rethymnis districts (Kriti province), Pireaus (Attikis district, Attiki province), Evvoias district (Sterea Ellada province), Astypalaia island (Dodekanisou district, Notio Aigaio province)",,"Slide (land, mud, snow, rock)",No,No,Yes,,,Kph,,,,2006,10,17,2006,10,18,3,,600,,600,,,,,,,66.1603305617979,"[{""adm2_code"":16680,""adm2_name"":""Attikis""},{""adm2_code"":16704,""adm2_name"":""Chanion""},{""adm2_code"":16705,""adm2_name"":""Irakleiou""},{""adm2_code"":16707,""adm2_name"":""Rethymnis""},{""adm2_code"":16716,""adm2_name"":""Evvoias""},{""adm2_code"":16708,""adm2_name"":""Dodekanisou""}]",2006-11-29,2023-09-25
2006-0562-ITA,No,tec-tra-rai-rai,Technological,Transport,Rail,Rail,,,ITA,Italy,Southern Europe,Europe,Rome,,,No,No,No,,,,,,,2006,10,17,2006,10,17,1,100,,,100,,,,,,,66.1603305617979,,2006-10-19,2023-09-25
2006-0564-FRA,No,tec-tra-rai-rai,Technological,Transport,Rail,Rail,,,FRA,France,Western Europe,Europe,Zoufftgen (Moselle region),,,No,No,No,,,,,,,2006,10,11,2006,10,11,13,20,,,20,,,,,,,66.1603305617979,,2006-10-22,2023-09-25
2006-0568-GRC,No,nat-hyd-flo-riv,Natural,Hydrological,Flood,Riverine flood,,,GRC,Greece,Southern Europe,Europe,"Messinias, Lakonias districts (Peloponnisos province)",Heavy rain,"Slide (land, mud, snow, rock)",No,No,No,,,Km2,,,,2006,10,21,2006,10,22,,,90,,90,,,,,,,66.1603305617979,"[{""adm2_code"":16713,""adm2_name"":""Lakonias""},{""adm2_code"":16714,""adm2_name"":""Messinias""}]",2006-11-26,2023-09-25
2006-0573-FRA,No,nat-met-sto-tor,Natural,Meteorological,Storm,Tornado,,,FRA,France,Western Europe,Europe,"Vendée district (Pays de Loire province), Doubs, Jura (Franche-Comte province) ; Bretagne, Pays de Loire, Auvergne provinces",,Flood,No,No,No,,133,Kph,,,,2006,10,23,2006,10,24,1,2,600,,602,,,,,,,66.1603305617979,"[{""adm1_code"":1250,""adm1_name"":""Auvergne""},{""adm1_code"":1253,""adm1_name"":""Bretagne""},{""adm1_code"":1266,""adm1_name"":""Pays-de-la-Loire""},{""adm2_code"":16272,""adm2_name"":""Doubs""},{""adm2_code"":16274,""adm2_name"":""Jura""}]",2006-10-24,2023-09-25
2006-0617-ESP,No,nat-hyd-flo-riv,Natural,Hydrological,Flood,Riverine flood,,,ESP,Spain,Southern Europe,Europe,"Marbella municipality (Málaga district, Andalucía province) ; Pontvedra district (Galicia province), Huesca district (Aragón province), Huelva, Málaga districts (Andalucía province) ; Galicia province",Heavy rain,,No,No,No,,,Km2,41.65,-7.87,,2006,10,22,2006,11,8,,,,,,,,,,,,66.1603305617979,"[{""adm1_code"":2728,""adm1_name"":""Galicia""},{""adm2_code"":25780,""adm2_name"":""Huelva""},{""adm2_code"":25782,""adm2_name"":""Málaga""},{""adm2_code"":25784,""adm2_name"":""Huesca""}]",2007-01-07,2023-09-25
2006-0617-PRT,No,nat-hyd-flo-riv,Natural,Hydrological,Flood,Riverine flood,,,PRT,Portugal,Southern Europe,Europe,Faro province,Heavy rains,"Slide (land, mud, snow, rock)",No,No,No,,,Km2,41.65,-7.87,,2006,10,22,2006,11,8,,,240,,240,,,,,,,66.1603305617979,"[{""adm1_code"":2393,""adm1_name"":""Faro""}]",2007-01-07,2023-09-25
2006-0631-POL,No,tec-ind-exp-exp,Technological,Industrial accident,Explosion (Industrial),Explosion (Industrial),,Coal mine,POL,Poland,Eastern Europe,Europe,Halemba (Silesie),,,No,No,No,,,m3,,,,2006,11,21,2006,11,21,23,,,,,,,,,,,66.1603305617979,,2006-11-27,2023-09-25
2006-0664-RUS,No,tec-mis-fir-fir,Technological,Miscellaneous accident,Fire (Miscellaneous),Fire (Miscellaneous),,Hospital,RUS,Russian Federation,Eastern Europe,Europe,Moscow,,,No,No,No,,,,,,,2006,12,9,2006,12,9,42,2,,,2,,,,,,,66.1603305617979,,2006-12-13,2023-09-25
2006-9411-LTU,No,nat-cli-dro-dro,Natural,Climatological,Drought,Drought,,,LTU,Lithuania,Northern Europe,Europe,"Alytaus, Kauno, Klaipedos, Marijampoles, Panevezio, Siauliu, Taurages, Telsiu, Utenos, Vilniaus provinces",,Heat wave,No,No,Yes,,,Km2,,,,2006,8,,2006,,,,,,,,,,,,225573,340949,66.1603305617979,"[{""adm1_code"":1866,""adm1_name"":""Alytaus""},{""adm1_code"":1867,""adm1_name"":""Kauno""},{""adm1_code"":1868,""adm1_name"":""Klaipedos""},{""adm1_code"":1869,""adm1_name"":""Marijampoles""},{""adm1_code"":1870,""adm1_name"":""Panevezio""},{""adm1_code"":1871,""adm1_name"":""Siauliu""},{""adm1_code"":1872,""adm1_name"":""Taurages""},{""adm1_code"":1873,""adm1_name"":""Telsiu""},{""adm1_code"":1874,""adm1_name"":""Utenos""},{""adm1_code"":1875,""adm1_name"":""Vilniaus""}]",2006-08-04,2023-09-25
2007-0019-AUT,No,nat-met-sto-ext,Natural,Meteorological,Storm,Extra-tropical storm,,Kyrill,AUT,Austria,Western Europe,Europe,No Data from sources (all provinces of Austria have been selected),,,No,No,No,,,Kph,,,,2007,1,17,2007,1,18,,,,,,,,260000,382085,400000,587823,68.0476738315874,"[{""adm1_code"":478,""adm1_name"":""Burgenland""},{""adm1_code"":479,""adm1_name"":""Karnten""},{""adm1_code"":480,""adm1_name"":""Niederosterreich""},{""adm1_code"":481,""adm1_name"":""Oberosterreich""},{""adm1_code"":482,""adm1_name"":""Salzburg""},{""adm1_code"":483,""adm1_name"":""Steiermark""},{""adm1_code"":484,""adm1_name"":""Tirol""},{""adm1_code"":485,""adm1_name"":""Vorarlberg""},{""adm1_code"":486,""adm1_name"":""Wien""}]",2008-01-09,2023-09-25
2007-0019-BEL,No,nat-met-sto-ext,Natural,Meteorological,Storm,Extra-tropical storm,,Kyrill,BEL,Belgium,Western Europe,Europe,"Ambresin village (Liege district, Region wallonne province), Hal city (Vlaams-Brabant district, Vlaams Gewest) ; Vlaams Gewest, Region walonne, Region de Bruxelles-Capitale provinces",,,No,No,No,,130,Kph,,,,2007,1,18,2007,1,18,2,2,,,2,,,280000,411476,450000,661301,68.0476738315874,"[{""adm1_code"":600,""adm1_name"":""Region de Bruxelles-Capitale / Brussels Hoofdstedelijk Gewes""},{""adm1_code"":601,""adm1_name"":""Vlaams Gewest""},{""adm1_code"":602,""adm1_name"":""Region wallonne""}]",2008-01-14,2023-09-25
2007-0019-BLR,No,nat-met-sto-ext,Natural,Meteorological,Storm,Extra-tropical storm,,Kyrill,BLR,Belarus,Eastern Europe,Europe,No Data from sources (all provinces of Belarus have been selected),,,No,No,No,,,Kph,,,,2007,1,19,2007,1,19,,,,,,,,,,10000,14696,68.0476738315874,"[{""adm1_code"":593,""adm1_name"":""Brest""},{""adm1_code"":594,""adm1_name"":""Gomel""},{""adm1_code"":595,""adm1_name"":""Grodno""},{""adm1_code"":596,""adm1_name"":""Minsk""},{""adm1_code"":597,""adm1_name"":""Minsk City""},{""adm1_code"":598,""adm1_name"":""Mogilev""},{""adm1_code"":599,""adm1_name"":""Vitebsk""}]",2008-01-09,2023-09-25
2007-0019-CHE,No,nat-met-sto-ext,Natural,Meteorological,Storm,Extra-tropical storm,,Kyrill,CHE,Switzerland,Western Europe,Europe,"Aargau, Appenzell Ausser-rhoden, Appenzell Inner-rhoden, Basel-landschaft, Basel-stadt, Bern, Fribourg, Geneve, Glarus, Graubunden, Jura, Luzern, Neuchatel, Nidwalden, Obwalden, Sankt Gallen, Schaffhausen, Schwyz, Solothurn, Thurgau, Ticino, Uri, Valais, Vaud, Zug, Zurich provinces",,,No,No,No,,,Kph,,,,2007,1,17,2007,1,18,,,,,,,,,,100000,146956,68.0476738315874,"[{""adm1_code"":2807,""adm1_name"":""Aargau""},{""adm1_code"":2808,""adm1_name"":""Appenzell Ausser-rhoden""},{""adm1_code"":2809,""adm1_name"":""Appenzell Inner-rhoden""},{""adm1_code"":2810,""adm1_name"":""Basel-landschaft""},{""adm1_code"":2811,""adm1_name"":""Basel-stadt""},{""adm1_code"":2812,""adm1_name"":""Bern""},{""adm1_code"":2813,""adm1_name"":""Fribourg""},{""adm1_code"":2814,""adm1_name"":""Geneve""},{""adm1_code"":2815,""adm1_name"":""Glarus""},{""adm1_code"":2816,""adm1_name"":""Graubunden""},{""adm1_code"":2817,""adm1_name"":""Jura""},{""adm1_code"":2818,""adm1_name"":""Luzern""},{""adm1_code"":2819,""adm1_name"":""Neuchatel""},{""adm1_code"":2820,""adm1_name"":""Nidwalden""},{""adm1_code"":2821,""adm1_name"":""Obwalden""},{""adm1_code"":2822,""adm1_name"":""Sankt Gallen""},{""adm1_code"":2823,""adm1_name"":""Schaffhausen""},{""adm1_code"":2824,""adm1_name"":""Schwyz""},{""adm1_code"":2825,""adm1_name"":""Solothurn""},{""adm1_code"":2826,""adm1_name"":""Thurgau""},{""adm1_code"":2827,""adm1_name"":""Ticino""},{""adm1_code"":2828,""adm1_name"":""Uri""},{""adm1_code"":2829,""adm1_name"":""Valais""},{""adm1_code"":2830,""adm1_name"":""Vaud""},{""adm1_code"":2831,""adm1_name"":""Zug""},{""adm1_code"":2832,""adm1_name"":""Zurich""}]",2008-01-09,2023-09-25
2007-0019-CZE,No,nat-met-sto-ext,Natural,Meteorological,Storm,Extra-tropical storm,,Kyrill,CZE,Czechia,Eastern Europe,Europe,"Zapadocesky, Severocesky, Stredocesky, Jihocesky, Jihomoravsky, Praha, Severomoravsky, Vychodocesky provinces (All country)",,,No,No,No,,216,Kph,,,,2007,1,18,2007,1,18,4,,,,,,,35000,51435,150000,220434,68.0476738315874,"[{""adm1_code"":1030,""adm1_name"":""Jihocesky""},{""adm1_code"":1031,""adm1_name"":""Jihomoravsky""},{""adm1_code"":1032,""adm1_name"":""Praha""},{""adm1_code"":1033,""adm1_name"":""Severocesky""},{""adm1_code"":1034,""adm1_name"":""Severomoravsky""},{""adm1_code"":1035,""adm1_name"":""Stredocesky""},{""adm1_code"":1036,""adm1_name"":""Vychodocesky""},{""adm1_code"":1037,""adm1_name"":""Zapadocesky""}]",2007-01-20,2023-09-25
2007-0019-DEU,No,nat-met-sto-ext,Natural,Meteorological,Storm,Extra-tropical storm,,Kyrill,DEU,Germany,Western Europe,Europe,"Baden-Wuerttemberg, Bayern, Berlin, Brandenburg, Bremen, Hamburg, Hessen, Mecklenburg-Vorpommern, Niedersachsen, Nordrhein-Westfalen, Rheinland-Pfalz, Saarland, Sachsen, Sachsen-Anhalt, Schleswig-Holstein, Thueringen provinces",,,No,No,No,,200,Kph,,,,2007,1,18,2007,1,18,11,130,,,130,,,3120000,4585021,5500000,8082569,68.0476738315874,"[{""adm1_code"":1308,""adm1_name"":""Baden-Wuerttemberg""},{""adm1_code"":1309,""adm1_name"":""Bayern""},{""adm1_code"":1310,""adm1_name"":""Berlin""},{""adm1_code"":1311,""adm1_name"":""Brandenburg""},{""adm1_code"":1312,""adm1_name"":""Bremen""},{""adm1_code"":1313,""adm1_name"":""Hamburg""},{""adm1_code"":1314,""adm1_name"":""Hessen""},{""adm1_code"":1315,""adm1_name"":""Mecklenburg-Vorpommern""},{""adm1_code"":1316,""adm1_name"":""Niedersachsen""},{""adm1_code"":1317,""adm1_name"":""Nordrhein-Westfalen""},{""adm1_code"":1318,""adm1_name"":""Rheinland-Pfalz""},{""adm1_code"":1319,""adm1_name"":""Saarland""},{""adm1_code"":1320,""adm1_name"":""Sachsen""},{""adm1_code"":1321,""adm1_name"":""Sachsen-Anhalt""},{""adm1_code"":1322,""adm1_name"":""Schleswig-Holstein""},{""adm1_code"":1323,""adm1_name"":""Thueringen""}]",2007-01-20,2023-09-25
2007-0019-DNK,No,nat-met-sto-ext,Natural,Meteorological,Storm,Extra-tropical storm,,Kyrill,DNK,Denmark,Northern Europe,Europe,"Aarhus, Bornholm, Frederiksberg, Fyn, Nordjylland, Ribe, Ringkoebing, Soenderjylland, Storstroem, Vejle, Vestsjaelland, Viborg, Frederiksborg, Koebenhavn, Roskilde province",,,No,No,No,,,Kph,,,,2007,1,17,2007,1,19,,,,,,,,,,100000,146956,68.0476738315874,"[{""adm1_code"":1077,""adm1_name"":""Aarhus""},{""adm1_code"":1078,""adm1_name"":""Bornholm""},{""adm1_code"":1079,""adm1_name"":""Frederiksberg""},{""adm1_code"":1081,""adm1_name"":""Fyn""},{""adm1_code"":1083,""adm1_name"":""Nordjylland""},{""adm1_code"":1084,""adm1_name"":""Ribe""},{""adm1_code"":1085,""adm1_name"":""Ringkoebing""},{""adm1_code"":1087,""adm1_name"":""Soenderjylland""},{""adm1_code"":1088,""adm1_name"":""Storstroem""},{""adm1_code"":1090,""adm1_name"":""Vejle""},{""adm1_code"":1091,""adm1_name"":""Vestsjaelland""},{""adm1_code"":1092,""adm1_name"":""Viborg""},{""adm1_code"":40856,""adm1_name"":""Frederiksborg""},{""adm1_code"":40857,""adm1_name"":""Koebenhavn""},{""adm1_code"":40858,""adm1_name"":""Roskilde""}]",2008-01-09,2023-09-25
2007-0019-FRA,No,nat-met-sto-ext,Natural,Meteorological,Storm,Extra-tropical storm,,Kyrill,FRA,France,Western Europe,Europe,"Alsace, Basse-Normandie, Bourgogne, Bretagne, Centre, Champagne-Ardenne, Franche-Comte, Haute-Normandie, Ile-de-France, Lorraine, Nord-Pas-de-Calais, Pays-de-la-Loire, Picardie provinces",,,No,No,No,,,Kph,,,,2007,1,18,2007,1,18,3,,,,,,,130000,191043,250000,367389,68.0476738315874,"[{""adm1_code"":1248,""adm1_name"":""Alsace""},{""adm1_code"":1251,""adm1_name"":""Basse-Normandie""},{""adm1_code"":1252,""adm1_name"":""Bourgogne""},{""adm1_code"":1253,""adm1_name"":""Bretagne""},{""adm1_code"":1254,""adm1_name"":""Centre""},{""adm1_code"":1255,""adm1_name"":""Champagne-Ardenne""},{""adm1_code"":1257,""adm1_name"":""Franche-Comte""},{""adm1_code"":1258,""adm1_name"":""Haute-Normandie""},{""adm1_code"":1259,""adm1_name"":""Ile-de-France""},{""adm1_code"":1263,""adm1_name"":""Lorraine""},{""adm1_code"":1265,""adm1_name"":""Nord-Pas-de-Calais""},{""adm1_code"":1266,""adm1_name"":""Pays-de-la-Loire""},{""adm1_code"":1267,""adm1_name"":""Picardie""}]",2007-01-19,2023-09-25
2007-0019-GBR,No,nat-met-sto-ext,Natural,Meteorological,Storm,Extra-tropical storm,,Kyrill,GBR,United Kingdom of Great Britain and Northern Ireland,Northern Europe,Europe,All country affected,,,No,No,No,,160,Kph,,,,2007,1,18,2007,1,18,13,,,,,,,670000,984604,1200000,1763470,68.0476738315874,"[{""adm1_code"":3182,""adm1_name"":""England""},{""adm1_code"":3183,""adm1_name"":""Northern Ireland""},{""adm1_code"":3184,""adm1_name"":""Scotland""},{""adm1_code"":3186,""adm1_name"":""Wales""}]",2007-01-19,2023-09-25
2007-0019-NLD,No,nat-met-sto-ext,Natural,Meteorological,Storm,Extra-tropical storm,,Kyrill,NLD,Netherlands (Kingdom of the),Western Europe,Europe,"Drenthe, Flevoland, Friesland, Gelderland, Groningen, Limburg, Noord-brabant, Noord-holland, Overijssel, Utrecht, Zeeland, Zuid-holland provinces",,,No,No,No,,133,Kph,,,,2007,1,18,2007,1,18,7,,,,,,,425000,624562,550000,808257,68.0476738315874,"[{""adm1_code"":2158,""adm1_name"":""Drenthe""},{""adm1_code"":2159,""adm1_name"":""Flevoland""},{""adm1_code"":2160,""adm1_name"":""Friesland""},{""adm1_code"":2161,""adm1_name"":""Gelderland""},{""adm1_code"":2162,""adm1_name"":""Groningen""},{""adm1_code"":2163,""adm1_name"":""Limburg""},{""adm1_code"":2164,""adm1_name"":""Noord-brabant""},{""adm1_code"":2165,""adm1_name"":""Noord-holland""},{""adm1_code"":2166,""adm1_name"":""Overijssel""},{""adm1_code"":2167,""adm1_name"":""Utrecht""},{""adm1_code"":2168,""adm1_name"":""Zeeland""},{""adm1_code"":2169,""adm1_name"":""Zuid-holland""}]",2007-01-20,2023-09-25
2007-0019-POL,No,nat-met-sto-ext,Natural,Meteorological,Storm,Extra-tropical storm,,Kyrill,POL,Poland,Eastern Europe,Europe,"Kostrzyn city (Gorzow Wielkopolski, Lubuskie), Belchatow city (Belchatow, Lodzkie), Olkusz city (Olkusz, Malopolske), Zaborow city (Warszawa I, Mazowieckie), Katowice city (Katowice, Slaskie) ; Dolnoslaskie, Kujawsko-Pomorskie, Lodzkie, Lubeiskie, Lubuskie, Malopolske, Mazowieckie, Opolskie, Podkarpackie, Podlaskie, Pomorskie, Slaskie, Swietokrzyskie, Warminsko-Mazurskie, Wielkopolskie, Zachodnio-Pomorskie provinces",,,No,No,No,,130,Kph,,,,2007,1,18,2007,1,18,6,,,,,,,,,100000,146956,68.0476738315874,"[{""adm1_code"":2370,""adm1_name"":""Dolnoslaskie""},{""adm1_code"":2371,""adm1_name"":""Kujawsko-Pomorskie""},{""adm1_code"":2372,""adm1_name"":""Lodzkie""},{""adm1_code"":2373,""adm1_name"":""Lubeiskie""},{""adm1_code"":2374,""adm1_name"":""Lubuskie""},{""adm1_code"":2375,""adm1_name"":""Malopolske""},{""adm1_code"":2376,""adm1_name"":""Mazowieckie""},{""adm1_code"":2377,""adm1_name"":""Opolskie""},{""adm1_code"":2378,""adm1_name"":""Podkarpackie""},{""adm1_code"":2379,""adm1_name"":""Podlaskie""},{""adm1_code"":2380,""adm1_name"":""Pomorskie""},{""adm1_code"":2381,""adm1_name"":""Slaskie""},{""adm1_code"":2382,""adm1_name"":""Swietokrzyskie""},{""adm1_code"":2383,""adm1_name"":""Warminsko-Mazurskie""},{""adm1_code"":2384,""adm1_name"":""Wielkopolskie""},{""adm1_code"":2385,""adm1_name"":""Zachodnio-Pomorskie""}]",2007-01-20,2023-09-25
2007-0019-SVN,No,nat-met-sto-ext,Natural,Meteorological,Storm,Extra-tropical storm,,Kyrill,SVN,Slovenia,Southern Europe,Europe,"Gorenjska, Goriska, Jugovzodna Slovenija, Koroska, Notranjsko-kraska, Obalno-kraska, Osrednjeslovenska, Podravska, Pomurska, Savinjska, Spodnjeposavska, Zasavska provinces",,,No,No,No,,,Kph,,,,2007,1,17,2007,1,18,,,,,,,,,,100000,146956,68.0476738315874,"[{""adm1_code"":2675,""adm1_name"":""Gorenjska""},{""adm1_code"":2676,""adm1_name"":""Goriska""},{""adm1_code"":2677,""adm1_name"":""Jugovzodna Slovenija""},{""adm1_code"":2678,""adm1_name"":""Koroska""},{""adm1_code"":2679,""adm1_name"":""Notranjsko-kraska""},{""adm1_code"":2680,""adm1_name"":""Obalno-kraska""},{""adm1_code"":2681,""adm1_name"":""Osrednjeslovenska""},{""adm1_code"":2682,""adm1_name"":""Podravska""},{""adm1_code"":2683,""adm1_name"":""Pomurska""},{""adm1_code"":2684,""adm1_name"":""Savinjska""},{""adm1_code"":2685,""adm1_name"":""Spodnjeposavska""},{""adm1_code"":2686,""adm1_name"":""Zasavska""}]",2008-01-09,2023-09-25
2007-0019-UKR,No,nat-met-sto-ext,Natural,Meteorological,Storm,Extra-tropical storm,,Kyrill,UKR,Ukraine,Eastern Europe,Europe,"Cherkas'ka, Chernihivs'ka, Chernivets'ka, Dnipropetrovs'ka, Donets'ka, Ivano-frankivs'ka, Kharkivs'ka, Khersons'ka, Khmel'nyts'ka, Kirovohrads'ka, Krym, Kyyivs'ka, L'vivs'ka, Luhans'ka, Mykolayivs'ka, Odes'ka, Poltavs'ka, Rivnens'ka, Sums'ka, Ternopil's'ka, Vinnyts'ka, Volyns'ka, Zakarpats'ka, Zaporiz'ka, Zhytomyrs'ka province",,,No,No,No,,,Kph,,,,2007,1,17,2007,1,18,,,,,,,,,,100000,146956,68.0476738315874,"[{""adm1_code"":3148,""adm1_name"":""Cherkas'ka""},{""adm1_code"":3149,""adm1_name"":""Chernihivs'ka""},{""adm1_code"":3150,""adm1_name"":""Chernivets'ka""},{""adm1_code"":3151,""adm1_name"":""Dnipropetrovs'ka""},{""adm1_code"":3152,""adm1_name"":""Donets'ka""},{""adm1_code"":3153,""adm1_name"":""Ivano-frankivs'ka""},{""adm1_code"":3154,""adm1_name"":""Kharkivs'ka""},{""adm1_code"":3155,""adm1_name"":""Khersons'ka""},{""adm1_code"":3156,""adm1_name"":""Khmel'nyts'ka""},{""adm1_code"":3157,""adm1_name"":""Kirovohrads'ka""},{""adm1_code"":3158,""adm1_name"":""Krym""},{""adm1_code"":3159,""adm1_name"":""Kyyivs'ka""},{""adm1_code"":3160,""adm1_name"":""L'vivs'ka""},{""adm1_code"":3161,""adm1_name"":""Luhans'ka""},{""adm1_code"":3162,""adm1_name"":""Mykolayivs'ka""},{""adm1_code"":3163,""adm1_name"":""Odes'ka""},{""adm1_code"":3164,""adm1_name"":""Poltavs'ka""},{""adm1_code"":3165,""adm1_name"":""Rivnens'ka""},{""adm1_code"":3166,""adm1_name"":""Sums'ka""},{""adm1_code"":3167,""adm1_name"":""Ternopil's'ka""},{""adm1_code"":3168,""adm1_name"":""Vinnyts'ka""},{""adm1_code"":3169,""adm1_name"":""Volyns'ka""},{""adm1_code"":3170,""adm1_name"":""Zakarpats'ka""},{""adm1_code"":3171,""adm1_name"":""Zaporiz'ka""},{""adm1_code"":3172,""adm1_name"":""Zhytomyrs'ka""}]",2008-01-09,2023-09-25
2007-0037-CHE,No,nat-met-sto-bli,Natural,Meteorological,Storm,Blizzard/Winter storm,,,CHE,Switzerland,Western Europe,Europe,"Aargau, Appenzell Ausser-rhoden, Appenzell Inner-rhoden, Basel-landschaft, Basel-stadt, Bern, Fribourg, Geneve, Glarus, Graubunden, Jura, Luzern, Neuchatel, Nidwalden, Obwalden, Sankt Gallen, Schaffhausen, Schwyz, Solothurn, Thurgau, Ticino, Uri, Valais, Vaud, Zug, Zurich provinces",,,No,No,No,,,Kph,,,,2007,1,23,2007,1,26,,,,,,,,,,,,68.0476738315874,"[{""adm1_code"":2807,""adm1_name"":""Aargau""},{""adm1_code"":2808,""adm1_name"":""Appenzell Ausser-rhoden""},{""adm1_code"":2809,""adm1_name"":""Appenzell Inner-rhoden""},{""adm1_code"":2810,""adm1_name"":""Basel-landschaft""},{""adm1_code"":2811,""adm1_name"":""Basel-stadt""},{""adm1_code"":2812,""adm1_name"":""Bern""},{""adm1_code"":2813,""adm1_name"":""Fribourg""},{""adm1_code"":2814,""adm1_name"":""Geneve""},{""adm1_code"":2815,""adm1_name"":""Glarus""},{""adm1_code"":2816,""adm1_name"":""Graubunden""},{""adm1_code"":2817,""adm1_name"":""Jura""},{""adm1_code"":2818,""adm1_name"":""Luzern""},{""adm1_code"":2819,""adm1_name"":""Neuchatel""},{""adm1_code"":2820,""adm1_name"":""Nidwalden""},{""adm1_code"":2821,""adm1_name"":""Obwalden""},{""adm1_code"":2822,""adm1_name"":""Sankt Gallen""},{""adm1_code"":2823,""adm1_name"":""Schaffhausen""},{""adm1_code"":2824,""adm1_name"":""Schwyz""},{""adm1_code"":2825,""adm1_name"":""Solothurn""},{""adm1_code"":2826,""adm1_name"":""Thurgau""},{""adm1_code"":2827,""adm1_name"":""Ticino""},{""adm1_code"":2828,""adm1_name"":""Uri""},{""adm1_code"":2829,""adm1_name"":""Valais""},{""adm1_code"":2830,""adm1_name"":""Vaud""},{""adm1_code"":2831,""adm1_name"":""Zug""},{""adm1_code"":2832,""adm1_name"":""Zurich""}]",2007-01-26,2023-09-25
2007-0037-DEU,No,nat-met-sto-bli,Natural,Meteorological,Storm,Blizzard/Winter storm,,,DEU,Germany,Western Europe,Europe,"Berlin city (Berlin province), Seesen city (Niedersachsen province), Lubeck, Brugge cities (Schleswig-Holstein province), Werder city (Brandenburg province)",,,No,No,No,,,Kph,,,,2007,1,23,2007,1,25,7,,,,,,,,,,,68.0476738315874,"[{""adm1_code"":1310,""adm1_name"":""Berlin""},{""adm1_code"":1311,""adm1_name"":""Brandenburg""},{""adm1_code"":1316,""adm1_name"":""Niedersachsen""},{""adm1_code"":1322,""adm1_name"":""Schleswig-Holstein""}]",2007-01-26,2023-09-25
2007-0037-ESP,No,nat-met-sto-bli,Natural,Meteorological,Storm,Blizzard/Winter storm,,,ESP,Spain,Southern Europe,Europe,"Aragón, Cantabria, Castilla-La Mancha, Castilla y León, Comunidad de Madrid, Comunidad Foral de Navarra, La Rioja, País Vasco/Euskadi provinces",,,No,No,No,,,Kph,,,,2007,1,23,2007,1,26,1,,,,,,,,,,,68.0476738315874,"[{""adm1_code"":2717,""adm1_name"":""Aragón""},{""adm1_code"":2721,""adm1_name"":""Cantabria""},{""adm1_code"":2722,""adm1_name"":""Castilla y León""},{""adm1_code"":2723,""adm1_name"":""Castilla-La Mancha""},{""adm1_code"":2729,""adm1_name"":""Comunidad de Madrid""},{""adm1_code"":2732,""adm1_name"":""Comunidad Foral de Navarra""},{""adm1_code"":2733,""adm1_name"":""País Vasco/Euskadi""},{""adm1_code"":2734,""adm1_name"":""La Rioja""}]",2007-01-26,2023-09-25
2007-0037-FRA,No,nat-met-sto-bli,Natural,Meteorological,Storm,Blizzard/Winter storm,,,FRA,France,Western Europe,Europe,"Poitou-Charentes, Aquitaine, Midi-Pyrenees, Languedoc-Rousillon, Limousin provinces (South-West)",,,No,No,No,,,Kph,,,,2007,1,23,2007,1,26,1,,,,,,,,,,,68.0476738315874,"[{""adm1_code"":1249,""adm1_name"":""Aquitaine""},{""adm1_code"":1260,""adm1_name"":""Languedoc-Rousillon""},{""adm1_code"":1262,""adm1_name"":""Limousin""},{""adm1_code"":1264,""adm1_name"":""Midi-Pyrenees""},{""adm1_code"":1268,""adm1_name"":""Poitou-Charentes""}]",2007-01-26,2023-09-25
2007-0037-RUS,No,nat-met-sto-bli,Natural,Meteorological,Storm,Blizzard/Winter storm,,,RUS,Russian Federation,Eastern Europe,Europe,Novgorodskaya Oblast province,,,No,No,No,,,Kph,,,,2007,1,19,2007,1,26,,,,,,,,,,,,68.0476738315874,"[{""adm1_code"":2540,""adm1_name"":""Novgorodskaya Oblast""}]",2007-01-26,2023-09-25
2007-0051-GRC,No,tec-tra-wat-wat,Technological,Transport,Water,Water,,,GRC,Greece,Southern Europe,Europe,Near Samos,,,No,No,No,,,,,,,2007,2,2,2007,2,2,19,,1,,1,,,,,,,68.0476738315874,,2007-02-05,2023-09-25
2007-0068-ROU,No,nat-hyd-flo-fla,Natural,Hydrological,Flood,Flash flood,,,ROU,Romania,Eastern Europe,Europe,Bistrita-nasaud province,Torrential rain,"Slide (land, mud, snow, rock)",No,No,No,,,Km2,,,,2007,2,12,2007,2,12,,,500,,500,,,,,,,68.0476738315874,"[{""adm1_code"":2451,""adm1_name"":""Bistrita-nasaud""}]",2007-02-16,2023-09-25
2007-0074-GRC,No,tec-tra-wat-wat,Technological,Transport,Water,Water,,,GRC,Greece,Southern Europe,Europe,Near Samos Isl. (Egée sea),,,No,No,No,,,,,,,2007,2,18,2007,2,18,25,,1,,1,,,,,,,68.0476738315874,,2007-02-19,2023-09-25
2007-0092-LTU,No,tec-mis-fir-fir,Technological,Miscellaneous accident,Fire (Miscellaneous),Fire (Miscellaneous),,Centre for disabled person,LTU,Lithuania,Northern Europe,Europe,Alsunga,,,No,No,No,,,,,,,2007,2,22,2007,2,23,25,,,,,,,,,,,68.0476738315874,,2007-03-07,2023-09-25
2007-0097-RUS,No,tec-mis-fir-fir,Technological,Miscellaneous accident,Fire (Miscellaneous),Fire (Miscellaneous),,Old person centre,RUS,Russian Federation,Eastern Europe,Europe,Kamychevatskaïa (Krasnodar region),,,No,No,No,,,,,,,2007,3,19,2007,3,20,62,30,,,30,,,,,,,68.0476738315874,,2007-03-22,2023-09-25
2007-0098-RUS,No,tec-ind-exp-exp,Technological,Industrial accident,Explosion (Industrial),Explosion (Industrial),,Ulyanovskaya Coal mine,RUS,Russian Federation,Eastern Europe,Europe,Kemerovo (Oriential Siberia),,,No,No,No,,,m3,,,,2007,3,18,2007,3,18,108,,93,,93,,,,,,,68.0476738315874,,2007-03-22,2023-09-25
2007-0110-RUS,No,tec-mis-fir-fir,Technological,Miscellaneous accident,Fire (Miscellaneous),Fire (Miscellaneous),,Dancing,RUS,Russian Federation,Eastern Europe,Europe,Moscow,,,No,No,No,,,,,,,2007,3,24,2007,3,25,10,,,,,,,,,,,68.0476738315874,,2007-03-28,2023-09-25
2007-0132-ESP,No,nat-hyd-flo-riv,Natural,Hydrological,Flood,Riverine flood,,,ESP,Spain,Southern Europe,Europe,"Zaragoza district (Aragón province), Tarragona district (Cataluña/Catalunya province) ; Pradilla city (Zaragoza district, Aragón province), Funes city (Comunidad Foral de Navarra province), Montsià, Ribera d'Ebre, Baix Ebre municipalities (Tarragona district, Cataluña/Catalunya province) ; Aragón, Comunidad Foral de Navarra, Cataluña/Catalunya provinces",Heavy rain and snowmelt,,No,No,No,,42040,Km2,41.65,-0.65,Ebro,2007,4,3,2007,4,5,1,,280,,280,,,,,,,68.0476738315874,"[{""adm1_code"":2717,""adm1_name"":""Aragón""},{""adm1_code"":2724,""adm1_name"":""Cataluña/Catalunya""},{""adm1_code"":2732,""adm1_name"":""Comunidad Foral de Navarra""}]",2007-04-10,2023-09-25
2007-0145-UKR,No,tec-tra-roa-roa,Technological,Transport,Road,Road,,,UKR,Ukraine,Eastern Europe,Europe,Khmelnitski region,,,No,No,No,,,,,,,2007,4,17,2007,4,17,12,,,,,,,,,,,68.0476738315874,,2007-06-12,2023-09-25
2007-0170-FRA,No,nat-met-sto-sto,Natural,Meteorological,Storm,Storm (General),,,FRA,France,Western Europe,Europe,"Pau city (Ossau valley, Pyrenees-Atlantique district, Aquitaine province)",,Flood|Hail,No,No,No,,,Kph,43.3,-0.47,,2007,5,25,2007,5,27,1,,900,,900,,,,,,,68.0476738315874,"[{""adm2_code"":16244,""adm2_name"":""Pyrenees-Atlantique""}]",2007-06-20,2023-09-25
2007-0171-BGR,No,nat-hyd-flo-riv,Natural,Hydrological,Flood,Riverine flood,,,BGR,Bulgaria,Eastern Europe,Europe,"Plovdiv, Lovech, Gabrovo, Sofia province ; Etropole (Sofia province), Veliko Tarnovo district (Veliko Tarnovo province) ; Krasnovo city (Hisarja district), Gelemenovo, Saraya cities (Pazrdzhik district, Pazrdzhik province), Trudovetz city (Botevgrad district, Sofia province)",Heavy rain,,No,No,Yes,,34010,Km2,42.52,24.5,"Maritsa, Iskar, Vladaiska, Kasitza",2007,5,22,2007,6,6,2,,1000,,1000,,,,,,,68.0476738315874,"[{""adm1_code"":705,""adm1_name"":""Gabrovo""},{""adm1_code"":710,""adm1_name"":""Lovech""},{""adm1_code"":715,""adm1_name"":""Plovdiv""},{""adm1_code"":722,""adm1_name"":""Sofia""},{""adm2_code"":11863,""adm2_name"":""Aitos""},{""adm2_code"":11944,""adm2_name"":""Pazrdzhik""},{""adm2_code"":12087,""adm2_name"":""Veliko Tarnovo""}]",2007-06-18,2023-09-25
2007-0174-ESP,No,nat-hyd-flo-riv,Natural,Hydrological,Flood,Riverine flood,,,ESP,Spain,Southern Europe,Europe,"Comunidad de Madrid, Castilla y León, Castilla-La Mancha, Extremadura provinces ; Jaén district (Andalucía province)",Heavy rain,,No,No,No,,212700,Km2,39.89,-4.22,Guadalimar,2007,5,23,2007,5,26,1,,550,,550,,,50000,73478,400000,587823,68.0476738315874,"[{""adm1_code"":2722,""adm1_name"":""Castilla y León""},{""adm1_code"":2723,""adm1_name"":""Castilla-La Mancha""},{""adm1_code"":2727,""adm1_name"":""Extremadura""},{""adm1_code"":2729,""adm1_name"":""Comunidad de Madrid""},{""adm2_code"":25781,""adm2_name"":""Jaén""}]",2007-12-12,2023-09-25
2007-0180-RUS,No,nat-hyd-flo-riv,Natural,Hydrological,Flood,Riverine flood,,,RUS,Russian Federation,Eastern Europe,Europe,Sakha Rep. province,"Snowmelt, Ice jam/break-up",,No,No,No,,313200,Km2,62.34,130.46,"Lena, Matta, Amga, Vilyuia, Berezovka, Tatta",2007,5,13,2007,6,11,,,14000,,14000,,,,,25752,37844,68.0476738315874,"[{""adm1_code"":2551,""adm1_name"":""Sakha Rep.""}]",2007-12-12,2023-09-25
2007-0201-GBR,No,nat-hyd-flo-riv,Natural,Hydrological,Flood,Riverine flood,,,GBR,United Kingdom of Great Britain and Northern Ireland,Northern Europe,Europe,"Leeds, Wakefield towns (West Yorkshire district, England province), North Yorkshire district (England province), Derbyshire, Hereford and Wor Leicestershire, Lincolnshire, Nottinghamshire, Salop, Staffordshire, Warwickshire, West Midlands districts (England province), Wales province, Northern Ireland province","Heavy rain, thunderstorms",Broken Dam/Burst bank,No,No,No,,23110,Km2,52.52,-0.76,"Ouse, Tame, Dearne",2007,6,15,2007,6,21,1,,200,,200,,,299000,439398,448000,658362,68.0476738315874,"[{""adm1_code"":3183,""adm1_name"":""Northern Ireland""},{""adm1_code"":3186,""adm1_name"":""Wales""},{""adm2_code"":40103,""adm2_name"":""Derbyshire""},{""adm2_code"":40113,""adm2_name"":""Hereford and Wor""},{""adm2_code"":40119,""adm2_name"":""Leicestershire""},{""adm2_code"":40120,""adm2_name"":""Lincolnshire""},{""adm2_code"":40123,""adm2_name"":""North Yorkshire""},{""adm2_code"":40124,""adm2_name"":""Northamptonshire""},{""adm2_code"":40126,""adm2_name"":""Nottinghamshire""},{""adm2_code"":40128,""adm2_name"":""Salop""},{""adm2_code"":40131,""adm2_name"":""Staffordshire""},{""adm2_code"":40135,""adm2_name"":""Warwickshire""},{""adm2_code"":40136,""adm2_name"":""West Midlands""},{""adm2_code"":40138,""adm2_name"":""West Yorkshire""}]",2008-03-11,2023-09-25
2007-0202-ITA,No,tec-tra-wat-wat,Technological,Transport,Water,Water,,Migrants,ITA,Italy,Southern Europe,Europe,Near Lampedusa,,,No,No,No,,,,,,,2007,6,17,2007,6,17,14,,,,,,,,,,,68.0476738315874,,2007-06-18,2023-09-25
2007-0214-MLT,No,tec-tra-wat-wat,Technological,Transport,Water,Water,,,MLT,Malta,Southern Europe,Europe,,,,No,No,No,,,,,,,2007,6,20,2007,6,20,22,,4,,4,,,,,,,68.0476738315874,,2007-06-20,2023-09-25
2007-0215-RUS,No,tec-ind-exp-exp,Technological,Industrial accident,Explosion (Industrial),Explosion (Industrial),,Yubileynaya coal mine,RUS,Russian Federation,Eastern Europe,Europe,Near Novokouznetsk (Siberia),,,No,No,No,,,m3,,,,2007,5,24,2007,5,24,39,6,172,,178,,,,,,,68.0476738315874,,2007-06-20,2023-09-25
2007-0222-RUS,No,tec-mis-fir-fir,Technological,Miscellaneous accident,Fire (Miscellaneous),Fire (Miscellaneous),,Houses for elderly,RUS,Russian Federation,Eastern Europe,Europe,"Ekatérinovka village (Omsk region, Siberia)",,,No,No,No,,,,,,,2007,6,20,2007,6,21,10,4,,,4,,,,,,,68.0476738315874,,2007-06-21,2023-09-25
2007-0223-DEU,No,tec-tra-roa-roa,Technological,Transport,Road,Road,,,DEU,Germany,Western Europe,Europe,Highway Saxe-Anhalt,,,No,No,No,,,,,,,2007,6,18,2007,6,18,13,30,,,30,,,,,,,68.0476738315874,,2007-06-21,2023-09-25
2007-0230-RUS,No,tec-mis-exp-exp,Technological,Miscellaneous accident,Explosion (Miscellaneous),Explosion (Miscellaneous),,Café,RUS,Russian Federation,Eastern Europe,Europe,Orsk,,,No,No,No,,,,,,,2007,5,14,2007,5,14,10,,,,,,,,,,,68.0476738315874,,2007-06-21,2023-09-25
2007-0235-ALB,No,nat-met-ext-hea,Natural,Meteorological,Extreme temperature,Heat wave,GLIDE:HT-2007-000106,,ALB,Albania,Southern Europe,Europe,"Berat, Bulqize, Delvine, Devoll, Diber, Durres, Elbasan, Fier, Gjirokastër, Gramsh, Has, Kavaje, Kolonjë, Korce, Krujë, Kucove, Kukës, Kurbin, Lezhë, Librazhd, Lushnjë, Malesi E Madhe, Mallakaster, Mat, Mirditë, Peqin, Permet, Pogradec, Puke, Sarandë, Shkoder, Skrapar, Tepelenë, Tirane, Tropojë, Vlore provinces",,,No,No,No,,,°C,,,,2007,7,15,2007,7,22,,,150,,150,,,,,,,68.0476738315874,"[{""adm1_code"":305,""adm1_name"":""Berat""},{""adm1_code"":306,""adm1_name"":""Bulqize""},{""adm1_code"":307,""adm1_name"":""Delvine""},{""adm1_code"":308,""adm1_name"":""Devoll""},{""adm1_code"":309,""adm1_name"":""Diber""},{""adm1_code"":310,""adm1_name"":""Durres""},{""adm1_code"":311,""adm1_name"":""Elbasan""},{""adm1_code"":312,""adm1_name"":""Fier""},{""adm1_code"":313,""adm1_name"":""Gjirokaster""},{""adm1_code"":314,""adm1_name"":""Gramsh""},{""adm1_code"":315,""adm1_name"":""Has""},{""adm1_code"":316,""adm1_name"":""Kavaje""},{""adm1_code"":317,""adm1_name"":""Kolonje""},{""adm1_code"":318,""adm1_name"":""Korce""},{""adm1_code"":319,""adm1_name"":""Kruje""},{""adm1_code"":320,""adm1_name"":""Kucove""},{""adm1_code"":321,""adm1_name"":""Kukes""},{""adm1_code"":322,""adm1_name"":""Kurbin""},{""adm1_code"":323,""adm1_name"":""Lezhe""},{""adm1_code"":324,""adm1_name"":""Librazhd""},{""adm1_code"":325,""adm1_name"":""Lushnje""},{""adm1_code"":326,""adm1_name"":""Malesi E Madhe""},{""adm1_code"":327,""adm1_name"":""Mallakaster""},{""adm1_code"":328,""adm1_name"":""Mat""},{""adm1_code"":329,""adm1_name"":""Mirdite""},{""adm1_code"":330,""adm1_name"":""Peqin""},{""adm1_code"":331,""adm1_name"":""Permet""},{""adm1_code"":332,""adm1_name"":""Pogradec""},{""adm1_code"":333,""adm1_name"":""Puke""},{""adm1_code"":334,""adm1_name"":""Sarande""},{""adm1_code"":335,""adm1_name"":""Shkoder""},{""adm1_code"":336,""adm1_name"":""Skrapar""},{""adm1_code"":337,""adm1_name"":""Tepelene""},{""adm1_code"":338,""adm1_name"":""Tirane""},{""adm1_code"":339,""adm1_name"":""Tropoje""},{""adm1_code"":340,""adm1_name"":""Vlore""}]",2008-08-04,2023-09-25
2007-0235-AUT,No,nat-met-ext-hea,Natural,Meteorological,Extreme temperature,Heat wave,GLIDE:HT-2007-000106,,AUT,Austria,Western Europe,Europe,"Burgenland, Karnten, Niederosterreich, Steiermark, Wien provinces",,,No,No,No,,39,°C,,,,2007,7,,2007,7,,5,,,,,,,,,,,68.0476738315874,"[{""adm1_code"":478,""adm1_name"":""Burgenland""},{""adm1_code"":479,""adm1_name"":""Karnten""},{""adm1_code"":480,""adm1_name"":""Niederosterreich""},{""adm1_code"":483,""adm1_name"":""Steiermark""},{""adm1_code"":486,""adm1_name"":""Wien""}]",2008-08-04,2023-09-25
2007-0235-BGR,No,nat-met-ext-hea,Natural,Meteorological,Extreme temperature,Heat wave,GLIDE:HT-2007-000106,,BGR,Bulgaria,Eastern Europe,Europe,"Blagoevgrad, Burgas, Dobrich, Gabrovo, Haskovo, Jambol, Kardzhali, Kustendil, Lovech, Montana, Pazardzhik, Pernik, Pleven, Plovdiv, Razgrad, Ruse, Shumen, Silistra, Sliven, Smoljan, Sofia, Sofia-city, Stara Zagora, Targovishte, Varna, Veliko Tarnovo, Vidin, Vratca provinces",,Drought|Wildfire,No,No,Yes,,45.5,°C,,,,2007,6,,2007,7,,2,50,,,50,,,,,,,68.0476738315874,"[{""adm1_code"":702,""adm1_name"":""Blagoevgrad""},{""adm1_code"":703,""adm1_name"":""Burgas""},{""adm1_code"":704,""adm1_name"":""Dobrich""},{""adm1_code"":705,""adm1_name"":""Gabrovo""},{""adm1_code"":706,""adm1_name"":""Haskovo""},{""adm1_code"":707,""adm1_name"":""Jambol""},{""adm1_code"":708,""adm1_name"":""Kardzhali""},{""adm1_code"":709,""adm1_name"":""Kustendil""},{""adm1_code"":710,""adm1_name"":""Lovech""},{""adm1_code"":711,""adm1_name"":""Montana""},{""adm1_code"":712,""adm1_name"":""Pazardzhik""},{""adm1_code"":713,""adm1_name"":""Pernik""},{""adm1_code"":714,""adm1_name"":""Pleven""},{""adm1_code"":715,""adm1_name"":""Plovdiv""},{""adm1_code"":716,""adm1_name"":""Razgrad""},{""adm1_code"":717,""adm1_name"":""Ruse""},{""adm1_code"":718,""adm1_name"":""Shumen""},{""adm1_code"":719,""adm1_name"":""Silistra""},{""adm1_code"":720,""adm1_name"":""Sliven""},{""adm1_code"":721,""adm1_name"":""Smoljan""},{""adm1_code"":722,""adm1_name"":""Sofia""},{""adm1_code"":723,""adm1_name"":""Sofia-city""},{""adm1_code"":724,""adm1_name"":""Stara Zagora""},{""adm1_code"":725,""adm1_name"":""Targovishte""},{""adm1_code"":726,""adm1_name"":""Varna""},{""adm1_code"":727,""adm1_name"":""Veliko Tarnovo""},{""adm1_code"":728,""adm1_name"":""Vidin""},{""adm1_code"":729,""adm1_name"":""Vratca""}]",2008-08-04,2023-09-25
2007-0235-BIH,No,nat-met-ext-hea,Natural,Meteorological,Extreme temperature,Heat wave,GLIDE:HT-2007-000106,,BIH,Bosnia and Herzegovina,Southern Europe,Europe,"Stolac, Trebinje, Bileca districts (Republika Srpska), Neum, Citluk, Capljina cities (Neretvljanski, Federacija Bosne I Hercegovine province)",,,No,No,No,,,°C,,,,2007,7,15,2007,7,22,,,,,,,,,,,,68.0476738315874,"[{""adm2_code"":6242,""adm2_name"":""Neretvljanski""},{""adm2_code"":6253,""adm2_name"":""Bileca""},{""adm2_code"":6310,""adm2_name"":""Stolac""},{""adm2_code"":6315,""adm2_name"":""Trebinje""}]",2008-08-04,2023-09-25
2007-0235-GRC,No,nat-met-ext-hea,Natural,Meteorological,Extreme temperature,Heat wave,GLIDE:HT-2007-000106,,GRC,Greece,Southern Europe,Europe,"Corfu Isl. (kerkyras district, Ionioi Nisoi province), Sterea Ellada, Peloponnisos, Thessalia, Dytiki Ellada, Attiki, Notio Aigaio province",,Wildfire,No,No,No,,46,°C,,,,2007,6,,2007,7,,16,,,,,,,,,,,68.0476738315874,"[{""adm1_code"":1337,""adm1_name"":""Attiki""},{""adm1_code"":1338,""adm1_name"":""Dytiki Ellada""},{""adm1_code"":1345,""adm1_name"":""Peloponnisos""},{""adm1_code"":1346,""adm1_name"":""Sterea Ellada""},{""adm1_code"":1347,""adm1_name"":""Thessalia""},{""adm1_code"":40766,""adm1_name"":""Notio Aigaio""},{""adm2_code"":16689,""adm2_name"":""Kerkyras""}]",2008-08-04,2023-09-25
2007-0235-HUN,No,nat-met-ext-hea,Natural,Meteorological,Extreme temperature,Heat wave,GLIDE:HT-2007-000106,,HUN,Hungary,Eastern Europe,Europe,"Bacs-kiskun, Baranya, Bekes, Borsod-abauj-zemplen, Budapest, Csongrad, Fejer, Gyor-moson-sopron, Hajdu-bihar, Heves, Jasz-nagykun-szolnok, Komarom-esztergom, Nograd, Pest, Somogy, Szabolcs-szatmar-bereg, Tolna, Vas, Veszprem, Zala provinces",,,No,No,No,,41.9,°C,,,,2007,7,,2007,7,,500,,,,,,,,,,,68.0476738315874,"[{""adm1_code"":1440,""adm1_name"":""Bacs-kiskun""},{""adm1_code"":1441,""adm1_name"":""Baranya""},{""adm1_code"":1442,""adm1_name"":""Bekes""},{""adm1_code"":1443,""adm1_name"":""Borsod-abauj-zemplen""},{""adm1_code"":1444,""adm1_name"":""Budapest""},{""adm1_code"":1445,""adm1_name"":""Csongrad""},{""adm1_code"":1446,""adm1_name"":""Fejer""},{""adm1_code"":1447,""adm1_name"":""Gyor-moson-sopron""},{""adm1_code"":1448,""adm1_name"":""Hajdu-bihar""},{""adm1_code"":1449,""adm1_name"":""Heves""},{""adm1_code"":1450,""adm1_name"":""Jasz-nagykun-szolnok""},{""adm1_code"":1451,""adm1_name"":""Komarom-esztergom""},{""adm1_code"":1452,""adm1_name"":""Nograd""},{""adm1_code"":1453,""adm1_name"":""Pest""},{""adm1_code"":1454,""adm1_name"":""Somogy""},{""adm1_code"":1455,""adm1_name"":""Szabolcs-szatmar-bereg""},{""adm1_code"":1456,""adm1_name"":""Tolna""},{""adm1_code"":1457,""adm1_name"":""Vas""},{""adm1_code"":1458,""adm1_name"":""Veszprem""},{""adm1_code"":1459,""adm1_name"":""Zala""}]",2008-08-04,2023-09-25
2007-0235-ITA,No,nat-met-ext-hea,Natural,Meteorological,Extreme temperature,Heat wave,GLIDE:HT-2007-000106,,ITA,Italy,Southern Europe,Europe,"Calabria, Sicilia, Trentino-alto Adige provinces",,Wildfire,No,No,No,,45,°C,,,,2007,6,,2007,6,,6,,,,,,,,,,,68.0476738315874,"[{""adm1_code"":1618,""adm1_name"":""Calabria""},{""adm1_code"":1630,""adm1_name"":""Sicilia""},{""adm1_code"":1632,""adm1_name"":""Trentino-alto Adige""}]",2008-08-04,2023-09-25
2007-0235-MKD,No,nat-met-ext-hea,Natural,Meteorological,Extreme temperature,Heat wave,GLIDE:HT-2007-000106,,MKD,North Macedonia,Southern Europe,Europe,Bitola district (Bitola province),,Wildfire,No,No,Yes,,45,°C,,,,2007,7,,2007,7,,,,202,,202,,,,,,,68.0476738315874,"[{""adm2_code"":27200,""adm2_name"":""Bitola""}]",2008-08-04,2023-09-25
2007-0235-ROU,No,nat-met-ext-hea,Natural,Meteorological,Extreme temperature,Heat wave,GLIDE:HT-2007-000106,,ROU,Romania,Eastern Europe,Europe,"Caras-severin, Dolj, Olt, Teleorman, Giurgiu, Bucuresti, Iasi provinces",,Drought,No,No,No,,45,°C,,,,2007,6,,2007,7,,30,,,,,,,,,,,68.0476738315874,"[{""adm1_code"":2455,""adm1_name"":""Bucuresti""},{""adm1_code"":2458,""adm1_name"":""Caras-severin""},{""adm1_code"":2463,""adm1_name"":""Dolj""},{""adm1_code"":2465,""adm1_name"":""Giurgiu""},{""adm1_code"":2470,""adm1_name"":""Iasi""},{""adm1_code"":2475,""adm1_name"":""Olt""},{""adm1_code"":2481,""adm1_name"":""Teleorman""}]",2008-08-04,2023-09-25
2007-0235-SRB,No,nat-met-ext-hea,Natural,Meteorological,Extreme temperature,Heat wave,GLIDE:HT-2007-000106,,SRB,Serbia,Southern Europe,Europe,"Borski, Branicevski, Grad Beograd, Jablanicki, Juzno-backi, Juzno-banatski, Kolubarski, Kosovski, Kosovsko-mitrovatski, Kosovsko-pomoravski, Macvanski, Moravicki, Nisavski, Pcinjski, Pecki, Pirotski, Podunavski, Pomoravski, Prizremski, Rasinski, Raski, Severno-backi, Severno-banatski, Srednje-banatski, Sremski, Sumadijski, Toplicki, Zajecarski, Zapadno-backi, Zlatiborski provinces",,Wildfire,No,No,No,,45,°C,,,,2007,7,16,2007,7,24,,,,,,,,,,,,68.0476738315874,"[{""adm1_code"":25371,""adm1_name"":""Borski""},{""adm1_code"":25372,""adm1_name"":""Branicevski""},{""adm1_code"":25373,""adm1_name"":""Grad Beograd""},{""adm1_code"":25374,""adm1_name"":""Jablanicki""},{""adm1_code"":25375,""adm1_name"":""Juzno-backi""},{""adm1_code"":25376,""adm1_name"":""Juzno-banatski""},{""adm1_code"":25377,""adm1_name"":""Kolubarski""},{""adm1_code"":25378,""adm1_name"":""Kosovski""},{""adm1_code"":25379,""adm1_name"":""Kosovsko-mitrovatski""},{""adm1_code"":25380,""adm1_name"":""Kosovsko-pomoravski""},{""adm1_code"":25381,""adm1_name"":""Macvanski""},{""adm1_code"":25382,""adm1_name"":""Moravicki""},{""adm1_code"":25383,""adm1_name"":""Nisavski""},{""adm1_code"":25384,""adm1_name"":""Pcinjski""},{""adm1_code"":25385,""adm1_name"":""Pecki""},{""adm1_code"":25386,""adm1_name"":""Pirotski""},{""adm1_code"":25387,""adm1_name"":""Podunavski""},{""adm1_code"":25388,""adm1_name"":""Pomoravski""},{""adm1_code"":25389,""adm1_name"":""Prizremski""},{""adm1_code"":25390,""adm1_name"":""Rasinski""},{""adm1_code"":25391,""adm1_name"":""Raski""},{""adm1_code"":25392,""adm1_name"":""Severno-backi""},{""adm1_code"":25393,""adm1_name"":""Severno-banatski""},{""adm1_code"":25394,""adm1_name"":""Srednje-banatski""},{""adm1_code"":25395,""adm1_name"":""Sremski""},{""adm1_code"":25396,""adm1_name"":""Sumadijski""},{""adm1_code"":25397,""adm1_name"":""Toplicki""},{""adm1_code"":25398,""adm1_name"":""Zajecarski""},{""adm1_code"":25399,""adm1_name"":""Zapadno-backi""},{""adm1_code"":25400,""adm1_name"":""Zlatiborski""}]",2008-08-04,2023-09-25
2007-0235-SVK,No,nat-met-ext-hea,Natural,Meteorological,Extreme temperature,Heat wave,GLIDE:HT-2007-000106,,SVK,Slovakia,Eastern Europe,Europe,"Banska Bystrica, Bratislava, Kosice, Nitra, Presov, Trencin, Trnava, Zilna provinces",,,No,No,No,,40.3,°C,,,,2007,7,15,2007,7,22,1,89,,,89,,,,,,,68.0476738315874,"[{""adm1_code"":2667,""adm1_name"":""Banska Bystrica""},{""adm1_code"":2668,""adm1_name"":""Bratislava""},{""adm1_code"":2669,""adm1_name"":""Kosice""},{""adm1_code"":2670,""adm1_name"":""Nitra""},{""adm1_code"":2671,""adm1_name"":""Presov""},{""adm1_code"":2672,""adm1_name"":""Trencin""},{""adm1_code"":2673,""adm1_name"":""Trnava""},{""adm1_code"":2674,""adm1_name"":""Zilna""}]",2008-08-04,2023-09-25
2007-0247-GBR,No,nat-hyd-flo-riv,Natural,Hydrological,Flood,Riverine flood,,,GBR,United Kingdom of Great Britain and Northern Ireland,Northern Europe,Europe,"Sheffield, Doncaster, Rotherham, Nottinghamshire, Barnsley, Dinnington, Darfield towns, Treeton, Catcliffe villages (South Yorkshire district, England province), Ryedale town (North Yorkshire district, England province), Wafefield, Leeds, Calderdale towns (West Yorkshire district, England province), Lichfield town (Staffordshire district, England province), Grantham, Horncastle, Louth, Wainfleet, Lincoln towns (Lincolnshire district, England province), Wyre Forest, Pershore, Tenbury Wells (Hereford and Word district, England province), Gloucestershire district (England province), Salop district (England province), Hull, East Riding towns (Humberside district, England province), Omagh district (Northen Ireland province), Norfolk town (Norfolkshire district, England province), Earby town (Lancashire district, England province), Corwen town (Clwyd district, Wales province), Whiston town (Merseyside district, England province)",Heavy rain,,No,No,No,,27720,Km2,53.88,-0.91,"Waring, Deame, Don, Sheaf, Rother, Lud, Corve, Teme",2007,6,25,2007,7,3,6,,,30000,30000,,,3000000,4408674,4000000,5878232,68.0476738315874,"[{""adm2_code"":40109,""adm2_name"":""Gloucestershire""},{""adm2_code"":40113,""adm2_name"":""Hereford and Wor""},{""adm2_code"":40115,""adm2_name"":""Humberside""},{""adm2_code"":40118,""adm2_name"":""Lancashire""},{""adm2_code"":40120,""adm2_name"":""Lincolnshire""},{""adm2_code"":40121,""adm2_name"":""Merseyside""},{""adm2_code"":40122,""adm2_name"":""Norfolkshire""},{""adm2_code"":40123,""adm2_name"":""North Yorkshire""},{""adm2_code"":40128,""adm2_name"":""Salop""},{""adm2_code"":40130,""adm2_name"":""South Yorkshire""},{""adm2_code"":40131,""adm2_name"":""Staffordshire""},{""adm2_code"":40138,""adm2_name"":""West Yorkshire""},{""adm2_code"":40165,""adm2_name"":""Omagh""},{""adm2_code"":40179,""adm2_name"":""Clwyd""}]",2008-03-11,2023-09-25
2007-0265-RUS,No,tec-ind-exp-exp,Technological,Industrial accident,Explosion (Industrial),Explosion (Industrial),,Coal mine,RUS,Russian Federation,Eastern Europe,Europe,Vorkouta region,,,No,No,No,,,m3,,,,2007,6,25,2007,6,25,11,,,,,,,,,,,68.0476738315874,,2007-07-16,2023-09-25
2007-0278-GBR,No,nat-hyd-flo-riv,Natural,Hydrological,Flood,Riverine flood,,,GBR,United Kingdom of Great Britain and Northern Ireland,Northern Europe,Europe,"Gloucestershire, Oxfordshire, Berkshire, Bedfordshire, Herefordshire, Warwickshire, Lincolnshire, Avon, Wiltshire districts (England province), Worcestershire (Hereford and Wor district, England province)",Hevay rains,Rain,No,No,No,,24650,Km2,52.07,-2.1,"Severnn, Tamise, Avon",2007,7,20,2007,7,24,7,,340000,,340000,,,3000000,4408674,4000000,5878232,68.0476738315874,"[{""adm2_code"":40094,""adm2_name"":""Avon""},{""adm2_code"":40095,""adm2_name"":""Bedfordshire""},{""adm2_code"":40096,""adm2_name"":""Berkshire""},{""adm2_code"":40109,""adm2_name"":""Gloucestershire""},{""adm2_code"":40113,""adm2_name"":""Hereford and Wor""},{""adm2_code"":40114,""adm2_name"":""Hertfordshire""},{""adm2_code"":40120,""adm2_name"":""Lincolnshire""},{""adm2_code"":40127,""adm2_name"":""Oxfordshire""},{""adm2_code"":40135,""adm2_name"":""Warwickshire""},{""adm2_code"":40139,""adm2_name"":""Wiltshire""}]",2008-03-11,2023-09-25
2007-0282-FRA,No,tec-tra-roa-roa,Technological,Transport,Road,Road,,,FRA,France,Western Europe,Europe,Vizille (Isère),,,No,No,No,,,,,,,2007,7,22,2007,7,22,26,24,,,24,,,,,,,68.0476738315874,,2007-07-24,2023-09-25
2007-0290-ESP,No,tec-tra-wat-wat,Technological,Transport,Water,Water,,,ESP,Spain,Southern Europe,Europe,Near Canary Isl.,,,No,No,No,,,,,,,2007,7,19,2007,7,19,56,,49,,49,,,,,,,68.0476738315874,,2007-07-26,2023-09-25
2007-0294-ITA,No,nat-cli-wil-for,Natural,Climatological,Wildfire,Forest fire,,,ITA,Italy,Southern Europe,Europe,"Abruzzi, Sardegna, Sicilia, Calabria provinces, Napoli district (Campania province),",,,No,No,Yes,,,Km2,,,,2007,7,,2007,8,,11,,,,,,,,,,,68.0476738315874,"[{""adm1_code"":1616,""adm1_name"":""Abruzzi""},{""adm1_code"":1618,""adm1_name"":""Calabria""},{""adm1_code"":1629,""adm1_name"":""Sardegna""},{""adm1_code"":1630,""adm1_name"":""Sicilia""},{""adm2_code"":18332,""adm2_name"":""Napoli""}]",2008-01-10,2023-09-25
2007-0322-BGR,No,nat-hyd-flo-riv,Natural,Hydrological,Flood,Riverine flood,,,BGR,Bulgaria,Eastern Europe,Europe,"Rousse, Montana provinces ; Car Kalojan district (Razgrad province), Pazardjik district (Pazardjik province), Varna district (Varna province), Bansko district (Blagoevgrad province)",Heavy rains,,No,No,Yes,,,Km2,,,,2007,8,4,2007,8,7,8,10,,,10,,,,,,,68.0476738315874,"[{""adm1_code"":711,""adm1_name"":""Montana""},{""adm1_code"":717,""adm1_name"":""Ruse""},{""adm2_code"":11849,""adm2_name"":""Bansko""},{""adm2_code"":11944,""adm2_name"":""Pazrdzhik""},{""adm2_code"":11982,""adm2_name"":""Car Kalojan""},{""adm2_code"":12077,""adm2_name"":""Varna""}]",2007-08-08,2023-09-25
2007-0325-HRV,No,nat-cli-wil-for,Natural,Climatological,Wildfire,Forest fire,,,HRV,Croatia,Southern Europe,Europe,"Dubrovnik, Mlini, Plat cities (Dubrovnik-neretva province), Split-damlatjia, Zadar-knin provinces (Dalmatia region)","Hot and dry weather, strong winds",,Yes,No,Yes,,,Km2,,,,2007,8,4,2007,8,5,,26,,,26,,,,,,,68.0476738315874,"[{""adm1_code"":989,""adm1_name"":""Dubrovnik-neretva""},{""adm1_code"":1003,""adm1_name"":""Split-dalmatija""},{""adm1_code"":1007,""adm1_name"":""Zadar-knin""}]",2007-08-18,2023-09-25
2007-0327-SVK,No,tec-mis-fir-fir,Technological,Miscellaneous accident,Fire (Miscellaneous),Fire (Miscellaneous),,,SVK,Slovakia,Eastern Europe,Europe,Kysucke Nove Mesto,,,No,No,No,,,,,,,2007,8,3,2007,8,3,11,,,,,,,,,,,68.0476738315874,,2007-08-07,2023-09-25
2007-0334-RUS,No,nat-geo-ear-gro,Natural,Geophysical,Earthquake,Ground movement,GLIDE:EQ-2007-000119|USGS:usp000fhn0,,RUS,Russian Federation,Eastern Europe,Europe,"Yuzhno-Sakhalinsk, Nevelsk towns (Sakhalinskaya Oblast Province)",,"Slide (land, mud, snow, rock)|Tsunami/Tidal wave",No,No,No,,6.2,Moment Magnitude,47.116,141.798,,2007,8,2,2007,8,2,2,12,25000,,25012,,,,,420000,617214,68.0476738315874,"[{""adm1_code"":2552,""adm1_name"":""Sakhalinskaya Oblast""}]",2008-08-04,2024-08-29
2007-0340-ROU,No,nat-hyd-flo-flo,Natural,Hydrological,Flood,Flood (General),,,ROU,Romania,Eastern Europe,Europe,"Constanta, Suceava provinces",,Rain,No,No,No,,,Km2,,,,2007,8,7,2007,8,7,3,,960,,960,,,,,,,68.0476738315874,"[{""adm1_code"":2460,""adm1_name"":""Constanta""},{""adm1_code"":2480,""adm1_name"":""Suceava""}]",2007-08-08,2023-09-25
2007-0341-UKR,No,tec-tra-rai-rai,Technological,Transport,Rail,Rail,,,UKR,Ukraine,Eastern Europe,Europe,Lviv region,,Gaz leak,No,No,No,,,,,,,2007,7,18,2007,7,18,,152,,,152,,,,,,,68.0476738315874,,2007-08-08,2023-09-25
2007-0349-CHE,No,nat-hyd-flo-riv,Natural,Hydrological,Flood,Riverine flood,,,CHE,Switzerland,Western Europe,Europe,"Bern, Graubunden, Ticino, Uri, Valais provinces",Heavy rain,,No,No,No,,,Km2,,,,2007,8,8,2007,8,12,1,1,100,,101,,,280000,411476,350000,514345,68.0476738315874,"[{""adm1_code"":2812,""adm1_name"":""Bern""},{""adm1_code"":2816,""adm1_name"":""Graubunden""},{""adm1_code"":2827,""adm1_name"":""Ticino""},{""adm1_code"":2828,""adm1_name"":""Uri""},{""adm1_code"":2829,""adm1_name"":""Valais""}]",2007-12-14,2023-09-25
2007-0349-DEU,No,nat-hyd-flo-riv,Natural,Hydrological,Flood,Riverine flood,,,DEU,Germany,Western Europe,Europe,Rheinland-Pfalz province,Heavy rain,,No,No,No,,,Km2,,,Rhin,2007,8,9,2007,8,12,1,,,,,,,,,,,68.0476738315874,"[{""adm1_code"":1318,""adm1_name"":""Rheinland-Pfalz""}]",2007-12-14,2023-09-25
2007-0365-ALB,No,nat-cli-wil-for,Natural,Climatological,Wildfire,Forest fire,,,ALB,Albania,Southern Europe,Europe,"Kolonje, Vlore, Puke, Tropoje provinces",High temperatures and dry conditions,,Yes,No,No,,,Km2,,,,2007,7,,2007,7,,,,,75,75,,,,,,,68.0476738315874,"[{""adm1_code"":317,""adm1_name"":""Kolonje""},{""adm1_code"":333,""adm1_name"":""Puke""},{""adm1_code"":339,""adm1_name"":""Tropoje""},{""adm1_code"":340,""adm1_name"":""Vlore""}]",2007-08-18,2025-03-17
2007-0366-BGR,No,nat-cli-wil-for,Natural,Climatological,Wildfire,Forest fire,,,BGR,Bulgaria,Eastern Europe,Europe,"Veliko Tarnovo, Kustendil, Montana, Sofia, Smoljan, Stara Zagora provinces","High temperatures, heavy winds, dry conditions",,Yes,Yes,Yes,,,Km2,,,,2007,7,,2007,7,,1,9,,,9,,,,,2454,3606,68.0476738315874,"[{""adm1_code"":709,""adm1_name"":""Kustendil""},{""adm1_code"":711,""adm1_name"":""Montana""},{""adm1_code"":721,""adm1_name"":""Smoljan""},{""adm1_code"":722,""adm1_name"":""Sofia""},{""adm1_code"":723,""adm1_name"":""Sofia-city""},{""adm1_code"":724,""adm1_name"":""Stara Zagora""},{""adm1_code"":727,""adm1_name"":""Veliko Tarnovo""}]",2007-08-18,2023-09-25
2007-0368-MKD,No,nat-cli-wil-for,Natural,Climatological,Wildfire,Forest fire,GLIDE:WF-2007-000116,,MKD,North Macedonia,Southern Europe,Europe,"Bitola, Tetovo, Krusevo, Veles provinces",Heat waves,,Yes,Yes,Yes,,,Km2,,,,2007,7,,2007,7,,1,,1000000,,1000000,,,,,,,68.0476738315874,"[{""adm1_code"":2928,""adm1_name"":""Bitola""},{""adm1_code"":2940,""adm1_name"":""Krusevo""},{""adm1_code"":2953,""adm1_name"":""Tetovo""},{""adm1_code"":2955,""adm1_name"":""Veles""}]",2008-08-04,2023-09-25
2007-0370-MLT,No,tec-tra-wat-wat,Technological,Transport,Water,Water,,,MLT,Malta,Southern Europe,Europe,,,,No,No,No,,,,,,,2007,8,10,2007,8,10,10,,13,,13,,,,,,,68.0476738315874,,2007-08-19,2023-09-25
2007-0391-POL,No,nat-met-sto-sto,Natural,Meteorological,Storm,Storm (General),,,POL,Poland,Eastern Europe,Europe,"Bartoszyce, Braniewo, Dzialdowo, Elk, Gizycko, Ilawa, Ketrzyn, Lidzbark Warminski, Mragowo, Nidzica, Nowe Miasto Lubawskie, Olecko, Olsztyn, Olsztyn I, Ostroda, Pisz, Szczytno districts (Warminsko-Mazurskie province)",,,No,No,No,,,Kph,,,,2007,8,21,2007,8,21,13,,,,,,,,,,,68.0476738315874,"[{""adm2_code"":24583,""adm2_name"":""Bartoszyce""},{""adm2_code"":24584,""adm2_name"":""Braniewo""},{""adm2_code"":24585,""adm2_name"":""Dzialdowo""},{""adm2_code"":24588,""adm2_name"":""Elk""},{""adm2_code"":24589,""adm2_name"":""Gizycko""},{""adm2_code"":24590,""adm2_name"":""Ilawa""},{""adm2_code"":24591,""adm2_name"":""Ketrzyn""},{""adm2_code"":24592,""adm2_name"":""Lidzbark Warminski""},{""adm2_code"":24593,""adm2_name"":""Mragowo""},{""adm2_code"":24594,""adm2_name"":""Nidzica""},{""adm2_code"":24595,""adm2_name"":""Nowe Miasto Lubawskie""},{""adm2_code"":24596,""adm2_name"":""Olecko""},{""adm2_code"":24597,""adm2_name"":""Olsztyn""},{""adm2_code"":24598,""adm2_name"":""Olsztyn I""},{""adm2_code"":24599,""adm2_name"":""Ostroda""},{""adm2_code"":24600,""adm2_name"":""Pisz""},{""adm2_code"":24601,""adm2_name"":""Szczytno""}]",2007-08-23,2023-09-25
2007-0392-GRC,No,nat-cli-wil-for,Natural,Climatological,Wildfire,Forest fire,GLIDE:WF-2007-000148,,GRC,Greece,Southern Europe,Europe,"Messinias, Lakonias districts (Peloponisos province), Euboea Isl. (Evvoias district, Sterea Ellada province), Olympia city (Ileias district, Dytiki Ellada province), Achaia, Korinthia, Argolidos","Human, high winds and drought",,Yes,Yes,Yes,,1600,Km2,,,,2007,8,24,2007,8,30,65,64,1593,3735,5392,,,,,1750000,2571726,68.0476738315874,"[{""adm2_code"":16681,""adm2_name"":""Achaias""},{""adm2_code"":16683,""adm2_name"":""Ileias""},{""adm2_code"":16710,""adm2_name"":""Argolidos""},{""adm2_code"":16712,""adm2_name"":""Korinthias""},{""adm2_code"":16713,""adm2_name"":""Lakonias""},{""adm2_code"":16714,""adm2_name"":""Messinias""},{""adm2_code"":16716,""adm2_name"":""Evvoias""}]",2008-08-04,2023-09-25
2007-0393-ROU,No,nat-hyd-flo-riv,Natural,Hydrological,Flood,Riverine flood,,,ROU,Romania,Eastern Europe,Europe,"Brasov, Buzau provinces ; Moldovita, Vatra Moldovita municipalities (Suceava province)",,Rain,No,No,No,,32270,Km2,46.76,25.6,Lucava,2007,8,25,2007,8,26,2,,1400,,1400,,,,,,,68.0476738315874,"[{""adm1_code"":2454,""adm1_name"":""Brasov""},{""adm1_code"":2456,""adm1_name"":""Buzau""},{""adm1_code"":2480,""adm1_name"":""Suceava""}]",2007-09-06,2023-09-25
2007-0395-BGR,No,nat-cli-wil-wil,Natural,Climatological,Wildfire,Wildfire (General),,,BGR,Bulgaria,Eastern Europe,Europe,"Topolovgrad, Svilengrad districts (Haskovo province)",,,No,No,Yes,,,Km2,,,,2007,8,25,2007,8,26,2,,,,,,,,,,,68.0476738315874,"[{""adm2_code"":11897,""adm2_name"":""Svilengrad""},{""adm2_code"":11898,""adm2_name"":""Topolovgrad""}]",2007-08-27,2023-09-25
2007-0396-UKR,No,nat-met-sto-sto,Natural,Meteorological,Storm,Storm (General),GLIDE:ST-2007-000118,,UKR,Ukraine,Eastern Europe,Europe,Volyns'ka province,,Rain,No,No,No,,,Kph,,,,2007,7,22,2007,7,24,,17,6268,1267,7552,,,,,,,68.0476738315874,"[{""adm1_code"":3169,""adm1_name"":""Volyns'ka""}]",2008-08-04,2023-09-25
2007-0421-ROU,No,nat-hyd-flo-riv,Natural,Hydrological,Flood,Riverine flood,GLIDE:FL-2007-000155,,ROU,Romania,Eastern Europe,Europe,"Galati, Vrancea, Vaslui, Bacau provinces",Heavy rains,,No,No,No,,26860,Km2,45.82,27.24,,2007,9,5,2007,9,11,7,,1400,,1400,,,,,,,68.0476738315874,"[{""adm1_code"":2449,""adm1_name"":""Bacau""},{""adm1_code"":2464,""adm1_name"":""Galati""},{""adm1_code"":2484,""adm1_name"":""Vaslui""},{""adm1_code"":2486,""adm1_name"":""Vrancea""}]",2008-08-04,2023-09-25
2007-0444-HRV,No,nat-cli-wil-for,Natural,Climatological,Wildfire,Forest fire,,,HRV,Croatia,Southern Europe,Europe,Kornat Isl. (Sibenik province),,,No,No,No,,,Km2,,,,2007,8,30,2007,8,30,12,,,,,,,,,,,68.0476738315874,"[{""adm1_code"":1000,""adm1_name"":""Sibenik""}]",2007-09-17,2023-09-25
2007-0458-SVN,No,nat-met-sto-sto,Natural,Meteorological,Storm,Storm (General),,,SVN,Slovenia,Southern Europe,Europe,"Zelezniki, Skofja Loka, Cerklje na Gorenjskem districts (Gorenjska province), Cerkno district (Goriska province), Velenje, Celje districts (Savinjska province)",,"Flood|Slide (land, mud, snow, rock)",Yes,No,No,,,Kph,46.26,14.03,Sora,2007,9,18,2007,9,20,6,,,1050,1050,,,,,292000,429111,68.0476738315874,"[{""adm2_code"":25509,""adm2_name"":""Cerklje na Gorenjskem""},{""adm2_code"":25518,""adm2_name"":""Skofja Loka""},{""adm2_code"":25520,""adm2_name"":""Zelezniki""},{""adm2_code"":25525,""adm2_name"":""Cerkno""},{""adm2_code"":25623,""adm2_name"":""Celje""},{""adm2_code"":25641,""adm2_name"":""Velenje""}]",2009-05-27,2023-09-25
2007-0492-RUS,No,tec-mis-fir-fir,Technological,Miscellaneous accident,Fire (Miscellaneous),Fire (Miscellaneous),,University institute,RUS,Russian Federation,Eastern Europe,Europe,Moscow,,,No,No,No,,,,,,,2007,10,2,2007,10,2,10,10,,,10,,,,,,,68.0476738315874,,2007-10-08,2023-09-25
2007-0502-UKR,No,tec-mis-exp-exp,Technological,Miscellaneous accident,Explosion (Miscellaneous),Explosion (Miscellaneous),,,UKR,Ukraine,Eastern Europe,Europe,Dnipropetrovsk,,,No,No,No,,,,,,,2007,10,13,2007,10,13,23,19,,,19,,,,,,,68.0476738315874,,2007-10-16,2023-09-25
2007-0534-PRT,No,tec-tra-roa-roa,Technological,Transport,Road,Road,,,PRT,Portugal,Southern Europe,Europe,Near Vila Velha do Rodao,,,No,No,No,,,,,,,2007,11,5,2007,11,5,16,23,,,23,,,,,,,68.0476738315874,,2007-11-06,2023-09-25
2007-0536-RUS,No,tec-mis-fir-fir,Technological,Miscellaneous accident,Fire (Miscellaneous),Fire (Miscellaneous),,Retirement house,RUS,Russian Federation,Eastern Europe,Europe,Toula (Velvye Nikolskoye),,,No,No,No,,,,,,,2007,11,4,2007,11,4,32,,,,,,,,,,,68.0476738315874,,2008-04-21,2023-09-25
2007-0544-ITA,No,tec-tra-wat-wat,Technological,Transport,Water,Water,,Migrants,ITA,Italy,Southern Europe,Europe,Near Syracuse (Sicilia),,,No,No,No,,,,,,,2007,11,4,2007,11,4,17,,7,,7,,,,,,,68.0476738315874,,2007-11-07,2023-09-25
2007-0551-ESP,No,nat-hyd-flo-riv,Natural,Hydrological,Flood,Riverine flood,,,ESP,Spain,Southern Europe,Europe,"Alicante/Alacant, Valencia/València districts (Comunitat Valenciana province); Illes Balears province",Heavy rains,,No,No,No,,5050,Km2,38.64,-0.27,Girona,2007,10,12,2007,10,18,3,,3600,,3600,,,,,,,68.0476738315874,"[{""adm1_code"":2719,""adm1_name"":""Illes Balears""},{""adm2_code"":25811,""adm2_name"":""Alicante/Alacant""},{""adm2_code"":25813,""adm2_name"":""Valencia/València""}]",2007-11-09,2023-09-25
2007-0554-BGR,No,nat-hyd-flo-riv,Natural,Hydrological,Flood,Riverine flood,,,BGR,Bulgaria,Eastern Europe,Europe,"Galabovo district (Plovdiv province), Carevo district (Burgas province), Opan,Radnevo, Saedinenie districts (Stara Zagora)",Heavy rain,,No,No,Yes,,,Km2,41.74,25.62,"Muglizhka, Meric, Kalamitsa",2007,11,16,2007,11,21,2,,60,,60,,,,,,,68.0476738315874,"[{""adm2_code"":11865,""adm2_name"":""Carevo""},{""adm2_code"":11980,""adm2_name"":""Saedinenie""},{""adm2_code"":12053,""adm2_name"":""Galabovo""},{""adm2_code"":12058,""adm2_name"":""Opan""},{""adm2_code"":12060,""adm2_name"":""Radnevo""}]",2007-12-05,2023-09-25
2007-0554-GRC,No,nat-hyd-flo-riv,Natural,Hydrological,Flood,Riverine flood,,,GRC,Greece,Southern Europe,Europe,"Evrou district (Anatoliki Makedonia Kai Thraki), Komotiní (Rodopis district, Anatoliki Makedonia Kai Thraki), Kavalas, Dramas districts (Anatoliki Makedonia Kai Thraki), Arcadia district (Peloponnisos province), Pyrgos city (Ileias district, Dytiki Ellada province)",Heavy Rain,,No,No,Yes,,52770,Km2,41.74,25.62,"Travos, Ardas, Evros, Alpheios",2007,11,16,2007,12,2,2,,600,,600,,,,,,,68.0476738315874,"[{""adm2_code"":16676,""adm2_name"":""Evrou""},{""adm2_code"":16678,""adm2_name"":""Rodopis""},{""adm2_code"":16683,""adm2_name"":""Ileias""},{""adm2_code"":16711,""adm2_name"":""Arkadias""}]",2007-12-15,2023-09-25
2007-0562-MNE,No,nat-hyd-flo-fla,Natural,Hydrological,Flood,Flash flood,,,MNE,Montenegro,Southern Europe,Europe,"Berane, Andrijvica, Rozaj, Mojkovacx, Podgorica, Kolasin provinces",Heavy rain and melting snow,Broken Dam/Burst bank,No,No,Yes,,,Km2,42.46,20.8,Tara,2007,11,26,2007,11,29,,,1086,,1086,,,,,,,68.0476738315874,"[{""adm1_code"":25350,""adm1_name"":""Andrijevica""},{""adm1_code"":25352,""adm1_name"":""Berane""},{""adm1_code"":25358,""adm1_name"":""Kolasin""},{""adm1_code"":25360,""adm1_name"":""Mojkovac""},{""adm1_code"":25365,""adm1_name"":""Podgorica""},{""adm1_code"":25366,""adm1_name"":""Rozaj""}]",2008-01-11,2023-09-25
2007-0562-SRB,No,nat-hyd-flo-fla,Natural,Hydrological,Flood,Flash flood,,,SRB,Serbia,Southern Europe,Europe,"Dimitrovgrad, Babusnica, Pirot, Bela Palanka municipalities (Pirotski province), Lebane, Leskovac, Vlacotince municipalities (Jablanicki province), Doljevac municipality (Nisavski province)",Heavy rain and melting snow,,No,No,No,,,Km2,42.76,20.8,"Luznica, Vlasina, Jablanica, Rogoz, Nisava, JUzna Morava, Crvena Reka, Pusta Reka",2007,11,25,2007,11,29,,,12370,,12370,,,,,,,68.0476738315874,"[{""adm1_code"":25374,""adm1_name"":""Jablanicki""},{""adm1_code"":25383,""adm1_name"":""Nisavski""},{""adm1_code"":25386,""adm1_name"":""Pirotski""}]",2008-01-11,2023-09-25
2007-0571-UKR,No,tec-ind-exp-exp,Technological,Industrial accident,Explosion (Industrial),Explosion (Industrial),GLIDE:AC-2007-000215,Zadiadko Coal mine,UKR,Ukraine,Eastern Europe,Europe,Zasyadko (Donetsk),,,Yes,No,No,,,m3,,,,2007,11,18,2007,11,18,101,40,357,,397,,,,,,,68.0476738315874,,2009-05-27,2023-09-25
2007-0673-ROU,No,nat-met-ext-col,Natural,Meteorological,Extreme temperature,Cold wave,,,ROU,Romania,Eastern Europe,Europe,Bucuresti provinces,,,No,No,No,,,°C,,,,2007,12,10,2008,,,38,,,,,,,,,,,68.0476738315874,"[{""adm1_code"":2455,""adm1_name"":""Bucuresti""}]",2008-01-14,2023-09-25
2007-0678-UKR,No,tec-ind-che-che,Technological,Industrial accident,Chemical spill,Chemical spill,,,UKR,Ukraine,Eastern Europe,Europe,Kertch detroit (Ukraine),,Oil spill,No,No,No,,,m3,,,,2007,11,11,2007,11,11,6,,,,,,,,,867000,1274107,68.0476738315874,,2008-02-05,2023-09-25
2007-0692-GBR,No,nat-geo-ear-gro,Natural,Geophysical,Earthquake,Ground movement,USGS:usp000fase,,GBR,United Kingdom of Great Britain and Northern Ireland,Northern Europe,Europe,"Folkestone town (Kent district, England province)",,,No,No,No,,4.6,Moment Magnitude,51.085,1.009,,2007,4,28,2007,4,28,,1,4500,,4501,,,30000,44087,60000,88173,68.0476738315874,"[{""adm2_code"":40117,""adm2_name"":""Kent""}]",2008-04-17,2023-09-25
2007-0720-UKR,No,tec-ind-exp-exp,Technological,Industrial accident,Explosion (Industrial),Explosion (Industrial),,Zasyadko coal mine,UKR,Ukraine,Eastern Europe,Europe,Donetsk region,,,No,No,No,,,m3,,,,2007,12,2,2007,12,2,5,116,,,116,,,,,,,68.0476738315874,,2009-01-21,2023-09-25
2007-9677-MDA,No,nat-cli-dro-dro,Natural,Climatological,Drought,Drought,GLIDE:DR-2007-000175,,MDA,Republic of Moldova,Eastern Europe,Europe,Dubasari province (Transnitria region),High temperature and low rainfall,Food shortage,Yes,No,No,,,Km2,,,,2007,,,2007,,,,,210394,,210394,,,,,406000,596641,68.0476738315874,"[{""adm1_code"":2066,""adm1_name"":""Dubasari""}]",2009-05-27,2023-09-25
2008-0007-BGR,No,nat-met-ext-col,Natural,Meteorological,Extreme temperature,Cold wave,,,BGR,Bulgaria,Eastern Europe,Europe,"Sopot area (Karlovo district, Plovdiv province), Samokov, Pirdop districts (Sofia province), Haskovo, Kardzkali, Sliven, Veliko Tarnovo, Jambol provinces",,Rain|Snow/ice,No,No,Yes,,-31.6,°C,,,,2008,1,,2008,1,,10,,,,,,,,,,,70.6600890345053,"[{""adm1_code"":706,""adm1_name"":""Haskovo""},{""adm1_code"":707,""adm1_name"":""Jambol""},{""adm1_code"":708,""adm1_name"":""Kardzhali""},{""adm1_code"":720,""adm1_name"":""Sliven""},{""adm1_code"":727,""adm1_name"":""Veliko Tarnovo""},{""adm2_code"":11970,""adm2_name"":""Karlovo""},{""adm2_code"":12045,""adm2_name"":""Pirdop""},{""adm2_code"":12047,""adm2_name"":""Samokov""}]",2009-01-08,2023-09-25
2008-0007-HUN,No,nat-met-ext-col,Natural,Meteorological,Extreme temperature,Cold wave,,,HUN,Hungary,Eastern Europe,Europe,Battonya city (Bekes province),,,No,No,No,,,°C,,,,2008,1,,2008,1,,17,500,,,500,,,,,,,70.6600890345053,"[{""adm1_code"":1442,""adm1_name"":""Bekes""}]",2009-01-08,2023-09-25
2008-0012-BIH,No,tec-tra-air-air,Technological,Transport,Air,Air,,Helicopter MI-17,BIH,Bosnia and Herzegovina,Southern Europe,Europe,Near Skopje,,,No,No,No,,,,,,,2008,1,12,2008,1,12,11,,,,,,,,,,,70.6600890345053,,2008-01-14,2023-09-25
2008-0018-POL,No,tec-tra-air-air,Technological,Transport,Air,Air,,Military plane,POL,Poland,Eastern Europe,Europe,Miroslawiec,,,No,No,No,,,,,,,2008,1,23,2008,1,23,20,,,,,,,,,,,70.6600890345053,,2008-01-25,2023-09-25
2008-0055-GBR,No,nat-hyd-flo-riv,Natural,Hydrological,Flood,Riverine flood,,,GBR,United Kingdom of Great Britain and Northern Ireland,Northern Europe,Europe,"West Yorkshire, Lancashire, Merseyside, Lincolnshire, Gloucestershire, Wiltshire, North Yorkshire, Cambridgeshire, Kent districts (England province), Shropshire (Salop district, England province), Worcestershire (Hereford and Wor district, England province)",Heavy rain,,No,No,No,,55860,Km2,52.92,-1.65,"Severn, Avon, Leam, Frome, Stour, Ray, Aire, Dearne, Irwell, Rheidol, Calder, Alt, Dove, Ancholme, Ouse, Roch, Mersey",2008,1,15,2008,1,26,,,300,,300,,,,,,,70.6600890345053,"[{""adm2_code"":40098,""adm2_name"":""Cambridgeshire""},{""adm2_code"":40109,""adm2_name"":""Gloucestershire""},{""adm2_code"":40113,""adm2_name"":""Hereford and Wor""},{""adm2_code"":40117,""adm2_name"":""Kent""},{""adm2_code"":40118,""adm2_name"":""Lancashire""},{""adm2_code"":40120,""adm2_name"":""Lincolnshire""},{""adm2_code"":40121,""adm2_name"":""Merseyside""},{""adm2_code"":40123,""adm2_name"":""North Yorkshire""},{""adm2_code"":40128,""adm2_name"":""Salop""},{""adm2_code"":40138,""adm2_name"":""West Yorkshire""},{""adm2_code"":40139,""adm2_name"":""Wiltshire""}]",2008-02-11,2023-09-25
2008-0057-AUT,No,tec-mis-fir-fir,Technological,Miscellaneous accident,Fire (Miscellaneous),Fire (Miscellaneous),,Old people house,AUT,Austria,Western Europe,Europe,Egg (Vorarlberg),,,No,No,No,,,,,,,2008,2,8,2008,2,8,12,5,,,5,,,,,,,70.6600890345053,,2008-02-11,2023-09-25
2008-0074-PRT,No,nat-hyd-flo-riv,Natural,Hydrological,Flood,Riverine flood,,,PRT,Portugal,Southern Europe,Europe,"Loures, Sacavem cities (Loure district, Lisboa province), Setubal city (Setubal district, Setubal province)",Heavy rains,"Slide (land, mud, snow, rock)",No,No,No,,,Km2,,,,2008,2,18,2008,2,18,2,,72,38,110,,,,,,,70.6600890345053,"[{""adm2_code"":24831,""adm2_name"":""Loures""},{""adm2_code"":24905,""adm2_name"":""Setubal""}]",2008-02-21,2023-09-25
2008-0082-AUT,No,nat-met-sto-ext,Natural,Meteorological,Storm,Extra-tropical storm,,Emma,AUT,Austria,Western Europe,Europe,"Tirol, Salzburg, Niederosterreich provinces",,Flood,No,No,No,,130,Kph,,,,2008,2,29,2008,3,2,4,,,,,,,,,500000,707613,70.6600890345053,"[{""adm1_code"":480,""adm1_name"":""Niederosterreich""},{""adm1_code"":482,""adm1_name"":""Salzburg""},{""adm1_code"":484,""adm1_name"":""Tirol""}]",2008-04-24,2023-09-25
2008-0082-BEL,No,nat-met-sto-ext,Natural,Meteorological,Storm,Extra-tropical storm,,Emma,BEL,Belgium,Western Europe,Europe,"Region de Bruxelles-Capitale, Region wallonne,Vlaams Gewest provinces",,,No,No,No,,,Kph,,,,2008,2,29,2008,3,1,,,,,,,,,,,,70.6600890345053,"[{""adm1_code"":600,""adm1_name"":""Region de Bruxelles-Capitale / Brussels Hoofdstedelijk Gewes""},{""adm1_code"":601,""adm1_name"":""Vlaams Gewest""},{""adm1_code"":602,""adm1_name"":""Region wallonne""}]",2008-03-05,2023-09-25
2008-0082-CZE,No,nat-met-sto-ext,Natural,Meteorological,Storm,Extra-tropical storm,,Emma,CZE,Czechia,Eastern Europe,Europe,"Jihocesky, Jihomoravsky, Praha, Severocesky, Severomoravsky, Stredocesky (Libeznice city, Praha-vychod district), Vychodocesky, Zapadocesky provinces",,,No,No,Yes,,150,Kph,,,,2008,2,29,2008,3,2,2,,,,,,,6000,8491,50000,70761,70.6600890345053,"[{""adm1_code"":1030,""adm1_name"":""Jihocesky""},{""adm1_code"":1031,""adm1_name"":""Jihomoravsky""},{""adm1_code"":1032,""adm1_name"":""Praha""},{""adm1_code"":1033,""adm1_name"":""Severocesky""},{""adm1_code"":1034,""adm1_name"":""Severomoravsky""},{""adm1_code"":1035,""adm1_name"":""Stredocesky""},{""adm1_code"":1036,""adm1_name"":""Vychodocesky""},{""adm1_code"":1037,""adm1_name"":""Zapadocesky""}]",2008-04-24,2023-09-25
2008-0082-DEU,No,nat-met-sto-ext,Natural,Meteorological,Storm,Extra-tropical storm,,Emma,DEU,Germany,Western Europe,Europe,Bayern,,Flood,No,No,No,,220,Kph,,,,2008,2,29,2008,3,2,5,,,,,,,,,1200000,1698271,70.6600890345053,"[{""adm1_code"":1309,""adm1_name"":""Bayern""}]",2008-04-24,2023-09-25
2008-0082-NLD,No,nat-met-sto-ext,Natural,Meteorological,Storm,Extra-tropical storm,,Emma,NLD,Netherlands (Kingdom of the),Western Europe,Europe,"Drenthe, Flevoland, Friesland, Gelderland, Groningen, Limburg, Noord-brabant, Noord-holland, Overijssel, Utrecht, Zeeland, Zuid-holland",,,No,No,No,,,Kph,,,,2008,2,29,2008,3,2,,,,,,,,,,,,70.6600890345053,"[{""adm1_code"":2158,""adm1_name"":""Drenthe""},{""adm1_code"":2159,""adm1_name"":""Flevoland""},{""adm1_code"":2160,""adm1_name"":""Friesland""},{""adm1_code"":2161,""adm1_name"":""Gelderland""},{""adm1_code"":2162,""adm1_name"":""Groningen""},{""adm1_code"":2163,""adm1_name"":""Limburg""},{""adm1_code"":2164,""adm1_name"":""Noord-brabant""},{""adm1_code"":2165,""adm1_name"":""Noord-holland""},{""adm1_code"":2166,""adm1_name"":""Overijssel""},{""adm1_code"":2167,""adm1_name"":""Utrecht""},{""adm1_code"":2168,""adm1_name"":""Zeeland""},{""adm1_code"":2169,""adm1_name"":""Zuid-holland""}]",2008-03-05,2023-09-25
2008-0082-POL,No,nat-met-sto-ext,Natural,Meteorological,Storm,Extra-tropical storm,,Emma,POL,Poland,Eastern Europe,Europe,"Dolnoslaskie, Kujawsko-Pomorskie, Lodzkie, Lubeiskie, Lubuskie, Malopolske, Mazowieckie, Opolskie, Podkarpackie, Podlaskie, Pomorskie, Slaskie, Swietokrzyskie, Warminsko-Mazurskie, Wielkopolskie, Zachodnio-Pomorskie provinces",,,No,No,No,,,Kph,,,,2008,3,1,2008,3,1,2,10,1050,,1060,,,,,50000,70761,70.6600890345053,"[{""adm1_code"":2370,""adm1_name"":""Dolnoslaskie""},{""adm1_code"":2371,""adm1_name"":""Kujawsko-Pomorskie""},{""adm1_code"":2372,""adm1_name"":""Lodzkie""},{""adm1_code"":2373,""adm1_name"":""Lubeiskie""},{""adm1_code"":2374,""adm1_name"":""Lubuskie""},{""adm1_code"":2375,""adm1_name"":""Malopolske""},{""adm1_code"":2376,""adm1_name"":""Mazowieckie""},{""adm1_code"":2377,""adm1_name"":""Opolskie""},{""adm1_code"":2378,""adm1_name"":""Podkarpackie""},{""adm1_code"":2379,""adm1_name"":""Podlaskie""},{""adm1_code"":2380,""adm1_name"":""Pomorskie""},{""adm1_code"":2381,""adm1_name"":""Slaskie""},{""adm1_code"":2382,""adm1_name"":""Swietokrzyskie""},{""adm1_code"":2383,""adm1_name"":""Warminsko-Mazurskie""},{""adm1_code"":2384,""adm1_name"":""Wielkopolskie""},{""adm1_code"":2385,""adm1_name"":""Zachodnio-Pomorskie""}]",2008-04-24,2023-09-25
2008-0082-ROU,No,nat-met-sto-ext,Natural,Meteorological,Storm,Extra-tropical storm,,Emma,ROU,Romania,Eastern Europe,Europe,"Constanta, Mangalia, Midia (Constanta province) ; Suceava, Maramures provinces",,Flood,No,No,No,,,Kph,,,,2008,2,29,2008,3,2,,,90,,90,,,,,,,70.6600890345053,"[{""adm1_code"":2460,""adm1_name"":""Constanta""},{""adm1_code"":2471,""adm1_name"":""Maramures""},{""adm1_code"":2480,""adm1_name"":""Suceava""}]",2008-03-05,2023-09-25
2008-0102-ALB,No,tec-tra-wat-wat,Technological,Transport,Water,Water,,,ALB,Albania,Southern Europe,Europe,Near Tirana,,,No,No,No,,,,,,,2008,3,5,2008,3,6,16,,,,,,,,,,,70.6600890345053,,2008-03-06,2023-09-25
2008-0113-ALB,No,tec-mis-exp-exp,Technological,Miscellaneous accident,Explosion (Miscellaneous),Explosion (Miscellaneous),GLIDE:AC-2008-000036,Munition depot,ALB,Albania,Southern Europe,Europe,"Gradec, Marqinet1 and Marqinet 2 (Near Tirana)",,,Yes,No,Yes,4483,,,,,,2008,3,15,2008,3,15,22,300,10000,,10300,18949,26817,,,,,70.6600890345053,,2010-02-09,2023-09-25
2008-0149-UKR,No,tec-tra-air-air,Technological,Transport,Air,Air,,Helicopter MI-8,UKR,Ukraine,Eastern Europe,Europe,Near Black Sea,,,No,No,No,,,,,,,2008,3,27,2008,3,27,12,1,,,1,,,,,,,70.6600890345053,,2008-04-15,2023-09-25
2008-0173-UKR,No,tec-tra-air-air,Technological,Transport,Air,Air,,Helicopter Mi-8,UKR,Ukraine,Eastern Europe,Europe,Black sea,,,No,No,No,,,,,,,2008,4,28,2008,4,28,20,,,,,,,,,,,70.6600890345053,,2008-04-28,2023-09-25
2008-0203-UKR,No,tec-ind-exp-exp,Technological,Industrial accident,Explosion (Industrial),Explosion (Industrial),,Coal mine,UKR,Ukraine,Eastern Europe,Europe,Krasnolimanska (Donetsk),,,No,No,No,,,m3,,,,2008,5,23,2008,5,23,11,3,,,3,,,,,,,70.6600890345053,,2008-06-09,2023-09-25
2008-0207-UKR,No,tec-tra-roa-roa,Technological,Transport,Road,Road,,,UKR,Ukraine,Eastern Europe,Europe,Joutomyr,,,No,No,No,,,,,,,2008,5,23,2008,5,23,11,1,,,1,,,,,,,70.6600890345053,,2008-06-09,2023-09-25
2008-0216-ITA,No,nat-hyd-flo-riv,Natural,Hydrological,Flood,Riverine flood,,,ITA,Italy,Southern Europe,Europe,"Savigliano, Demonte towns (Cuneo district, Piemonte province), Torino district (Piemonte province), Chambave towns (Aosta district, Valle d'aosta province)",,"Slide (land, mud, snow, rock)",No,No,Yes,,,Km2,,,,2008,5,29,2008,5,30,4,,,,,,,,,,,70.6600890345053,"[{""adm2_code"":18376,""adm2_name"":""Cuneo""},{""adm2_code"":18378,""adm2_name"":""Torino""},{""adm2_code"":18413,""adm2_name"":""Aosta""}]",2008-06-09,2023-09-25
2008-0226-GRC,No,nat-geo-ear-gro,Natural,Geophysical,Earthquake,Ground movement,USGS:usp000g8vs,,GRC,Greece,Southern Europe,Europe,"Achaïe (Achaias district, Dytiki Ellada province), Elide (Ileias district, Dytiki Ellada province), Leucade Isl. (Lefkados district, Ionioi Nisoi province)",,"Slide (land, mud, snow, rock)",No,No,No,,6.4,Moment Magnitude,37.963,21.525,,2008,6,8,2008,6,8,2,240,3468,,3708,,,,,,,70.6600890345053,"[{""adm2_code"":16681,""adm2_name"":""Achaias""},{""adm2_code"":16683,""adm2_name"":""Ileias""},{""adm2_code"":16690,""adm2_name"":""Lefkados""}]",2009-03-19,2023-09-25
2008-0227-UKR,No,tec-ind-exp-exp,Technological,Industrial accident,Explosion (Industrial),Explosion (Industrial),,"Coal mine ""Karl Marx""",UKR,Ukraine,Eastern Europe,Europe,Enakievo,,,No,No,No,,,m3,,,,2008,6,8,2008,6,8,12,5,24,,29,,,,,,,70.6600890345053,,2008-06-10,2023-09-25
2008-0237-FRA,No,nat-met-sto-lig,Natural,Meteorological,Storm,Lightning/Thunderstorms,,,FRA,France,Western Europe,Europe,"Avignon, Thor cities (Vaucluse distric, Provence-Alpes-Cote-d'Azur province), Saint-Martin de Vers, Saint-Sauveur-la-valléen cities (Lot), Roquefort (Aveyron) ; Ain district (Rhone-Alpes province) ; Bourgogne province",,"Flood|Slide (land, mud, snow, rock)",No,No,No,,,Kph,,,,2008,6,10,2008,6,10,,6,600,,606,,,,,,,70.6600890345053,"[{""adm1_code"":1252,""adm1_name"":""Bourgogne""},{""adm2_code"":16299,""adm2_name"":""Aveyron""},{""adm2_code"":16303,""adm2_name"":""Lot""},{""adm2_code"":16325,""adm2_name"":""Vaucluse""},{""adm2_code"":16326,""adm2_name"":""Ain""}]",2008-06-24,2023-09-25
2008-0269-SVN,No,tec-tra-roa-roa,Technological,Transport,Road,Road,,,SVN,Slovenia,Southern Europe,Europe,Near Sevnica,,,No,No,No,,,,,,,2008,7,4,2008,7,4,13,,,,,,,,,,,70.6600890345053,,2008-07-09,2023-09-25
2008-0281-DEU,No,tec-ind-che-che,Technological,Industrial accident,Chemical spill,Chemical spill,,Car factory,DEU,Germany,Western Europe,Europe,Bamberg,,,No,No,No,,,m3,,,,2008,7,18,2008,7,18,,101,,,101,,,,,,,70.6600890345053,,2008-08-20,2023-09-25
2008-0289-ESP,No,tec-tra-wat-wat,Technological,Transport,Water,Water,,,ESP,Spain,Southern Europe,Europe,Near Montril (Costa del Sol),,,No,No,No,,,,,,,2008,7,7,2008,7,7,14,,23,,23,,,,,,,70.6600890345053,,2008-08-04,2023-09-25
2008-0294-ESP,No,tec-tra-wat-wat,Technological,Transport,Water,Water,,,ESP,Spain,Southern Europe,Europe,Andalusia coast,,,No,No,No,,,,,,,2008,7,9,2008,7,10,15,,,,,,,,,,,70.6600890345053,,2008-08-05,2023-09-25
2008-0306-MDA,No,nat-hyd-flo-riv,Natural,Hydrological,Flood,Riverine flood,GLIDE:FL-2008-000122,,MDA,Republic of Moldova,Eastern Europe,Europe,"Riscani, Glodeni, Falesti districts (Balti province), Soroca, Soldanesti districts (Soroca province), Anenii Noi district (Chisinau province), Ocnita, Briceni districts (Edinet province)",,Rain,Yes,No,No,,,Km2,,,"Prut, Dniester rivers",2008,7,26,2008,7,27,3,,4000,,4000,,,,,,,70.6600890345053,"[{""adm2_code"":41167,""adm2_name"":""Falesti""},{""adm2_code"":41168,""adm2_name"":""Glodeni""},{""adm2_code"":41169,""adm2_name"":""Riscani""},{""adm2_code"":41175,""adm2_name"":""Anenii Noi""},{""adm2_code"":41187,""adm2_name"":""Briceni""},{""adm2_code"":41190,""adm2_name"":""Ocnita""},{""adm2_code"":41202,""adm2_name"":""Soldanesti""},{""adm2_code"":41203,""adm2_name"":""Soroca""}]",2009-05-27,2023-09-25
2008-0306-ROU,No,nat-hyd-flo-riv,Natural,Hydrological,Flood,Riverine flood,GLIDE:FL-2008-000122,,ROU,Romania,Eastern Europe,Europe,"Maramures, Botosani, Bacau, Neamt, Iasi, Vaslui provinces",Heavy rains,,Yes,No,No,,,Km2,,,"Prut, Siret, Suceava, Tosa rivers",2008,7,26,2008,8,,5,,11000,,11000,,,,,,,70.6600890345053,"[{""adm1_code"":2449,""adm1_name"":""Bacau""},{""adm1_code"":2452,""adm1_name"":""Botosani""},{""adm1_code"":2470,""adm1_name"":""Iasi""},{""adm1_code"":2471,""adm1_name"":""Maramures""},{""adm1_code"":2474,""adm1_name"":""Neamt""},{""adm1_code"":2484,""adm1_name"":""Vaslui""}]",2009-05-27,2023-09-25
2008-0306-UKR,No,nat-hyd-flo-riv,Natural,Hydrological,Flood,Riverine flood,GLIDE:FL-2008-000122,,UKR,Ukraine,Eastern Europe,Europe,"Ivano-frankivs'ka, Chernivets'ka, Zakarpats'ka, L'vivs'ka, Ternopil's'ka, Vinnyts'ka provinces",Heavy rains and thunderstorms,Rain,Yes,No,No,,,Km2,,,"Dniestr, Prut",2008,7,26,2008,7,27,38,,224725,,224725,,,,,1000000,1415226,70.6600890345053,"[{""adm1_code"":3150,""adm1_name"":""Chernivets'ka""},{""adm1_code"":3153,""adm1_name"":""Ivano-frankivs'ka""},{""adm1_code"":3160,""adm1_name"":""L'vivs'ka""},{""adm1_code"":3167,""adm1_name"":""Ternopil's'ka""},{""adm1_code"":3168,""adm1_name"":""Vinnyts'ka""},{""adm1_code"":3170,""adm1_name"":""Zakarpats'ka""}]",2009-05-27,2023-09-25
2008-0320-NOR,No,nat-met-sto-lig,Natural,Meteorological,Storm,Lightning/Thunderstorms,,,NOR,Norway,Northern Europe,Europe,Hedemark province,,,No,No,No,,,Kph,,,,2008,8,3,2008,8,3,,100,,,100,,,,,,,70.6600890345053,"[{""adm1_code"":2248,""adm1_name"":""Hedmark""}]",2008-08-13,2023-09-25
2008-0321-FRA,No,nat-met-sto-tor,Natural,Meteorological,Storm,Tornado,,,FRA,France,Western Europe,Europe,"Hautmont city (Nord distric, Nord-Pas-de-Calais province)",,,No,No,No,,215,Kph,,,,2008,8,3,2008,8,4,3,,1500,600,2100,,,60000,84914,80000,113218,70.6600890345053,"[{""adm2_code"":16306,""adm2_name"":""Nord""}]",2009-03-19,2023-09-25
2008-0332-CZE,No,tec-tra-rai-rai,Technological,Transport,Rail,Rail,,,CZE,Czechia,Eastern Europe,Europe,Studenka,,,No,No,No,,,,,,,2008,8,8,2008,8,8,10,100,,,100,,,,,,,70.6600890345053,,2008-08-19,2023-09-25
2008-0337-DEU,No,tec-ind-gas-gas,Technological,Industrial accident,Gas leak,Gas leak,,Factory,DEU,Germany,Western Europe,Europe,Mônchengladbach,,,No,No,No,,,m3,,,,2008,8,16,2008,8,16,,,107,,107,,,,,,,70.6600890345053,,2008-08-20,2023-09-25
2008-0353-ESP,No,tec-tra-air-air,Technological,Transport,Air,Air,,MD82,ESP,Spain,Southern Europe,Europe,Madrid,,,No,No,No,,,,,,,2008,8,20,2008,8,20,154,18,,,18,,,,,,,70.6600890345053,,2008-09-04,2023-09-25
2008-0371-MLT,No,tec-tra-wat-wat,Technological,Transport,Water,Water,,,MLT,Malta,Southern Europe,Europe,,,,No,No,No,,,,,,,2008,8,27,2008,8,27,10,,8,,8,,,,,,,70.6600890345053,,2008-09-11,2023-09-25
2008-0381-GBR,No,nat-hyd-flo-riv,Natural,Hydrological,Flood,Riverine flood,,,GBR,United Kingdom of Great Britain and Northern Ireland,Northern Europe,Europe,"Bridgend city (Mid Glamorgan district), Port Talbot, Swansea cities (West Glamorgan district), Cardiff city (South Glamorga district) (Wales province), Morpeth city (Northumberland district), Ryedale, Hambleton, Richmondshire, Pickering towns (North Yorkshire district), Tenbury Wells town (Salop district) (England province) ; Hereford and Wo district (England province)",Torrential rain,Rain,No,No,No,,47370,Km2,53.26,-1.8,,2008,9,6,2008,9,8,8,,3000,,3000,,,,,50000,70761,70.6600890345053,"[{""adm2_code"":40113,""adm2_name"":""Hereford and Wor""},{""adm2_code"":40123,""adm2_name"":""North Yorkshire""},{""adm2_code"":40125,""adm2_name"":""Northumberland""},{""adm2_code"":40128,""adm2_name"":""Salop""},{""adm2_code"":40183,""adm2_name"":""Mid Glamorgan""},{""adm2_code"":40185,""adm2_name"":""South Glamorgan""},{""adm2_code"":40186,""adm2_name"":""West Glamorgan""}]",2008-10-21,2023-09-25
2008-0396-HRV,No,tec-tra-roa-roa,Technological,Transport,Road,Road,,,HRV,Croatia,Southern Europe,Europe,Near Zir,,,No,No,No,,,,,,,2008,9,7,2008,9,7,14,30,,,30,,,,,,,70.6600890345053,,2008-09-12,2023-09-25
2008-0406-RUS,No,tec-tra-air-air,Technological,Transport,Air,Air,,Boeing-737,RUS,Russian Federation,Eastern Europe,Europe,Near Perm (Oural),,,No,No,No,,,,,,,2008,9,13,2008,9,14,88,,,,,,,,,,,70.6600890345053,,2008-09-15,2023-09-25
2008-0420-ITA,No,nat-hyd-flo-flo,Natural,Hydrological,Flood,Flood (General),,,ITA,Italy,Southern Europe,Europe,"Milano, Como, Lecco, Sondrio districts (Lombardia province)",,"Slide (land, mud, snow, rock)",No,No,No,,,Km2,,,,2008,7,12,2008,7,12,2,,300,,300,,,,,,,70.6600890345053,"[{""adm2_code"":18358,""adm2_name"":""Como""},{""adm2_code"":18360,""adm2_name"":""Lecco""},{""adm2_code"":18363,""adm2_name"":""Milano""},{""adm2_code"":18365,""adm2_name"":""Sondrio""}]",2008-09-17,2023-09-25
2008-0476-RUS,No,nat-geo-ear-gro,Natural,Geophysical,Earthquake,Ground movement,USGS:usp000gjy6,,RUS,Russian Federation,Eastern Europe,Europe,Chechnya Rep. Province,,,No,No,No,,5.8,Moment Magnitude,43.372,46.254,,2008,10,11,2008,10,11,13,100,5135,,5235,,,,,,,70.6600890345053,"[{""adm1_code"":2498,""adm1_name"":""Chechnya Rep.""}]",2009-01-07,2023-09-25
2008-0541-RUS,No,tec-tra-wat-wat,Technological,Transport,Water,Water,,Sub-marine,RUS,Russian Federation,Eastern Europe,Europe,,,,No,No,No,,,,,,,2008,11,8,2008,11,8,20,21,,,21,,,,,,,70.6600890345053,,2008-11-21,2023-09-25
2008-0579-ITA,No,nat-hyd-flo-riv,Natural,Hydrological,Flood,Riverine flood,,,ITA,Italy,Southern Europe,Europe,"Roma district (Lazio province), Venezia district (Veneto province)",Heavy rain,Rain,No,No,Yes,,5425,Km2,41.83,13.16,Tiber,2008,12,11,2008,12,15,3,,,,,,,,,278000,393433,70.6600890345053,"[{""adm2_code"":18350,""adm2_name"":""Roma""},{""adm2_code"":18418,""adm2_name"":""Venezia""}]",2009-03-18,2023-09-25
2008-0584-UKR,No,tec-mis-exp-exp,Technological,Miscellaneous accident,Explosion (Miscellaneous),Explosion (Miscellaneous),,Building,UKR,Ukraine,Eastern Europe,Europe,Evpatoria (Krimee),,,No,No,No,,,,,,,2008,12,24,2008,12,24,26,,21,,21,,,,,,,70.6600890345053,,2010-02-01,2023-09-25
2008-0633-BEL,No,nat-met-ext-col,Natural,Meteorological,Extreme temperature,Cold wave,,,BEL,Belgium,Western Europe,Europe,"Leuven city ( Vlaams-Brabant district, Vlaams Gewest province)",,,No,No,No,,-20,°C,,,,2009,1,,2009,1,,1,,,,,,,,,,,70.4088617569341,"[{""adm2_code"":5847,""adm2_name"":""Vlaams-Brabant""}]",2010-01-12,2023-09-25
2008-0633-DEU,No,nat-met-ext-col,Natural,Meteorological,Extreme temperature,Cold wave,,,DEU,Germany,Western Europe,Europe,"Berlin, Brandenburg, Bremen, Hessen, Niedersachsen, Nordrhein-Westfalen, Rheinland-Pfalz, Sachsen, Sachsen-Anhalt, Thueringen provinces",,,No,No,No,,-26,°C,,,,2009,1,5,2009,1,,1,,,,,,,,,,,70.4088617569341,"[{""adm1_code"":1310,""adm1_name"":""Berlin""},{""adm1_code"":1311,""adm1_name"":""Brandenburg""},{""adm1_code"":1312,""adm1_name"":""Bremen""},{""adm1_code"":1314,""adm1_name"":""Hessen""},{""adm1_code"":1316,""adm1_name"":""Niedersachsen""},{""adm1_code"":1317,""adm1_name"":""Nordrhein-Westfalen""},{""adm1_code"":1318,""adm1_name"":""Rheinland-Pfalz""},{""adm1_code"":1320,""adm1_name"":""Sachsen""},{""adm1_code"":1321,""adm1_name"":""Sachsen-Anhalt""},{""adm1_code"":1323,""adm1_name"":""Thueringen""}]",2009-01-29,2023-09-25
2008-0633-FRA,No,nat-met-ext-col,Natural,Meteorological,Extreme temperature,Cold wave,,,FRA,France,Western Europe,Europe,"Ile-de-France, Nord-Pas-de-Calais, Provence-Alpes-Cote-d'Azur provinces",,,No,No,No,,,°C,,,,2009,1,6,2009,1,8,2,,,,,,,,,,,70.4088617569341,"[{""adm1_code"":1259,""adm1_name"":""Ile-de-France""},{""adm1_code"":1265,""adm1_name"":""Nord-Pas-de-Calais""},{""adm1_code"":1269,""adm1_name"":""Provence-Alpes-Cote-d'Azur""}]",2009-01-29,2023-09-25
2008-0633-POL,No,nat-met-ext-col,Natural,Meteorological,Extreme temperature,Cold wave,,,POL,Poland,Eastern Europe,Europe,"Dolnoslaskie, Kujawsko-Pomorskie, Lodzkie, Lubeiskie, Lubuskie, Malopolske, Mazowieckie, Opolskie, Podkarpackie, Podlaskie, Pomorskie, Slaskie, Swietokrzyskie, Warminsko-Mazurskie, Wielkopolskie, Zachodnio-Pomorskie provinces",,,No,No,No,,-25,°C,,,,2008,11,1,2009,1,8,82,,,,,,,,,,,70.6600890345053,"[{""adm1_code"":2370,""adm1_name"":""Dolnoslaskie""},{""adm1_code"":2371,""adm1_name"":""Kujawsko-Pomorskie""},{""adm1_code"":2372,""adm1_name"":""Lodzkie""},{""adm1_code"":2373,""adm1_name"":""Lubeiskie""},{""adm1_code"":2374,""adm1_name"":""Lubuskie""},{""adm1_code"":2375,""adm1_name"":""Malopolske""},{""adm1_code"":2376,""adm1_name"":""Mazowieckie""},{""adm1_code"":2377,""adm1_name"":""Opolskie""},{""adm1_code"":2378,""adm1_name"":""Podkarpackie""},{""adm1_code"":2379,""adm1_name"":""Podlaskie""},{""adm1_code"":2380,""adm1_name"":""Pomorskie""},{""adm1_code"":2381,""adm1_name"":""Slaskie""},{""adm1_code"":2382,""adm1_name"":""Swietokrzyskie""},{""adm1_code"":2383,""adm1_name"":""Warminsko-Mazurskie""},{""adm1_code"":2384,""adm1_name"":""Wielkopolskie""},{""adm1_code"":2385,""adm1_name"":""Zachodnio-Pomorskie""}]",2010-01-05,2023-09-25
2008-0633-PRT,No,nat-met-ext-col,Natural,Meteorological,Extreme temperature,Cold wave,,,PRT,Portugal,Southern Europe,Europe,"Porto, Viseu, Braga, Vila Real, Aveiro, Guarda provinces",,,No,No,No,,,°C,,,,2009,1,,2009,1,,,,,,,,,,,,,70.4088617569341,"[{""adm1_code"":2386,""adm1_name"":""Aveiro""},{""adm1_code"":2388,""adm1_name"":""Braga""},{""adm1_code"":2394,""adm1_name"":""Guarda""},{""adm1_code"":2408,""adm1_name"":""Porto""},{""adm1_code"":2412,""adm1_name"":""Vila Real""},{""adm1_code"":2413,""adm1_name"":""Viseu""}]",2009-01-29,2023-09-25
2008-0633-ROU,No,nat-met-ext-col,Natural,Meteorological,Extreme temperature,Cold wave,,,ROU,Romania,Eastern Europe,Europe,"Alba, Arad, Bihor, Bistrita-nasaud, Brasov, Bucuresti, Caras-severin, Cluj, Constanta, Covasna, Harghita, Hunedoara, Maramures, Mures, Salaj, Satu Mare, Sibiu, Timis provinces",,,No,No,No,,-31,°C,,,,2009,1,1,2009,1,15,43,20,,,20,,,,,,,70.4088617569341,"[{""adm1_code"":2446,""adm1_name"":""Alba""},{""adm1_code"":2447,""adm1_name"":""Arad""},{""adm1_code"":2450,""adm1_name"":""Bihor""},{""adm1_code"":2451,""adm1_name"":""Bistrita-nasaud""},{""adm1_code"":2454,""adm1_name"":""Brasov""},{""adm1_code"":2455,""adm1_name"":""Bucuresti""},{""adm1_code"":2458,""adm1_name"":""Caras-severin""},{""adm1_code"":2459,""adm1_name"":""Cluj""},{""adm1_code"":2460,""adm1_name"":""Constanta""},{""adm1_code"":2461,""adm1_name"":""Covasna""},{""adm1_code"":2467,""adm1_name"":""Harghita""},{""adm1_code"":2468,""adm1_name"":""Hunedoara""},{""adm1_code"":2471,""adm1_name"":""Maramures""},{""adm1_code"":2473,""adm1_name"":""Mures""},{""adm1_code"":2477,""adm1_name"":""Salaj""},{""adm1_code"":2478,""adm1_name"":""Satu Mare""},{""adm1_code"":2479,""adm1_name"":""Sibiu""},{""adm1_code"":2482,""adm1_name"":""Timis""}]",2010-01-12,2023-09-25
2008-0633-UKR,No,nat-met-ext-col,Natural,Meteorological,Extreme temperature,Cold wave,,,UKR,Ukraine,Eastern Europe,Europe,Khersons'ka province,,,No,No,No,,-19,°C,,,,2009,1,,2009,1,,5,,,,,,,,,,,70.4088617569341,"[{""adm1_code"":3155,""adm1_name"":""Khersons'ka""}]",2009-01-29,2023-09-25
2008-0653-DEU,No,nat-met-sto-sev,Natural,Meteorological,Storm,Severe weather,,Hilal,DEU,Germany,Western Europe,Europe,"Baden-Württemberg, Nordrhein-Westfalen, Hesse, Rheinland-Pfalz, Sachsen",,Hail,No,No,No,,,Kph,,,,2008,5,29,2008,6,2,3,,,,,,,1100000,1556749,1500000,2122839,70.6600890345053,"[{""adm1_code"":1308,""adm1_name"":""Baden-Wuerttemberg""},{""adm1_code"":1314,""adm1_name"":""Hessen""},{""adm1_code"":1317,""adm1_name"":""Nordrhein-Westfalen""},{""adm1_code"":1318,""adm1_name"":""Rheinland-Pfalz""},{""adm1_code"":1320,""adm1_name"":""Sachsen""}]",2009-03-19,2023-09-25
2008-0664-DEU,No,tec-tra-roa-roa,Technological,Transport,Road,Road,,,DEU,Germany,Western Europe,Europe,Hannover,,,No,No,No,,,,,,,2008,11,4,2008,11,4,20,,,,,,,,,,,70.6600890345053,,2012-03-15,2023-09-25
2009-0014-ESP,No,nat-met-sto-ext,Natural,Meteorological,Storm,Extra-tropical storm,,Klaus,ESP,Spain,Southern Europe,Europe,"Galicia, Cataluña/Catalunya, País Vasco/Euskadi province",,,No,No,No,,,Kph,,,,2009,1,23,2009,1,24,14,,,,,,,900000,1278248,1900000,2698524,70.4088617569341,"[{""adm1_code"":2724,""adm1_name"":""Cataluña/Catalunya""},{""adm1_code"":2728,""adm1_name"":""Galicia""},{""adm1_code"":2733,""adm1_name"":""País Vasco/Euskadi""}]",2009-03-09,2023-09-25
2009-0014-FRA,No,nat-met-sto-ext,Natural,Meteorological,Storm,Extra-tropical storm,,Klaus,FRA,France,Western Europe,Europe,"Landes, Pyrénées-Atlantiques, Lot-et-Garonne district (Aquitaine province), Hautes-Pyrénnées, Gers, Haute-Garonne (Midi-Pyrenées province), Aude, Pyrénnées Orientales (Languedoc-Rousillon province)",,"Flood|Slide (land, mud, snow, rock)",No,No,No,,171,Kph,42.24,-2.6,,2009,1,23,2009,1,26,11,,,,,,,2090000,2968376,3200000,4544882,70.4088617569341,"[{""adm2_code"":16242,""adm2_name"":""Landes""},{""adm2_code"":16243,""adm2_name"":""Lot-et-Garonne""},{""adm2_code"":16244,""adm2_name"":""Pyrenees-Atlantique""},{""adm2_code"":16289,""adm2_name"":""Pyrenees-Orientales""},{""adm2_code"":16290,""adm2_name"":""Aude""},{""adm2_code"":16300,""adm2_name"":""Gers""},{""adm2_code"":16301,""adm2_name"":""Haute-Garonne""},{""adm2_code"":16302,""adm2_name"":""Hautes-Pyrenees""}]",2009-03-09,2023-09-25
2009-0014-ITA,No,nat-met-sto-ext,Natural,Meteorological,Storm,Extra-tropical storm,,Klaus,ITA,Italy,Southern Europe,Europe,"Salerno district (Campania province), Cosenza district (Calabria province)",,"Slide (land, mud, snow, rock)",No,No,No,,,Kph,,,,2009,1,24,2009,1,25,3,,,,,,,,,,,70.4088617569341,"[{""adm2_code"":18324,""adm2_name"":""Cosenza""},{""adm2_code"":18333,""adm2_name"":""Salerno""}]",2009-03-09,2023-09-25
2009-0015-ROU,No,nat-hyd-flo-riv,Natural,Hydrological,Flood,Riverine flood,,,ROU,Romania,Eastern Europe,Europe,"Alba, Arad, Arges, Bacau, Bihor, Bistrita-nasaud, Botosani, Braila, Brasov, Bucuresti, Buzau, Calarasi, Caras-severin, Cluj, Constanta, Covasna, Dimbovita, Dolj, Galati, Giurgiu, Gorj, Harghita, Hunedoara, Ialomita, Iasi, Maramures, Mehedinti, Mures, Neamt, Olt, Prahova, Salaj, Satu Mare, Sibiu, Suceava, Teleorman, Timis, Tulcea, Vaslui, Vilcea, Vrancea provinces",Snowmelt,,No,No,No,,19410,Km2,47.61,24.93,Iza river,2009,1,23,2009,1,26,11,,,,,,,,,,,70.4088617569341,"[{""adm1_code"":2446,""adm1_name"":""Alba""},{""adm1_code"":2447,""adm1_name"":""Arad""},{""adm1_code"":2448,""adm1_name"":""Arges""},{""adm1_code"":2449,""adm1_name"":""Bacau""},{""adm1_code"":2450,""adm1_name"":""Bihor""},{""adm1_code"":2451,""adm1_name"":""Bistrita-nasaud""},{""adm1_code"":2452,""adm1_name"":""Botosani""},{""adm1_code"":2453,""adm1_name"":""Braila""},{""adm1_code"":2454,""adm1_name"":""Brasov""},{""adm1_code"":2455,""adm1_name"":""Bucuresti""},{""adm1_code"":2456,""adm1_name"":""Buzau""},{""adm1_code"":2457,""adm1_name"":""Calarasi""},{""adm1_code"":2458,""adm1_name"":""Caras-severin""},{""adm1_code"":2459,""adm1_name"":""Cluj""},{""adm1_code"":2460,""adm1_name"":""Constanta""},{""adm1_code"":2461,""adm1_name"":""Covasna""},{""adm1_code"":2462,""adm1_name"":""Dimbovita""},{""adm1_code"":2463,""adm1_name"":""Dolj""},{""adm1_code"":2464,""adm1_name"":""Galati""},{""adm1_code"":2465,""adm1_name"":""Giurgiu""},{""adm1_code"":2466,""adm1_name"":""Gorj""},{""adm1_code"":2467,""adm1_name"":""Harghita""},{""adm1_code"":2468,""adm1_name"":""Hunedoara""},{""adm1_code"":2469,""adm1_name"":""Ialomita""},{""adm1_code"":2470,""adm1_name"":""Iasi""},{""adm1_code"":2471,""adm1_name"":""Maramures""},{""adm1_code"":2472,""adm1_name"":""Mehedinti""},{""adm1_code"":2473,""adm1_name"":""Mures""},{""adm1_code"":2474,""adm1_name"":""Neamt""},{""adm1_code"":2475,""adm1_name"":""Olt""},{""adm1_code"":2476,""adm1_name"":""Prahova""},{""adm1_code"":2477,""adm1_name"":""Salaj""},{""adm1_code"":2478,""adm1_name"":""Satu Mare""},{""adm1_code"":2479,""adm1_name"":""Sibiu""},{""adm1_code"":2480,""adm1_name"":""Suceava""},{""adm1_code"":2481,""adm1_name"":""Teleorman""},{""adm1_code"":2482,""adm1_name"":""Timis""},{""adm1_code"":2483,""adm1_name"":""Tulcea""},{""adm1_code"":2484,""adm1_name"":""Vaslui""},{""adm1_code"":2485,""adm1_name"":""Vilcea""},{""adm1_code"":2486,""adm1_name"":""Vrancea""}]",2009-01-28,2023-09-25
2009-0029-FRA,No,nat-met-ext-sev,Natural,Meteorological,Extreme temperature,Severe winter conditions,,,FRA,France,Western Europe,Europe,"Lyon city (Rhone district, Rhone-Alpes province)",,,No,No,No,,,°C,,,,2009,1,14,2009,1,14,3,200,,,200,,,,,,,70.4088617569341,"[{""adm2_code"":16332,""adm2_name"":""Rhone""}]",2009-01-29,2023-09-25
2009-0030-BIH,No,nat-met-ext-sev,Natural,Meteorological,Extreme temperature,Severe winter conditions,GLIDE:CW-2009-000024,,BIH,Bosnia and Herzegovina,Southern Europe,Europe,"Sarajevo district (Federacoja Bosne I Hercegovine province), Zenica city (Zenicko-dobojski district, Federacoja Bosne I Hercegovine province), Zvornik, Sokolac, Foca, Doboj districts (Republika Srpska province), Fazlagica Kula (Gacko district, Republika Spska province)",,,No,No,Yes,,-25,°C,,,,2009,1,,2009,1,,1,,10000,,10000,,,,,,,70.4088617569341,"[{""adm2_code"":6244,""adm2_name"":""Sarajevo""},{""adm2_code"":6250,""adm2_name"":""Zenicko-dobojski""},{""adm2_code"":6266,""adm2_name"":""Doboj""},{""adm2_code"":6268,""adm2_name"":""Foca""},{""adm2_code"":6269,""adm2_name"":""Gacko""},{""adm2_code"":6306,""adm2_name"":""Sokolac""},{""adm2_code"":6321,""adm2_name"":""Zvornik""}]",2009-05-25,2023-09-25
2009-0030-SRB,No,nat-met-ext-sev,Natural,Meteorological,Extreme temperature,Severe winter conditions,GLIDE:CW-2009-000024,,SRB,Serbia,Southern Europe,Europe,"Belgrade city (Grad Beograd province), Novi Sad city (Juzno-backi province)",,,No,No,No,,,°C,,,,2009,1,15,2009,1,15,,500,,,500,,,,,,,70.4088617569341,"[{""adm1_code"":25373,""adm1_name"":""Grad Beograd""},{""adm1_code"":25375,""adm1_name"":""Juzno-backi""}]",2009-01-29,2023-09-25
2009-0061-RUS,No,tec-mis-fir-fir,Technological,Miscellaneous accident,Fire (Miscellaneous),Fire (Miscellaneous),,Nursing Home,RUS,Russian Federation,Eastern Europe,Europe,Podjelsk (Komi republic),,,No,No,No,,,,,,,2009,1,31,2009,1,31,23,3,,,3,,,,,,,70.4088617569341,,2010-03-19,2023-09-25
2009-0074-RUS,No,tec-mis-fir-fir,Technological,Miscellaneous accident,Fire (Miscellaneous),Fire (Miscellaneous),,Building,RUS,Russian Federation,Eastern Europe,Europe,Molodezhny (Astrakhan),,,No,No,No,,,,,,,2009,2,14,2009,2,14,15,,,,,,,,,,,70.4088617569341,,2009-03-13,2023-09-25
2009-0079-SVK,No,tec-tra-roa-roa,Technological,Transport,Road,Road,,,SVK,Slovakia,Eastern Europe,Europe,Near Polomka Bucnik,,,No,No,No,,,,,,,2009,2,21,2009,2,21,12,20,,,20,,,,,,,70.4088617569341,,2009-03-13,2023-09-25
2009-0081-BIH,No,nat-hyd-flo-riv,Natural,Hydrological,Flood,Riverine flood,GLIDE:FL-2009-000044,,BIH,Bosnia and Herzegovina,Southern Europe,Europe,"Rastoci, Otok, Rupe, Pridvorci villages (Trebinje municipality), Velicani, Dracevo, Drijenjani, Galicici, Sedlari, Grmljani, Zavala villages (Popovo Polje municipality) (Trebinje district), Ravno, Velja Meda, Turkovici, Pecina, Trucina, Trebinja, Cvaljina villages (Ravno municipality), Glumina, Gornji Zelenikovac, Donji Zelenikovac, Dobri Do, Hrasno villages (Neum municipality) (Neretvjanski district) ; Svitava village (Neretvjanski district)",Heavy rains,,No,No,No,,20490,Km2,43.5,18.18,"Bilecko lake, Trebisnjica river",2009,2,1,2009,2,16,,,2630,,2630,,,,,,,70.4088617569341,"[{""adm2_code"":6242,""adm2_name"":""Neretvljanski""},{""adm2_code"":6315,""adm2_name"":""Trebinje""}]",2010-01-13,2023-09-25
2009-0120-RUS,No,tec-tra-roa-roa,Technological,Transport,Road,Road,,,RUS,Russian Federation,Eastern Europe,Europe,Centre,,,No,No,No,,,,,,,2009,3,25,2009,3,25,25,4,,,4,,,,,,,70.4088617569341,,2012-03-15,2023-09-25
2009-0131-GBR,No,tec-tra-air-air,Technological,Transport,Air,Air,,Helicopter,GBR,United Kingdom of Great Britain and Northern Ireland,Northern Europe,Europe,Near Coast of Aberdeenshire county (Scotland),,,No,No,No,,,,,,,2009,4,1,2009,4,1,16,,,,,,,,,,,70.4088617569341,,2009-04-15,2023-09-25
2009-0136-ITA,No,nat-geo-ear-gro,Natural,Geophysical,Earthquake,Ground movement,GLIDE:EQ-2009-000072|USGS:usp000gvtu,,ITA,Italy,Southern Europe,Europe,"Aquila, Villa Sant'Angelo, Borgo di Castelnuovo Onna, Poggio Picenze, Tormintarte, Totani, Poggio di Roio, Massa d'Albe, Tempera, Paganica, Fossa towns (L'Aquila Province, Abruzzo region)",,"Slide (land, mud, snow, rock)",Yes,No,Yes,,6.3,Moment Magnitude,42.334,13.334,,2009,4,6,2009,4,6,300,2000,,70000,72000,,,260000,369272,2500000,3550689,70.4088617569341,"[{""adm2_code"":18318,""adm2_name"":""L'Aquila""}]",2010-08-16,2025-01-28
2009-0142-POL,No,tec-mis-fir-fir,Technological,Miscellaneous accident,Fire (Miscellaneous),Fire (Miscellaneous),,House for homeless,POL,Poland,Eastern Europe,Europe,Kamien Pomorski,,,No,No,No,,,,,,,2009,4,12,2009,4,13,22,20,,,20,,,,,,,70.4088617569341,,2009-04-16,2023-09-25
2009-0206-BGR,No,tec-tra-roa-roa,Technological,Transport,Road,Road,,,BGR,Bulgaria,Eastern Europe,Europe,Yambol,,,No,No,No,,,,,,,2009,5,28,2009,5,28,17,19,,,19,,,,,,,70.4088617569341,,2009-05-29,2023-09-25
2009-0215-UKR,No,tec-ind-gas-gas,Technological,Industrial accident,Gas leak,Gas leak,,Coal mine,UKR,Ukraine,Eastern Europe,Europe,Donetsk,,,No,No,No,,,m3,,,,2009,6,8,2009,6,8,13,,38,,38,,,,,,,70.4088617569341,,2009-06-10,2023-09-25
2009-0226-ITA,No,tec-tra-rai-rai,Technological,Transport,Rail,Rail,,,ITA,Italy,Southern Europe,Europe,Viareggio (Toscana),,,No,No,No,,,,,,,2009,6,29,2009,6,29,29,17,,100,117,,,,,,,70.4088617569341,,2010-03-19,2023-09-25
2009-0228-AUT,No,nat-hyd-flo-riv,Natural,Hydrological,Flood,Riverine flood,GLIDE:FL-2009-000121,,AUT,Austria,Western Europe,Europe,"Burgenland, Niederosterreich, Oberosterreich, Wien provinces",Heavy rains,"Slide (land, mud, snow, rock)",No,No,No,,12250,Km2,,,Danube,2009,6,22,2009,6,28,1,,,,,,,,,200000,284055,70.4088617569341,"[{""adm1_code"":478,""adm1_name"":""Burgenland""},{""adm1_code"":480,""adm1_name"":""Niederosterreich""},{""adm1_code"":481,""adm1_name"":""Oberosterreich""},{""adm1_code"":486,""adm1_name"":""Wien""}]",2010-01-15,2023-09-25
2009-0228-CZE,No,nat-hyd-flo-riv,Natural,Hydrological,Flood,Riverine flood,GLIDE:FL-2009-000121,,CZE,Czechia,Eastern Europe,Europe,"Opava, Bruntal, Novy Jicin, Frydek-Mistek, Ostrava-mesto, Karvina districts (Moravia-Silesia region, Severomoravsky province), Jesenik, Sumperk, Olomouc, Prostejov, Prerov districts (Olomouc region, Severomoravsky and Jihomoravsky provinces); South Bohemia region (Jihocesky province)",Heavy rain,,No,No,Yes,,,Km2,50.13,18.03,,2009,6,22,2009,6,28,13,,14450,,14450,,,,,150000,213041,70.4088617569341,"[{""adm1_code"":1030,""adm1_name"":""Jihocesky""},{""adm2_code"":14827,""adm2_name"":""Prostejov""},{""adm2_code"":14846,""adm2_name"":""Bruntal""},{""adm2_code"":14847,""adm2_name"":""Frydek-Mistek""},{""adm2_code"":14848,""adm2_name"":""Jesenik""},{""adm2_code"":14849,""adm2_name"":""Karvina""},{""adm2_code"":14850,""adm2_name"":""Novy Jicin""},{""adm2_code"":14851,""adm2_name"":""Olomouc""},{""adm2_code"":14852,""adm2_name"":""Opava""},{""adm2_code"":14853,""adm2_name"":""Ostrava-mesto""},{""adm2_code"":14854,""adm2_name"":""Prerov""},{""adm2_code"":14855,""adm2_name"":""Sumperk""}]",2010-02-24,2023-09-25
2009-0228-DEU,No,nat-hyd-flo-riv,Natural,Hydrological,Flood,Riverine flood,GLIDE:FL-2009-000121,,DEU,Germany,Western Europe,Europe,Oberbayern district (Bayern province),Heavy rains,,No,No,No,,,Km2,,,,2009,6,22,2009,6,26,,,,,,,,,,20000,28406,70.4088617569341,"[{""adm2_code"":16532,""adm2_name"":""Oberbayern""}]",2010-01-17,2023-09-25
2009-0228-POL,No,nat-hyd-flo-riv,Natural,Hydrological,Flood,Riverine flood,GLIDE:FL-2009-000121,,POL,Poland,Eastern Europe,Europe,"Kracow, Kracow I, Kracow II districts (Malopolske province) ; Dolnoslaskie, Opolskie, Slaskie provinces",Heavy rains,,No,No,No,,,Km2,,,,2009,6,22,2009,6,26,1,,150,,150,,,,,100000,142028,70.4088617569341,"[{""adm1_code"":2370,""adm1_name"":""Dolnoslaskie""},{""adm1_code"":2377,""adm1_name"":""Opolskie""},{""adm1_code"":2381,""adm1_name"":""Slaskie""},{""adm2_code"":24400,""adm2_name"":""Krakow""},{""adm2_code"":24401,""adm2_name"":""Krakow I""},{""adm2_code"":24402,""adm2_name"":""Krakow II""}]",2010-01-17,2023-09-25
2009-0228-ROU,No,nat-hyd-flo-riv,Natural,Hydrological,Flood,Riverine flood,GLIDE:FL-2009-000121,,ROU,Romania,Eastern Europe,Europe,"Bucuresti, Dolj, Giurgiu, Olt, Teleorman provinces",,Lightening,No,No,No,,,Km2,,,,2009,6,25,2009,6,25,,4,,,4,,,,,,,70.4088617569341,"[{""adm1_code"":2455,""adm1_name"":""Bucuresti""},{""adm1_code"":2463,""adm1_name"":""Dolj""},{""adm1_code"":2465,""adm1_name"":""Giurgiu""},{""adm1_code"":2475,""adm1_name"":""Olt""},{""adm1_code"":2481,""adm1_name"":""Teleorman""}]",2009-07-16,2023-09-25
2009-0268-BIH,No,nat-hyd-flo-riv,Natural,Hydrological,Flood,Riverine flood,GLIDE:FL-2009-000136-BIH,,BIH,Bosnia and Herzegovina,Southern Europe,Europe,"Kardaglije, Jablanica, Dobro poljie, Mekisn Bukva, Medakovo, Trepca, Novo Selo, Tesanjka, Tesanj villages (Tesanj municipality, Zenicko-dobojski district, Federacija Bosne I Hercegovine province)",Heavy rain,,No,No,Yes,,6061,Km2,44.87,17.48,"Tesanjka, Trebacka",2009,7,7,2009,7,15,,,1100,,1100,,,,,,,70.4088617569341,"[{""adm2_code"":6250,""adm2_name"":""Zenicko-dobojski""}]",2010-01-13,2023-09-25
2009-0271-ESP,No,nat-cli-wil-for,Natural,Climatological,Wildfire,Forest fire,,,ESP,Spain,Southern Europe,Europe,"Teruel district (Aragon province), Almeria district (Andalucia province), Horta de Sant Joan commune (Tarragona district, Cataluna/Catalunya province), Trevino area (Burgos district, Castilla y Leon province), Cuenca district (Castilla-La Mancha province)",,Heat wave|Storm,No,No,No,,170,Km2,,,,2009,7,20,2009,7,24,6,,,,,,,,,,,70.4088617569341,"[{""adm2_code"":25776,""adm2_name"":""Almería""},{""adm2_code"":25785,""adm2_name"":""Teruel""},{""adm2_code"":25793,""adm2_name"":""Burgos""},{""adm2_code"":25803,""adm2_name"":""Cuenca""},{""adm2_code"":25809,""adm2_name"":""Tarragona""}]",2010-03-07,2023-09-25
2009-0271-FRA,No,nat-cli-wil-for,Natural,Climatological,Wildfire,Forest fire,,,FRA,France,Western Europe,Europe,"Corse province, Marseille city (Bouches-du-Rhone district, Provence-Alpes-Cote-d'Azur province)",,,No,No,No,,,Km2,,,,2009,7,,2009,7,,,,,,,,,,,,,70.4088617569341,"[{""adm1_code"":1256,""adm1_name"":""Corse""},{""adm2_code"":16322,""adm2_name"":""Bouches-du-Rhone""}]",2009-08-06,2023-09-25
2009-0271-GRC,No,nat-cli-wil-for,Natural,Climatological,Wildfire,Forest fire,,,GRC,Greece,Southern Europe,Europe,"Zakynthou district (Ionioi Nisoi province), Peloponnisos province, Evvoias district (Sterea Ellada province)",,,No,No,No,,,Km2,,,,2009,7,,2009,7,,,,,,,,,,,,,70.4088617569341,"[{""adm1_code"":1345,""adm1_name"":""Peloponnisos""},{""adm2_code"":16691,""adm2_name"":""Zakynthou""},{""adm2_code"":16716,""adm2_name"":""Evvoias""}]",2009-08-06,2023-09-25
2009-0271-ITA,No,nat-cli-wil-for,Natural,Climatological,Wildfire,Forest fire,,,ITA,Italy,Southern Europe,Europe,"Sardegna, Sicilia provinces",,,No,No,No,,,Km2,,,,2009,7,20,2009,7,27,2,,,,,,,,,115000,163332,70.4088617569341,"[{""adm1_code"":1629,""adm1_name"":""Sardegna""},{""adm1_code"":1630,""adm1_name"":""Sicilia""}]",2010-03-07,2023-09-25
2009-0272-RUS,No,tec-tra-roa-roa,Technological,Transport,Road,Road,,,RUS,Russian Federation,Eastern Europe,Europe,Near Rostov,,,No,No,No,,,,,,,2009,7,24,2009,7,24,25,10,,,10,,,,,,,70.4088617569341,,2009-07-27,2023-09-25
2009-0273-AUT,No,nat-met-sto-lig,Natural,Meteorological,Storm,Lightning/Thunderstorms,,,AUT,Austria,Western Europe,Europe,"Kufstein district (Tirol province), Braunau am Inn, Voecklabruck, Wels districts (Oberosterreich province), Tulln district (Niederosterreich province), Wien district (Wien province)",,Flood|Hail,No,No,No,,,Kph,,,,2009,7,23,2009,7,24,,,,,,,,,,500000,710138,70.4088617569341,"[{""adm2_code"":5610,""adm2_name"":""Tulln""},{""adm2_code"":5618,""adm2_name"":""Braunau am Inn""},{""adm2_code"":5633,""adm2_name"":""Vocklabruck""},{""adm2_code"":5634,""adm2_name"":""Wels""},{""adm2_code"":5663,""adm2_name"":""Kufstein""},{""adm2_code"":5672,""adm2_name"":""Wien""}]",2010-01-15,2023-09-25
2009-0273-CHE,No,nat-met-sto-lig,Natural,Meteorological,Storm,Lightning/Thunderstorms,,,CHE,Switzerland,Western Europe,Europe,"Bern, Vaud, Fribourg, Luzern, Nidwalden provinces",,Hail,No,No,No,,,Kph,,,,2009,7,23,2009,7,24,,,,,,,,,,1000000,1420276,70.4088617569341,"[{""adm1_code"":2812,""adm1_name"":""Bern""},{""adm1_code"":2813,""adm1_name"":""Fribourg""},{""adm1_code"":2818,""adm1_name"":""Luzern""},{""adm1_code"":2820,""adm1_name"":""Nidwalden""},{""adm1_code"":2830,""adm1_name"":""Vaud""}]",2009-08-06,2023-09-25
2009-0273-CZE,No,nat-met-sto-lig,Natural,Meteorological,Storm,Lightning/Thunderstorms,,,CZE,Czechia,Eastern Europe,Europe,"Hradek nad Nisou city (Liberec district, Severocesky province)",,,No,No,No,,,Kph,,,,2009,7,23,2009,7,24,2,12,,,12,,,,,,,70.4088617569341,"[{""adm2_code"":14840,""adm2_name"":""Liberec""}]",2009-08-06,2023-09-25
2009-0273-DEU,No,nat-met-sto-lig,Natural,Meteorological,Storm,Lightning/Thunderstorms,,,DEU,Germany,Western Europe,Europe,"Baden-Wuerttemberg, Bayern, Berlin, Brandenburg, Mecklenburg-Vorpommern, Sachsen-Anhalt, Thueringen provinces",,,No,No,No,,,Kph,,,,2009,7,23,2009,7,24,1,,,,,,,,,50000,71014,70.4088617569341,"[{""adm1_code"":1308,""adm1_name"":""Baden-Wuerttemberg""},{""adm1_code"":1309,""adm1_name"":""Bayern""},{""adm1_code"":1310,""adm1_name"":""Berlin""},{""adm1_code"":1311,""adm1_name"":""Brandenburg""},{""adm1_code"":1315,""adm1_name"":""Mecklenburg-Vorpommern""},{""adm1_code"":1321,""adm1_name"":""Sachsen-Anhalt""},{""adm1_code"":1323,""adm1_name"":""Thueringen""}]",2009-08-06,2023-09-25
2009-0273-POL,No,nat-met-sto-lig,Natural,Meteorological,Storm,Lightning/Thunderstorms,,,POL,Poland,Eastern Europe,Europe,"Chojnice district (Pomorskie province), Krotoszyn, Poznan districts (Wielkopolskie province), Wroclaw district (Dolnoslaskie province), Lodz district (Lodzkie province)",,,No,No,No,,130,Kph,,,,2009,7,23,2009,7,24,8,82,,,82,,,,,,,70.4088617569341,"[{""adm2_code"":24306,""adm2_name"":""Wroclaw""},{""adm2_code"":24307,""adm2_name"":""Wroclaw I""},{""adm2_code"":24339,""adm2_name"":""Lodz""},{""adm2_code"":24340,""adm2_name"":""Lodz I""},{""adm2_code"":24514,""adm2_name"":""Chojnice""},{""adm2_code"":24615,""adm2_name"":""Krotoszyn""},{""adm2_code"":24625,""adm2_name"":""Poznan""},{""adm2_code"":24626,""adm2_name"":""Poznan I""}]",2010-01-17,2023-09-25
2009-0279-AUT,No,nat-hyd-flo-riv,Natural,Hydrological,Flood,Riverine flood,,,AUT,Austria,Western Europe,Europe,Graz district (Steiermark province),Heavy rains,,No,No,Yes,,2765,Km2,47.4,15.71,,2009,7,16,2009,7,19,,,,,,,,,,,,70.4088617569341,"[{""adm2_code"":5647,""adm2_name"":""Graz""}]",2010-01-13,2023-09-25
2009-0317-SVK,No,tec-ind-exp-exp,Technological,Industrial accident,Explosion (Industrial),Explosion (Industrial),,Mine,SVK,Slovakia,Eastern Europe,Europe,Handlova (Banska Bystrica),,,No,No,No,,,m3,,,,2009,8,10,2009,8,10,20,,,,,,,,,,,70.4088617569341,,2009-08-13,2023-09-25
2009-0325-ROU,No,tec-tra-rai-rai,Technological,Transport,Rail,Rail,,,ROU,Romania,Eastern Europe,Europe,Near Lasi,,,No,No,No,,,,,,,2009,8,13,2009,8,13,13,3,,,3,,,,,,,70.4088617569341,,2009-09-07,2023-09-25
2009-0330-RUS,No,tec-ind-col-col,Technological,Industrial accident,Collapse (Industrial),Collapse (Industrial),,Sayano-Shushenskaya Hydro-electric power plant,RUS,Russian Federation,Eastern Europe,Europe,Khakassia region (Siberia),,,No,No,No,,,m3,,,,2009,8,17,2009,8,17,75,14,,,14,,,,,1320000,1874764,70.4088617569341,,2010-03-19,2023-09-25
2009-0345-GRC,No,nat-cli-wil-for,Natural,Climatological,Wildfire,Forest fire,,,GRC,Greece,Southern Europe,Europe,"Marathonas area (Attikis district, Attiki province)",,,No,No,No,,,Km2,,,,2009,8,21,2009,8,25,,,715,325,1040,,,,,,,70.4088617569341,"[{""adm2_code"":16680,""adm2_name"":""Attikis""}]",2010-02-17,2023-09-25
2009-0366-ALB,No,nat-geo-ear-gro,Natural,Geophysical,Earthquake,Ground movement,USGS:usp000h19n,,ALB,Albania,Southern Europe,Europe,Peshkopi district,,,No,No,No,,5.5,Moment Magnitude,41.483,20.388,,2009,9,7,2009,9,7,,,,150,150,,,,,,,70.4088617569341,"[{""adm2_code"":3813,""adm2_name"":""Peshkopi""}]",2009-09-23,2023-09-25
2009-0401-POL,No,tec-ind-exp-exp,Technological,Industrial accident,Explosion (Industrial),Explosion (Industrial),,Coal mine,POL,Poland,Eastern Europe,Europe,"Wujek-Slask (Ruda Slaska, Silesia)",,,No,No,No,,,m3,,,,2009,9,18,2009,9,18,20,22,,,22,,,,,,,70.4088617569341,,2009-10-15,2023-09-25
2009-0410-MKD,No,tec-tra-wat-wat,Technological,Transport,Water,Water,,,MKD,North Macedonia,Southern Europe,Europe,Ohrid lake,,,No,No,No,,,,,,,2009,9,5,2009,9,5,15,,38,,38,,,,,,,70.4088617569341,,2009-10-18,2023-09-25
2009-0428-ITA,No,nat-hyd-flo-riv,Natural,Hydrological,Flood,Riverine flood,GLIDE:FL-2009-000216,,ITA,Italy,Southern Europe,Europe,"Giampilieri, Taormina, Scaletta Zanclea, Molino towns (Messina district, Sicilia town)",Heavy rains,"Slide (land, mud, snow, rock)",No,No,Yes,,1227,Km2,38.11,15.73,,2009,10,1,2009,10,6,35,140,,5000,5140,,,,,20000,28406,70.4088617569341,"[{""adm2_code"":18394,""adm2_name"":""Messina""}]",2010-07-02,2023-09-25
2009-0459-RUS,No,tec-tra-air-air,Technological,Transport,Air,Air,,Iliouchine-76,RUS,Russian Federation,Eastern Europe,Europe,Near Mirny (Iakoutie),,,No,No,No,,,,,,,2009,11,1,2009,11,1,11,,,,,,,,,,,70.4088617569341,,2009-12-03,2023-09-25
2009-0475-RUS,No,tec-tra-air-air,Technological,Transport,Air,Air,,Tupolev-142,RUS,Russian Federation,Eastern Europe,Europe,Khabarovsk region,,,No,No,No,,,,,,,2009,11,6,2009,11,6,10,,,,,,,,,,,70.4088617569341,,2009-12-15,2023-09-25
2009-0496-RUS,No,tec-mis-exp-exp,Technological,Miscellaneous accident,Explosion (Miscellaneous),Explosion (Miscellaneous),,Military depot,RUS,Russian Federation,Eastern Europe,Europe,Oulianovsk,,,No,No,No,,,,,,,2009,11,13,2009,11,13,35,,,,,,,,,,,70.4088617569341,,2009-12-15,2023-09-25
2009-0497-GBR,No,nat-hyd-flo-riv,Natural,Hydrological,Flood,Riverine flood,,,GBR,United Kingdom of Great Britain and Northern Ireland,Northern Europe,Europe,"Cockermouth, Keswick, Workington, Burneside, Kendal (Cumbria district, England province)",Heavy rains,,No,No,No,,106600,Km2,54,-1.66,,2009,11,19,2009,11,22,3,,3900,,3900,,,333000,472952,484000,687413,70.4088617569341,"[{""adm2_code"":40102,""adm2_name"":""Cumbria""}]",2009-12-03,2023-09-25
2009-0497-IRL,No,nat-hyd-flo-riv,Natural,Hydrological,Flood,Riverine flood,,,IRL,Ireland,Northern Europe,Europe,"Cork, Galway, Tipperary, Kilkenny, Carlow, Kerry, Leitrim, Clare, Sligo, Waterford provinces",Heavy rains,,No,No,No,,,Km2,,,,2009,11,18,2009,11,20,,,,,,,,,,,,70.4088617569341,"[{""adm1_code"":1582,""adm1_name"":""Carlow""},{""adm1_code"":1584,""adm1_name"":""Clare""},{""adm1_code"":1585,""adm1_name"":""Cork""},{""adm1_code"":1588,""adm1_name"":""Galway""},{""adm1_code"":1589,""adm1_name"":""Kerry""},{""adm1_code"":1591,""adm1_name"":""Kilkenny""},{""adm1_code"":1593,""adm1_name"":""Leitrim""},{""adm1_code"":1603,""adm1_name"":""Sligo""},{""adm1_code"":1604,""adm1_name"":""Tipperary""},{""adm1_code"":1605,""adm1_name"":""Waterford""}]",2009-12-03,2023-09-25
2009-0506-GBR,No,nat-met-sto-sev,Natural,Meteorological,Storm,Severe weather,,,GBR,United Kingdom of Great Britain and Northern Ireland,Northern Europe,Europe,"Dorsetshire, Hampshire, Isle of Wight, Kent districts (England province)",,Flood,No,No,No,,160,Kph,,,,2009,11,13,2009,12,4,2,,180,,180,,,,,,,70.4088617569341,"[{""adm2_code"":40105,""adm2_name"":""Dorsetshire""},{""adm2_code"":40112,""adm2_name"":""Hampshire""},{""adm2_code"":40116,""adm2_name"":""Isle of Wight""},{""adm2_code"":40117,""adm2_name"":""Kent""}]",2010-01-12,2023-09-25
2009-0530-SRB,No,nat-hyd-flo-riv,Natural,Hydrological,Flood,Riverine flood,GLIDE:FL-2009-000245,,SRB,Serbia,Southern Europe,Europe,"Nova Varos, Priboj, Sjenica, Pozega, Arilje, Uzice, Prijepolje municipalities (Zlatiborski province), Cacak, Gornji Milanovac, Lucani municipalities (Moravicki province), Bujanovac municipality (Pcinjski province), Raska municipality (Raski province)",Heavy rains,"Slide (land, mud, snow, rock)",No,No,No,,,Km2,,,"Detinja, Moravica, Zapadna Morava",2009,11,6,2009,11,7,,,3210,,3210,,,,,,,70.4088617569341,"[{""adm1_code"":25382,""adm1_name"":""Moravicki""},{""adm1_code"":25384,""adm1_name"":""Pcinjski""},{""adm1_code"":25391,""adm1_name"":""Raski""},{""adm1_code"":25400,""adm1_name"":""Zlatiborski""}]",2010-01-13,2023-09-25
2009-0534-RUS,No,tec-mis-fir-fir,Technological,Miscellaneous accident,Fire (Miscellaneous),Fire (Miscellaneous),,Nighclub,RUS,Russian Federation,Eastern Europe,Europe,Perm (Oural),,,No,No,No,,,,,,,2009,12,4,2009,12,5,146,86,,,86,,,,,,,70.4088617569341,,2009-12-09,2023-09-25
2009-0571-AUT,No,nat-met-ext-col,Natural,Meteorological,Extreme temperature,Cold wave,,,AUT,Austria,Western Europe,Europe,Steiermark province,,,No,No,No,,,°C,,,,2009,12,18,2009,12,19,2,,,,,,,,,,,70.4088617569341,"[{""adm1_code"":483,""adm1_name"":""Steiermark""}]",2010-01-05,2023-09-25
2009-0571-DEU,No,nat-met-ext-col,Natural,Meteorological,Extreme temperature,Cold wave,,,DEU,Germany,Western Europe,Europe,"Bayern, Berlin, Hamburg provinces, Leipzig district (Sachsen province), Hanover city (no Admin 2, Niedersachsen province), Gruenow city (no admin 2, Brandenburg province)",,,No,No,No,,-33.6,°C,,,,2009,12,18,2010,1,25,14,,,,,,,,,,,70.4088617569341,"[{""adm1_code"":1309,""adm1_name"":""Bayern""},{""adm1_code"":1310,""adm1_name"":""Berlin""},{""adm1_code"":1311,""adm1_name"":""Brandenburg""},{""adm1_code"":1313,""adm1_name"":""Hamburg""},{""adm1_code"":1316,""adm1_name"":""Niedersachsen""},{""adm2_code"":16561,""adm2_name"":""Leipzig""}]",2010-02-04,2023-09-25
2009-0571-FRA,No,nat-met-ext-col,Natural,Meteorological,Extreme temperature,Cold wave,,,FRA,France,Western Europe,Europe,"Alsace, Aquitaine, Auvergne, Basse-Normandie, Bourgogne, Bretagne, Centre, Champagne-Ardenne, Corse, Franche-Comte, Haute-Normandie, Ile-de-France, Languedoc-Rousillon, Limousin, Lorraine, Midi-Pyrenees, Nord-Pas-de-Calais, Pays-de-la-Loire, Picardie, Poitou-Charentes, Provence-Alpes-Cote-d'Azur, Rhone-Alpes provinces",,,No,No,No,,-24,°C,,,,2009,12,18,2009,12,19,2,,,,,,,,,,,70.4088617569341,"[{""adm1_code"":1248,""adm1_name"":""Alsace""},{""adm1_code"":1249,""adm1_name"":""Aquitaine""},{""adm1_code"":1250,""adm1_name"":""Auvergne""},{""adm1_code"":1251,""adm1_name"":""Basse-Normandie""},{""adm1_code"":1252,""adm1_name"":""Bourgogne""},{""adm1_code"":1253,""adm1_name"":""Bretagne""},{""adm1_code"":1254,""adm1_name"":""Centre""},{""adm1_code"":1255,""adm1_name"":""Champagne-Ardenne""},{""adm1_code"":1256,""adm1_name"":""Corse""},{""adm1_code"":1257,""adm1_name"":""Franche-Comte""},{""adm1_code"":1258,""adm1_name"":""Haute-Normandie""},{""adm1_code"":1259,""adm1_name"":""Ile-de-France""},{""adm1_code"":1260,""adm1_name"":""Languedoc-Rousillon""},{""adm1_code"":1262,""adm1_name"":""Limousin""},{""adm1_code"":1263,""adm1_name"":""Lorraine""},{""adm1_code"":1264,""adm1_name"":""Midi-Pyrenees""},{""adm1_code"":1265,""adm1_name"":""Nord-Pas-de-Calais""},{""adm1_code"":1266,""adm1_name"":""Pays-de-la-Loire""},{""adm1_code"":1267,""adm1_name"":""Picardie""},{""adm1_code"":1268,""adm1_name"":""Poitou-Charentes""},{""adm1_code"":1269,""adm1_name"":""Provence-Alpes-Cote-d'Azur""},{""adm1_code"":1270,""adm1_name"":""Rhone-Alpes""}]",2009-12-21,2023-09-25
2009-0571-GBR,No,nat-met-ext-col,Natural,Meteorological,Extreme temperature,Cold wave,,,GBR,United Kingdom of Great Britain and Northern Ireland,Northern Europe,Europe,"Penzance area (Cornwall district, England province), Cumbria, Greater London, Greater Manchest, Kent districts (England province), Strathclyde, Lothian, Grampian districts (Scotland province)",,,No,No,No,,,°C,,,,2009,12,19,2009,12,23,3,47,,,47,,,,,,,70.4088617569341,"[{""adm2_code"":40101,""adm2_name"":""Cornwall""},{""adm2_code"":40102,""adm2_name"":""Cumbria""},{""adm2_code"":40110,""adm2_name"":""Greater London""},{""adm2_code"":40111,""adm2_name"":""Greater Manchest""},{""adm2_code"":40117,""adm2_name"":""Kent""},{""adm2_code"":40171,""adm2_name"":""Grampian""},{""adm2_code"":40173,""adm2_name"":""Lothian""},{""adm2_code"":40176,""adm2_name"":""Strathclyde""}]",2010-01-05,2023-09-25
2009-0571-ITA,No,nat-met-ext-col,Natural,Meteorological,Extreme temperature,Cold wave,,,ITA,Italy,Southern Europe,Europe,"Veneto province, Milano district (Lombardia province), Friuli-venezia Giulia province",,,No,No,No,,-16,°C,,,,2009,12,21,2009,12,21,,,,,,,,,,,,70.4088617569341,"[{""adm1_code"":1621,""adm1_name"":""Friuli-venezia Giulia""},{""adm1_code"":1635,""adm1_name"":""Veneto""},{""adm2_code"":18363,""adm2_name"":""Milano""}]",2010-01-05,2023-09-25
2009-0571-POL,No,nat-met-ext-col,Natural,Meteorological,Extreme temperature,Cold wave,,,POL,Poland,Eastern Europe,Europe,"Dolnoslaskie, Kujawsko-Pomorskie, Lodzkie, Lubeiskie, Lubuskie, Malopolske, Mazowieckie, Opolskie, Podkarpackie, Podlaskie, Pomorskie, Slaskie, Swietokrzyskie, Warminsko-Mazurskie, Wielkopolskie, Zachodnio-Pomorskie provinces",,,No,No,No,,-35,°C,,,,2009,11,1,2010,1,26,298,,,,,,,,,,,70.4088617569341,"[{""adm1_code"":2370,""adm1_name"":""Dolnoslaskie""},{""adm1_code"":2371,""adm1_name"":""Kujawsko-Pomorskie""},{""adm1_code"":2372,""adm1_name"":""Lodzkie""},{""adm1_code"":2373,""adm1_name"":""Lubeiskie""},{""adm1_code"":2374,""adm1_name"":""Lubuskie""},{""adm1_code"":2375,""adm1_name"":""Malopolske""},{""adm1_code"":2376,""adm1_name"":""Mazowieckie""},{""adm1_code"":2377,""adm1_name"":""Opolskie""},{""adm1_code"":2378,""adm1_name"":""Podkarpackie""},{""adm1_code"":2379,""adm1_name"":""Podlaskie""},{""adm1_code"":2380,""adm1_name"":""Pomorskie""},{""adm1_code"":2381,""adm1_name"":""Slaskie""},{""adm1_code"":2382,""adm1_name"":""Swietokrzyskie""},{""adm1_code"":2383,""adm1_name"":""Warminsko-Mazurskie""},{""adm1_code"":2384,""adm1_name"":""Wielkopolskie""},{""adm1_code"":2385,""adm1_name"":""Zachodnio-Pomorskie""}]",2011-03-07,2023-09-25
2009-0571-ROU,No,nat-met-ext-col,Natural,Meteorological,Extreme temperature,Cold wave,,,ROU,Romania,Eastern Europe,Europe,"Alba, Arad, Arges, Bacau, Bihor, Bistrita-nasaud, Botosani, Braila, Brasov, Bucuresti, Buzau, Calarasi, Caras-severin, Cluj, Constanta, Covasna, Dimbovita, Dolj, Galati, Giurgiu, Gorj, Harghita, Hunedoara, Ialomita, Iasi, Maramures, Mehedinti, Mures, Neamt, Olt, Prahova, Salaj, Satu Mare, Sibiu, Suceava, Teleorman, Timis, Tulcea, Vaslui, Vilcea, Vrancea provinces",,,No,No,No,,-20,°C,,,,2009,12,20,2009,12,23,11,,,,,,,,,,,70.4088617569341,"[{""adm1_code"":2446,""adm1_name"":""Alba""},{""adm1_code"":2447,""adm1_name"":""Arad""},{""adm1_code"":2448,""adm1_name"":""Arges""},{""adm1_code"":2449,""adm1_name"":""Bacau""},{""adm1_code"":2450,""adm1_name"":""Bihor""},{""adm1_code"":2451,""adm1_name"":""Bistrita-nasaud""},{""adm1_code"":2452,""adm1_name"":""Botosani""},{""adm1_code"":2453,""adm1_name"":""Braila""},{""adm1_code"":2454,""adm1_name"":""Brasov""},{""adm1_code"":2455,""adm1_name"":""Bucuresti""},{""adm1_code"":2456,""adm1_name"":""Buzau""},{""adm1_code"":2457,""adm1_name"":""Calarasi""},{""adm1_code"":2458,""adm1_name"":""Caras-severin""},{""adm1_code"":2459,""adm1_name"":""Cluj""},{""adm1_code"":2460,""adm1_name"":""Constanta""},{""adm1_code"":2461,""adm1_name"":""Covasna""},{""adm1_code"":2462,""adm1_name"":""Dimbovita""},{""adm1_code"":2463,""adm1_name"":""Dolj""},{""adm1_code"":2464,""adm1_name"":""Galati""},{""adm1_code"":2465,""adm1_name"":""Giurgiu""},{""adm1_code"":2466,""adm1_name"":""Gorj""},{""adm1_code"":2467,""adm1_name"":""Harghita""},{""adm1_code"":2468,""adm1_name"":""Hunedoara""},{""adm1_code"":2469,""adm1_name"":""Ialomita""},{""adm1_code"":2470,""adm1_name"":""Iasi""},{""adm1_code"":2471,""adm1_name"":""Maramures""},{""adm1_code"":2472,""adm1_name"":""Mehedinti""},{""adm1_code"":2473,""adm1_name"":""Mures""},{""adm1_code"":2474,""adm1_name"":""Neamt""},{""adm1_code"":2475,""adm1_name"":""Olt""},{""adm1_code"":2476,""adm1_name"":""Prahova""},{""adm1_code"":2477,""adm1_name"":""Salaj""},{""adm1_code"":2478,""adm1_name"":""Satu Mare""},{""adm1_code"":2479,""adm1_name"":""Sibiu""},{""adm1_code"":2480,""adm1_name"":""Suceava""},{""adm1_code"":2481,""adm1_name"":""Teleorman""},{""adm1_code"":2482,""adm1_name"":""Timis""},{""adm1_code"":2483,""adm1_name"":""Tulcea""},{""adm1_code"":2484,""adm1_name"":""Vaslui""},{""adm1_code"":2485,""adm1_name"":""Vilcea""},{""adm1_code"":2486,""adm1_name"":""Vrancea""}]",2009-12-23,2023-09-25
2009-0571-UKR,No,nat-met-ext-col,Natural,Meteorological,Extreme temperature,Cold wave,,,UKR,Ukraine,Eastern Europe,Europe,"Dones'tka, Krym provinces",,,No,No,No,,-15,°C,,,,2009,12,21,2009,12,21,27,,,,,,,,,,,70.4088617569341,"[{""adm1_code"":3152,""adm1_name"":""Donets'ka""},{""adm1_code"":3158,""adm1_name"":""Krym""}]",2009-12-21,2023-09-25
2009-0607-MNE,No,nat-hyd-flo-riv,Natural,Hydrological,Flood,Riverine flood,GLIDE:FL-2009-000267,,MNE,Montenegro,Southern Europe,Europe,"Golubovci municipality (Podgorica province) ; Bar, Cetinje, Danilovgrad, Niksici, Ulcinj provinces",Heavy and constant rain,,No,No,No,,,Km2,,,Bojana river,2009,12,25,2010,1,10,,,450,,450,,,,,,,70.4088617569341,"[{""adm1_code"":25351,""adm1_name"":""Bar""},{""adm1_code"":25355,""adm1_name"":""Cetinje""},{""adm1_code"":25356,""adm1_name"":""Danilovgrad""},{""adm1_code"":25361,""adm1_name"":""Niksic""},{""adm1_code"":25365,""adm1_name"":""Podgorica""},{""adm1_code"":25369,""adm1_name"":""Ulcinj""}]",2010-01-13,2023-09-25
2009-0629-GRC,No,tec-tra-wat-wat,Technological,Transport,Water,Water,,,GRC,Greece,Southern Europe,Europe,Near Alexandroupolis,,,No,No,No,,,,,,,2009,12,31,2009,12,31,12,,,,,,,,,,,70.4088617569341,,2010-02-01,2023-09-25
2009-0631-ALB,No,nat-hyd-flo-riv,Natural,Hydrological,Flood,Riverine flood,GLIDE:FL-2009-000266,,ALB,Albania,Southern Europe,Europe,"Qender district (Malesi E Madhe province), Rrethinat, Shkoder, Ana E Malit, Dajc, Bushat, Velipoje, Berdice, Guri I Zi, Hajmel, Vau Dejes, Vig Mnelle districts (Shkoder province), Shengjin district (Lezhe province)","Heavy rains, melting snow",,Yes,No,Yes,326,,Km2,,,Drini river,2009,12,27,2010,1,8,,,6600,,6600,,,,,,,70.4088617569341,"[{""adm2_code"":3963,""adm2_name"":""Shengjin""},{""adm2_code"":3998,""adm2_name"":""Qender""},{""adm2_code"":4071,""adm2_name"":""Ana E Malit""},{""adm2_code"":4073,""adm2_name"":""Berdice""},{""adm2_code"":4074,""adm2_name"":""Bushat""},{""adm2_code"":4075,""adm2_name"":""Dajc""},{""adm2_code"":4076,""adm2_name"":""Guri I Zi""},{""adm2_code"":4077,""adm2_name"":""Hajmel""},{""adm2_code"":4080,""adm2_name"":""Rrethinat""},{""adm2_code"":4082,""adm2_name"":""Shkoder""},{""adm2_code"":4086,""adm2_name"":""Vau Dejes""},{""adm2_code"":4087,""adm2_name"":""Velipoje""},{""adm2_code"":4088,""adm2_name"":""Vig Mnelle""}]",2014-07-28,2023-09-25
2010-0030-UKR,No,tec-mis-exp-exp,Technological,Miscellaneous accident,Explosion (Miscellaneous),Explosion (Miscellaneous),,Hospital,UKR,Ukraine,Eastern Europe,Europe,Lougansk,,,No,No,No,,,,,,,2010,1,18,2010,1,18,16,,,,,,,,,,,71.5635955751889,,2010-02-03,2023-09-25
2010-0039-BEL,No,tec-mis-exp-exp,Technological,Miscellaneous accident,Explosion (Miscellaneous),Explosion (Miscellaneous),,House/building,BEL,Belgium,Western Europe,Europe,Liege,,,No,No,No,,,,,,,2010,1,27,2010,1,27,14,21,,,21,,,,,,,71.5635955751889,,2010-02-04,2023-09-25
2010-0050-BGR,No,nat-met-ext-col,Natural,Meteorological,Extreme temperature,Cold wave,,,BGR,Bulgaria,Eastern Europe,Europe,"Sofia, Sofia-city, Shumen provinces, Valtchi Dol district (Varna province), Glavinitca district (Silistra province), Tran district (Pernik province), Knezha district (Vratca province), Sevlievo district (Gabrovo province)",,,No,No,No,,-38.3,°C,,,,2010,1,,2010,1,,3,,,,,,,,,,,71.5635955751889,"[{""adm1_code"":718,""adm1_name"":""Shumen""},{""adm1_code"":722,""adm1_name"":""Sofia""},{""adm1_code"":723,""adm1_name"":""Sofia-city""},{""adm2_code"":11886,""adm2_name"":""Sevlievo""},{""adm2_code"":11954,""adm2_name"":""Tran""},{""adm2_code"":12009,""adm2_name"":""Glavinitca""},{""adm2_code"":12076,""adm2_name"":""Valchi Dol""},{""adm2_code"":12103,""adm2_name"":""Knezha""}]",2010-02-10,2025-03-17
2010-0050-ROU,No,nat-met-ext-col,Natural,Meteorological,Extreme temperature,Cold wave,,,ROU,Romania,Eastern Europe,Europe,"Bucuresti, Alba, Arges, Bacau, Bistrita-nasaud, Satu Mare, Prahova, Botosani provinces",,,No,No,No,,-34,°C,,,,2010,1,22,2010,1,26,52,,,,,,,,,,,71.5635955751889,"[{""adm1_code"":2446,""adm1_name"":""Alba""},{""adm1_code"":2448,""adm1_name"":""Arges""},{""adm1_code"":2449,""adm1_name"":""Bacau""},{""adm1_code"":2451,""adm1_name"":""Bistrita-nasaud""},{""adm1_code"":2452,""adm1_name"":""Botosani""},{""adm1_code"":2455,""adm1_name"":""Bucuresti""},{""adm1_code"":2476,""adm1_name"":""Prahova""},{""adm1_code"":2478,""adm1_name"":""Satu Mare""}]",2010-02-10,2025-03-17
2010-0050-RUS,No,nat-met-ext-col,Natural,Meteorological,Extreme temperature,Cold wave,,,RUS,Russian Federation,Eastern Europe,Europe,"Moskva, Moskovskaya Oblast, Sankt-peterburg, Leningradskaya Oblast, Orlovskaya Oblast, Chuvashiya Rep. provinces",,,No,No,No,,-30,°C,,,,2010,1,1,2010,1,26,13,,,,,,,,,,,71.5635955751889,"[{""adm1_code"":2529,""adm1_name"":""Leningradskaya Oblast""},{""adm1_code"":2534,""adm1_name"":""Moskovskaya Oblast""},{""adm1_code"":2535,""adm1_name"":""Moskva""},{""adm1_code"":2544,""adm1_name"":""Orlovskaya Oblast""},{""adm1_code"":2554,""adm1_name"":""Sankt-peterburg""}]",2010-02-04,2025-03-17
2010-0050-SRB,No,nat-met-ext-col,Natural,Meteorological,Extreme temperature,Cold wave,,,SRB,Serbia,Southern Europe,Europe,"Zacejar city (Zajecarski province), Valjevo city (Kolubarski province)",,,No,No,No,,-18,°C,,,,2010,1,28,2010,1,28,3,,,,,,,,,,,71.5635955751889,"[{""adm1_code"":25377,""adm1_name"":""Kolubarski""},{""adm1_code"":25398,""adm1_name"":""Zajecarski""}]",2010-02-04,2025-03-17
2010-0062-BEL,No,tec-tra-rai-rai,Technological,Transport,Rail,Rail,,,BEL,Belgium,Western Europe,Europe,Buizingen (Near Hal),,,No,No,No,,,,,,,2010,2,15,2010,2,15,18,171,,,171,,,,,,,71.5635955751889,,2010-02-16,2023-09-25
2010-0068-PRT,No,nat-hyd-flo-riv,Natural,Hydrological,Flood,Riverine flood,,,PRT,Portugal,Southern Europe,Europe,Funchal district (Ilha Da Madera province),Torrential rain,"Rain|Slide (land, mud, snow, rock)",Yes,No,No,50,483,Km2,32.76,-16.97,,2010,2,20,2010,2,21,43,18,600,,618,1440751,2013246,70000,97815,1350000,1886434,71.5635955751889,"[{""adm2_code"":24789,""adm2_name"":""Funchal""}]",2014-07-28,2023-09-25
2010-0088-BEL,No,nat-met-sto-ext,Natural,Meteorological,Storm,Extra-tropical storm,,Xynthia,BEL,Belgium,Western Europe,Europe,"Jodoigne city (Brabant wallon district, Region wallonne province) ; Region de Bruxelles-Capitale, Vlaams Gewest, Region walonne provinces",,,No,No,No,,,Kph,,,,2010,2,28,2010,2,28,1,,,,,,,80000,111789,160000,223577,71.5635955751889,"[{""adm1_code"":600,""adm1_name"":""Region de Bruxelles-Capitale / Brussels Hoofdstedelijk Gewes""},{""adm1_code"":601,""adm1_name"":""Vlaams Gewest""},{""adm1_code"":602,""adm1_name"":""Region wallonne""}]",2011-01-04,2023-09-25
2010-0088-CHE,No,nat-met-sto-ext,Natural,Meteorological,Storm,Extra-tropical storm,,Xynthia,CHE,Switzerland,Western Europe,Europe,"Aargau, Appenzell Ausser-rhoden, Appenzell Inner-rhoden, Basel-landschaft, Basel-stadt, Bern, Fribourg, Geneve, Glarus, Graubunden, Jura, Luzern, Neuchatel, Nidwalden, Obwalden, Sankt Gallen, Schaffhausen, Schwyz, Solothurn, Thurgau, Ticino, Uri, Valais, Vaud, Zug, Zurich provinces",,,No,No,No,,,Kph,,,,2010,2,28,2010,2,28,,,,,,,,9000,12576,14000,19563,71.5635955751889,"[{""adm1_code"":2807,""adm1_name"":""Aargau""},{""adm1_code"":2808,""adm1_name"":""Appenzell Ausser-rhoden""},{""adm1_code"":2809,""adm1_name"":""Appenzell Inner-rhoden""},{""adm1_code"":2810,""adm1_name"":""Basel-landschaft""},{""adm1_code"":2811,""adm1_name"":""Basel-stadt""},{""adm1_code"":2812,""adm1_name"":""Bern""},{""adm1_code"":2813,""adm1_name"":""Fribourg""},{""adm1_code"":2814,""adm1_name"":""Geneve""},{""adm1_code"":2815,""adm1_name"":""Glarus""},{""adm1_code"":2816,""adm1_name"":""Graubunden""},{""adm1_code"":2817,""adm1_name"":""Jura""},{""adm1_code"":2818,""adm1_name"":""Luzern""},{""adm1_code"":2819,""adm1_name"":""Neuchatel""},{""adm1_code"":2820,""adm1_name"":""Nidwalden""},{""adm1_code"":2821,""adm1_name"":""Obwalden""},{""adm1_code"":2822,""adm1_name"":""Sankt Gallen""},{""adm1_code"":2823,""adm1_name"":""Schaffhausen""},{""adm1_code"":2824,""adm1_name"":""Schwyz""},{""adm1_code"":2825,""adm1_name"":""Solothurn""},{""adm1_code"":2826,""adm1_name"":""Thurgau""},{""adm1_code"":2827,""adm1_name"":""Ticino""},{""adm1_code"":2828,""adm1_name"":""Uri""},{""adm1_code"":2829,""adm1_name"":""Valais""},{""adm1_code"":2830,""adm1_name"":""Vaud""},{""adm1_code"":2831,""adm1_name"":""Zug""},{""adm1_code"":2832,""adm1_name"":""Zurich""}]",2011-01-04,2023-09-25
2010-0088-DEU,No,nat-met-sto-ext,Natural,Meteorological,Storm,Extra-tropical storm,,Xynthia,DEU,Germany,Western Europe,Europe,"Forêt Noire (Bade-Wurtemberg province) ; Nordrhein-Westfalen, Saarland, Hessen provinces",,,No,No,No,,130,Kph,,,,2010,2,28,2010,2,28,4,,,,,,,680000,950204,1000000,1397359,71.5635955751889,"[{""adm1_code"":1308,""adm1_name"":""Baden-Wuerttemberg""},{""adm1_code"":1314,""adm1_name"":""Hessen""},{""adm1_code"":1317,""adm1_name"":""Nordrhein-Westfalen""},{""adm1_code"":1319,""adm1_name"":""Saarland""}]",2010-03-11,2023-09-25
2010-0088-ESP,No,nat-met-sto-ext,Natural,Meteorological,Storm,Extra-tropical storm,,Xynthia,ESP,Spain,Southern Europe,Europe,"Galicia, Principado de Asturias, Cantabria, País Vasco/Euskadi provinces ; Burgos district (Castilla y León province)",,,No,No,No,,160,Kph,,,,2010,2,27,2010,2,28,3,,,,,,,137000,191438,340000,475102,71.5635955751889,"[{""adm1_code"":2718,""adm1_name"":""Principado de Asturias""},{""adm1_code"":2721,""adm1_name"":""Cantabria""},{""adm1_code"":2728,""adm1_name"":""Galicia""},{""adm1_code"":2733,""adm1_name"":""País Vasco/Euskadi""},{""adm2_code"":25793,""adm2_name"":""Burgos""}]",2010-03-11,2023-09-25
2010-0088-FRA,No,nat-met-sto-ext,Natural,Meteorological,Storm,Extra-tropical storm,,Xynthia,FRA,France,Western Europe,Europe,"Charente-Maritime, Vienne, Deux-Sèvres districts (Poitou-Charentes province), Vendée district (Pays-de-la-Loire province)",,Flood,No,No,Yes,,140,Kph,,,,2010,2,28,2010,3,2,53,79,500000,,500079,,,2100000,2934453,4230000,5910827,71.5635955751889,"[{""adm2_code"":16312,""adm2_name"":""Vendee""},{""adm2_code"":16317,""adm2_name"":""Charente-Maritime""},{""adm2_code"":16318,""adm2_name"":""Deux-Sevres""},{""adm2_code"":16319,""adm2_name"":""Vienne""}]",2010-03-19,2023-09-25
2010-0088-GBR,No,nat-met-sto-ext,Natural,Meteorological,Storm,Extra-tropical storm,,Xynthia,GBR,United Kingdom of Great Britain and Northern Ireland,Northern Europe,Europe,All country selected (no data),,,No,No,No,,,Kph,,,,2010,2,28,2010,2,28,,,,,,,,34,48,500,699,71.5635955751889,"[{""adm1_code"":3182,""adm1_name"":""England""},{""adm1_code"":3183,""adm1_name"":""Northern Ireland""},{""adm1_code"":3184,""adm1_name"":""Scotland""},{""adm1_code"":3186,""adm1_name"":""Wales""}]",2011-01-04,2023-09-25
2010-0088-LUX,No,nat-met-sto-ext,Natural,Meteorological,Storm,Extra-tropical storm,,Xynthia,LUX,Luxembourg,Western Europe,Europe,"Diekirch, Grevenmacher, Luxembourg province",,,No,No,No,,,Kph,,,,2010,2,28,2010,2,28,,,,,,,,21000,29345,31000,43318,71.5635955751889,"[{""adm1_code"":1876,""adm1_name"":""Diekirch""},{""adm1_code"":1877,""adm1_name"":""Grevenmacher""},{""adm1_code"":1878,""adm1_name"":""Luxembourg""}]",2011-01-04,2023-09-25
2010-0088-NLD,No,nat-met-sto-ext,Natural,Meteorological,Storm,Extra-tropical storm,,Xynthia,NLD,Netherlands (Kingdom of the),Western Europe,Europe,"Drenthe, Flevoland, Friesland, Gelderland, Groningen, Limburg, Noord-brabant, Noord-holland, Overijssel, Utrecht, Zeeland, Zuid-holland provinces",,,No,No,No,,,Kph,,,,2010,2,28,2010,2,28,,,,,,,,18000,25152,28000,39126,71.5635955751889,"[{""adm1_code"":2158,""adm1_name"":""Drenthe""},{""adm1_code"":2159,""adm1_name"":""Flevoland""},{""adm1_code"":2160,""adm1_name"":""Friesland""},{""adm1_code"":2161,""adm1_name"":""Gelderland""},{""adm1_code"":2162,""adm1_name"":""Groningen""},{""adm1_code"":2163,""adm1_name"":""Limburg""},{""adm1_code"":2164,""adm1_name"":""Noord-brabant""},{""adm1_code"":2165,""adm1_name"":""Noord-holland""},{""adm1_code"":2166,""adm1_name"":""Overijssel""},{""adm1_code"":2167,""adm1_name"":""Utrecht""},{""adm1_code"":2168,""adm1_name"":""Zeeland""},{""adm1_code"":2169,""adm1_name"":""Zuid-holland""}]",2011-01-04,2023-09-25
2010-0088-PRT,No,nat-met-sto-ext,Natural,Meteorological,Storm,Extra-tropical storm,,Xynthia,PRT,Portugal,Southern Europe,Europe,"Paredes, Porto, Vila Nova de Gaia districts (Porto province)",,,No,No,No,,140,Kph,,,,2010,2,27,2010,2,27,3,,,,,,,70000,97815,270000,377287,71.5635955751889,"[{""adm2_code"":24864,""adm2_name"":""Paredes""},{""adm2_code"":24866,""adm2_name"":""Porto""},{""adm2_code"":24872,""adm2_name"":""Vila Nova De Gaia""}]",2010-03-11,2023-09-25
2010-0101-SRB,No,nat-hyd-flo-fla,Natural,Hydrological,Flood,Flash flood,GLIDE:FL-2010-000042,,SRB,Serbia,Southern Europe,Europe,"Boljevac, Zajecar municipalities (Zajecarski province), Aleksinac, Doljevac municipalities (Nisavski province), Krusevac municipality (Rasinski province), Ub municipality (Kolubarski province), Leskovac municipality (Jablanicki province), Rekovac municipality (Pomoravski province), Priboj, Pozega municipalities (Zlatiborski province), Zitorada municipality (Toplicki province), Novi Pazar municipality (Raski province)","Heavy rains, Rapid snow melting",,No,No,No,,46900,Km2,44.47,21.14,"Saca, Drina, Mlava, Morava rivers",2010,3,1,2010,3,2,,,3150,,3150,,,,,,,71.5635955751889,"[{""adm1_code"":25374,""adm1_name"":""Jablanicki""},{""adm1_code"":25377,""adm1_name"":""Kolubarski""},{""adm1_code"":25383,""adm1_name"":""Nisavski""},{""adm1_code"":25388,""adm1_name"":""Pomoravski""},{""adm1_code"":25390,""adm1_name"":""Rasinski""},{""adm1_code"":25391,""adm1_name"":""Raski""},{""adm1_code"":25397,""adm1_name"":""Toplicki""},{""adm1_code"":25398,""adm1_name"":""Zajecarski""},{""adm1_code"":25400,""adm1_name"":""Zlatiborski""}]",2012-11-13,2023-09-25
2010-0148-ITA,No,tec-tra-rai-rai,Technological,Transport,Rail,Rail,,,ITA,Italy,Southern Europe,Europe,Merano region,,,No,No,No,,,,,,,2010,4,12,2010,4,12,11,20,,,20,,,,,,,71.5635955751889,,2010-04-12,2023-09-25
2010-0149-RUS,No,tec-tra-air-air,Technological,Transport,Air,Air,,Tupolev-154,RUS,Russian Federation,Eastern Europe,Europe,Near Smolensk,,,No,No,No,,,,,,,2010,4,10,2010,4,10,96,,,,,,,,,,,71.5635955751889,,2010-04-12,2023-09-25
2010-0150-RUS,No,tec-tra-air-air,Technological,Transport,Air,Air,,Helicopter,RUS,Russian Federation,Eastern Europe,Europe,Kamchatka peninsula,,,No,No,No,,,,,,,2010,4,10,2010,4,10,10,,8,,8,,,,,,,71.5635955751889,,2010-04-12,2023-09-25
2010-0153-RUS,No,nat-hyd-flo-riv,Natural,Hydrological,Flood,Riverine flood,GLIDE:FL-2010-000072,,RUS,Russian Federation,Eastern Europe,Europe,"Kividensky, Novoannensky, Olholvsky, Rudnyansky, Staropoltavsky, Kamishinsky distrcits (Volgogradskaya Oblast province)",Sharp increase in temperatures triggering melting snow,,No,No,No,,,Km2,,,,2010,3,22,2010,3,26,,,3250,,3250,,,,,,,71.5635955751889,"[{""adm1_code"":2572,""adm1_name"":""Volgogradskaya Oblast""}]",2010-10-12,2023-09-25
2010-0170-ISL,No,nat-geo-vol-ash,Natural,Geophysical,Volcanic activity,Ash fall,,Eyjafjallajokull,ISL,Iceland,Northern Europe,Europe,"Fljotshlid, Eyjafjöll, and Landeyjar villages (Rangarvalla province)",,Flood,No,No,No,,,,63.62959,-19.64,,2010,3,,2010,4,,,,,,,,,,,,,71.5635955751889,"[{""adm1_code"":1474,""adm1_name"":""Rangárvalla""}]",2014-07-25,2023-09-25
2010-0178-RUS,No,tec-ind-exp-exp,Technological,Industrial accident,Explosion (Industrial),Explosion (Industrial),GLIDE:AC-2010-000093,Coal mine,RUS,Russian Federation,Eastern Europe,Europe,"Raspadskaïa (Kemerovo region, Siberia)",,,No,No,No,,,m3,,,,2010,5,8,2010,5,8,106,129,,,129,,,,,,,71.5635955751889,,2011-03-14,2023-09-25
2010-0193-CZE,No,nat-hyd-flo-riv,Natural,Hydrological,Flood,Riverine flood,,,CZE,Czechia,Eastern Europe,Europe,"Opava, Bruntal, Novy Jicin, Frydek-Mistek, Ostrava-mesto, Karvina districts (Moravia-Silesia region, Severomravsky province)",Heavy rains,"Slide (land, mud, snow, rock)",No,No,Yes,,,Km2,,,Becva river,2010,5,15,2010,5,26,1,,1200,,1200,,,,,190000,265498,71.5635955751889,"[{""adm2_code"":14846,""adm2_name"":""Bruntal""},{""adm2_code"":14847,""adm2_name"":""Frydek-Mistek""},{""adm2_code"":14849,""adm2_name"":""Karvina""},{""adm2_code"":14850,""adm2_name"":""Novy Jicin""},{""adm2_code"":14852,""adm2_name"":""Opava""},{""adm2_code"":14853,""adm2_name"":""Ostrava-mesto""}]",2014-07-28,2023-09-25
2010-0193-HRV,No,nat-hyd-flo-riv,Natural,Hydrological,Flood,Riverine flood,,,HRV,Croatia,Southern Europe,Europe,"Slavonski Brod city (Slavonski Brod-posav province), Vinkovci city (Vukovar-srijem province)",Heavy rains,,No,No,No,,,Km2,,,,2010,6,3,2010,6,3,,,300,,300,,,,,80000,111789,71.5635955751889,"[{""adm1_code"":1002,""adm1_name"":""Slavonski Brod-posav""},{""adm1_code"":1006,""adm1_name"":""Vukovar-srijem""}]",2010-06-08,2023-09-25
2010-0193-HUN,No,nat-hyd-flo-riv,Natural,Hydrological,Flood,Riverine flood,,,HUN,Hungary,Eastern Europe,Europe,Borsod-Abauj-Zemplen province,Heavy rains,,Yes,No,Yes,50,,Km2,,,"Bodva, Tarna, Tarnoca, Sajo, Hernad, Szalajka, Danube rivesr",2010,5,15,2010,6,7,1,,2000,,2000,,,,,440000,614838,71.5635955751889,"[{""adm1_code"":1443,""adm1_name"":""Borsod-abauj-zemplen""}]",2014-07-28,2023-09-25
2010-0193-POL,No,nat-hyd-flo-riv,Natural,Hydrological,Flood,Riverine flood,,,POL,Poland,Eastern Europe,Europe,"Krakow district (Malapolske province), Warszawa district (Mazowieckje province) ; Slaskie, Podkarpackie, Opolskie, Swietokrizyskie, Malopolskie provinces",Heavy rains,Broken Dam/Burst bank,Yes,No,No,50,,Km2,,,"Koszarawa river, Vistule, Oder",2010,5,17,2010,5,26,16,,100000,,100000,,,,,3080000,4303864,71.5635955751889,"[{""adm1_code"":2375,""adm1_name"":""Malopolske""},{""adm1_code"":2377,""adm1_name"":""Opolskie""},{""adm1_code"":2378,""adm1_name"":""Podkarpackie""},{""adm1_code"":2381,""adm1_name"":""Slaskie""},{""adm1_code"":2382,""adm1_name"":""Swietokrzyskie""},{""adm2_code"":24452,""adm2_name"":""Warszawa""}]",2014-07-28,2023-09-25
2010-0193-SRB,No,nat-hyd-flo-riv,Natural,Hydrological,Flood,Riverine flood,,,SRB,Serbia,Southern Europe,Europe,"Jablanicki, Kosovski, Kosovsko-pomoravski, Pcinjski, Pirotski, Prizremski provinces",Heavy rains,,No,No,No,,,Km2,,,,2010,5,17,2010,5,17,2,,,,,,,,,,,71.5635955751889,"[{""adm1_code"":25374,""adm1_name"":""Jablanicki""},{""adm1_code"":25378,""adm1_name"":""Kosovski""},{""adm1_code"":25380,""adm1_name"":""Kosovsko-pomoravski""},{""adm1_code"":25384,""adm1_name"":""Pcinjski""},{""adm1_code"":25386,""adm1_name"":""Pirotski""},{""adm1_code"":25389,""adm1_name"":""Prizremski""}]",2010-05-26,2023-09-25
2010-0193-SVK,No,nat-hyd-flo-riv,Natural,Hydrological,Flood,Riverine flood,,,SVK,Slovakia,Eastern Europe,Europe,"Presov, Zilna provinces",,,No,No,No,,,Km2,,,,2010,5,15,2010,5,26,1,,200,,200,,,,,25000,34934,71.5635955751889,"[{""adm1_code"":2671,""adm1_name"":""Presov""},{""adm1_code"":2674,""adm1_name"":""Zilna""}]",2010-05-26,2023-09-25
2010-0217-CZE,No,nat-hyd-flo-riv,Natural,Hydrological,Flood,Riverine flood,,,CZE,Czechia,Eastern Europe,Europe,"Jihocesky, Jihomoravsky, Praha, Severocesky, Severomoravsky, Stredocesky, Vychodocesky, Zapadocesky provinces",,,No,No,No,,,Km2,,,,2010,6,1,2010,6,1,3,,,,,,,,,,,71.5635955751889,"[{""adm1_code"":1030,""adm1_name"":""Jihocesky""},{""adm1_code"":1031,""adm1_name"":""Jihomoravsky""},{""adm1_code"":1032,""adm1_name"":""Praha""},{""adm1_code"":1033,""adm1_name"":""Severocesky""},{""adm1_code"":1034,""adm1_name"":""Severomoravsky""},{""adm1_code"":1035,""adm1_name"":""Stredocesky""},{""adm1_code"":1036,""adm1_name"":""Vychodocesky""},{""adm1_code"":1037,""adm1_name"":""Zapadocesky""}]",2010-07-01,2023-09-25
2010-0217-SVK,No,nat-hyd-flo-riv,Natural,Hydrological,Flood,Riverine flood,,,SVK,Slovakia,Eastern Europe,Europe,"Svidnik district, Presov province",Heavy rains,,No,No,No,,,Km2,,,,2010,6,1,2010,6,2,3,,650,,650,,,,,,,71.5635955751889,"[{""adm2_code"":25478,""adm2_name"":""Svidnik""}]",2010-07-01,2023-09-25
2010-0233-FRA,No,nat-hyd-flo-fla,Natural,Hydrological,Flood,Flash flood,,,FRA,France,Western Europe,Europe,"Draguignan, Les Arcs, Figanières, Roquebrune sur Argens, Luo, Muy, Trans cities (Var distric, Provence-Alpes-Cote-d'Azur province)",Torrential rain,"Slide (land, mud, snow, rock)",No,No,No,,7700,Km2,43.5,6.6,,2010,6,15,2010,6,16,25,,,,,,,1070000,1495174,1500000,2096038,71.5635955751889,"[{""adm2_code"":16324,""adm2_name"":""Var""}]",2011-03-15,2023-09-25
2010-0251-ROU,No,nat-hyd-flo-riv,Natural,Hydrological,Flood,Riverine flood,GLIDE:FL-2010-000126,,ROU,Romania,Eastern Europe,Europe,"Botosani, Alba, Bacau, Iasi, Vrancea, Caras-Severin, Tulcea, Braila, Covasna, Ialomita, Mures, Hargita, Neamt, Cluj, Bihor, Suceava province",Heavy rains,,Yes,No,No,123,,Km2,,,"Danube, Prut, Siret",2010,6,21,2010,7,3,26,,12237,,12237,,,,,1111428,1553063,71.5635955751889,"[{""adm1_code"":2446,""adm1_name"":""Alba""},{""adm1_code"":2449,""adm1_name"":""Bacau""},{""adm1_code"":2450,""adm1_name"":""Bihor""},{""adm1_code"":2452,""adm1_name"":""Botosani""},{""adm1_code"":2453,""adm1_name"":""Braila""},{""adm1_code"":2458,""adm1_name"":""Caras-severin""},{""adm1_code"":2459,""adm1_name"":""Cluj""},{""adm1_code"":2461,""adm1_name"":""Covasna""},{""adm1_code"":2467,""adm1_name"":""Harghita""},{""adm1_code"":2469,""adm1_name"":""Ialomita""},{""adm1_code"":2470,""adm1_name"":""Iasi""},{""adm1_code"":2473,""adm1_name"":""Mures""},{""adm1_code"":2474,""adm1_name"":""Neamt""},{""adm1_code"":2480,""adm1_name"":""Suceava""},{""adm1_code"":2483,""adm1_name"":""Tulcea""},{""adm1_code"":2486,""adm1_name"":""Vrancea""}]",2014-07-28,2023-09-25
2010-0252-BIH,No,nat-hyd-flo-riv,Natural,Hydrological,Flood,Riverine flood,GLIDE:FL-2010-000128,,BIH,Bosnia and Herzegovina,Southern Europe,Europe,"Gradacac, Doboj Istok, Gracacina, Srebrenik, Celic, Tuzla, Kalesija, Lukavac, Zivicine, Kladanj municipalities (Tuzlansko-podrinjski district), Tesanj, Doboj Jug municipalities (Zenicko-dobojski district) (Federacija Bosne I Hercegovine province), Kozarska Dubica municipality (Bosanska Dubica district), Rahic, Satorovici, Bijela, Bukvik, Brka village (Brcko district), Celinac municipality (Celinac district), Derventa municipality (Derventa district), Kotor Varos municipality (Kotor Varos district), Prijedor municipality (Prijedor district), Prnjavor municipality (Prnjavor district), Doboj municipality (Doboj district), Modrica municipality (Modrica district), Teslic municipality (Teslic district) (Republika Srpska province)",Torrential rains,,Yes,No,Yes,80,,Km2,,,,2010,6,20,2010,6,22,,,14910,,14910,,,,,87000,121570,71.5635955751889,"[{""adm2_code"":6246,""adm2_name"":""Tuzlansko-podrinjski""},{""adm2_code"":6250,""adm2_name"":""Zenicko-dobojski""},{""adm2_code"":6254,""adm2_name"":""Bosanska Dubica""},{""adm2_code"":6262,""adm2_name"":""Brcko""},{""adm2_code"":6264,""adm2_name"":""Celinac""},{""adm2_code"":6265,""adm2_name"":""Derventa""},{""adm2_code"":6266,""adm2_name"":""Doboj""},{""adm2_code"":6283,""adm2_name"":""Kotor Varos""},{""adm2_code"":6290,""adm2_name"":""Modrica""},{""adm2_code"":6299,""adm2_name"":""Prijedor""},{""adm2_code"":6300,""adm2_name"":""Prnjavor""},{""adm2_code"":6312,""adm2_name"":""Teslic""}]",2014-07-28,2023-09-25
2010-0254-ESP,No,tec-tra-rai-rai,Technological,Transport,Rail,Rail,,,ESP,Spain,Southern Europe,Europe,Castelldefels Playa,,,No,No,No,,,,,,,2010,6,23,2010,6,23,12,10,,,10,,,,,,,71.5635955751889,,2010-07-08,2023-09-25
2010-0275-UKR,No,nat-hyd-flo-riv,Natural,Hydrological,Flood,Riverine flood,GLIDE:FL-2010-000129,,UKR,Ukraine,Eastern Europe,Europe,"Zastavnytskyi, Kitsmanivsky, Glybotskyi, Putivoskyi, Gerysaivskyi, Khotynskyi Vyzhntskyi, Novoselytskyi, Storozhynetskyi districts, city of Chernivtsy (Chemivtsy province); Bogordchanskiy, Verhovinkiy, Galytskyi, Dolinskiy, Kaluzkyi, Kosivsiy, Kolomyyskiy, Naddvimyanskiy, Rozhnyativskyi, Snyaltynskiy, Rozhnyativskiy, Tusmenytskyi, Tlumatskiy, Ivano-Frankivsk, Kalush, Yaremcha districts (Ivano-Frankivsk province)",Heavy rains,,No,No,No,,34500,Km2,48.59,24.79,,2010,6,27,2010,7,2,6,59,40000,,40059,,,,,1900,2655,71.5635955751889,"[{""adm1_code"":3150,""adm1_name"":""Chernivets'ka""},{""adm1_code"":3153,""adm1_name"":""Ivano-frankivs'ka""}]",2010-08-13,2023-09-25
2010-0278-MDA,No,nat-hyd-flo-riv,Natural,Hydrological,Flood,Riverine flood,GLIDE:FL-2010-000130,,MDA,Republic of Moldova,Eastern Europe,Europe,"Nemteni, Cotul Marii, Obileni, Saretani municipalities (Hincesti district, Lapusna province), Sirauti, Drepcauti, Criva municipalities (Briceni district, Edinet province), Grozesti municipality (Nisporeni district), Macaresti municipality (Ungheni district) (Ungheni province), Brinza municipality (Vulcanesti district, Cahul province), Criuleni municipality (Dubasari district, Dubasari province)",Heavy rains,,Yes,No,Yes,,12210,Km2,46.82,27.97,"Prut, Nistru rivers",2010,7,5,2010,7,7,1,,12000,,12000,,,,,,,71.5635955751889,"[{""adm2_code"":41174,""adm2_name"":""Vulcanesti""},{""adm2_code"":41181,""adm2_name"":""Dubasari""},{""adm2_code"":41187,""adm2_name"":""Briceni""},{""adm2_code"":41195,""adm2_name"":""Hincesti""},{""adm2_code"":41208,""adm2_name"":""Nisporeni""},{""adm2_code"":41209,""adm2_name"":""Ungheni""}]",2014-07-28,2023-09-25
2010-0299-DEU,No,tec-mis-mis-mis,Technological,Miscellaneous accident,Miscellaneous accident (General),Miscellaneous accident (General),,Stampede,DEU,Germany,Western Europe,Europe,Duisbourg,,,No,No,No,,,,,,,2010,7,24,2010,7,24,21,650,,,650,,,,,,,71.5635955751889,,2010-07-26,2023-09-25
2010-0309-ALB,No,tec-tra-roa-roa,Technological,Transport,Road,Road,,,ALB,Albania,Southern Europe,Europe,Fushe-Arrez (near Gjegjan),,,No,No,No,,,,,,,2010,7,17,2010,7,17,14,12,,,12,,,,,,,71.5635955751889,,2010-08-16,2023-09-25
2010-0326-ROU,No,tec-tra-air-air,Technological,Transport,Air,Air,,Military plne AN-2,ROU,Romania,Eastern Europe,Europe,Tuzla,,,No,No,No,,,,,,,2010,7,5,2010,7,5,12,2,,,2,,,,,,,71.5635955751889,,2010-07-27,2023-09-25
2010-0342-RUS,No,tec-tra-air-air,Technological,Transport,Air,Air,,Plane An-25,RUS,Russian Federation,Eastern Europe,Europe,Near Igarka city (Krasnoïarsk region),,,No,No,No,,,,,,,2010,8,2,2010,8,2,11,,,,,,,,,,,71.5635955751889,,2010-08-03,2023-09-25
2010-0352-RUS,No,nat-cli-wil-lan,Natural,Climatological,Wildfire,"Land fire (Brush, Bush, Pasture)",,,RUS,Russian Federation,Eastern Europe,Europe,"Nizhniy city (Krasnodarskiy Kray province), Novgorodskaya Oblast, Riazan city (Ryazanskaya Oblast province), Lipetskaya Oblast, Voronezhskaya Oblast, Belgorodskaya Oblast, Ivanovskaya Oblast, Moskva, Moskovskaya Oblast provinces",Heat wave and drought,Heat wave,Yes,No,Yes,700,,Km2,,,,2010,7,,2010,8,6,53,996,5000,,5996,,,20000,27947,1800000,2515245,71.5635955751889,"[{""adm1_code"":2495,""adm1_name"":""Belgorodskaya Oblast""},{""adm1_code"":2507,""adm1_name"":""Ivanovskaya Oblast""},{""adm1_code"":2530,""adm1_name"":""Lipetskaya Oblast""},{""adm1_code"":2534,""adm1_name"":""Moskovskaya Oblast""},{""adm1_code"":2535,""adm1_name"":""Moskva""},{""adm1_code"":2540,""adm1_name"":""Novgorodskaya Oblast""},{""adm1_code"":2574,""adm1_name"":""Voronezhskaya Oblast""}]",2014-07-28,2023-09-25
2010-0372-RUS,No,nat-met-ext-hea,Natural,Meteorological,Extreme temperature,Heat wave,,,RUS,Russian Federation,Eastern Europe,Europe,"Moska, Moskovskaya Oblast, Volgogradskaya Oblast, Lipetskaya Oblast, Voronezhskaya Oblast provinces",,,No,No,No,,40,°C,,,,2010,6,,2010,8,,55736,,,,,,,,,400000,558943,71.5635955751889,"[{""adm1_code"":2530,""adm1_name"":""Lipetskaya Oblast""},{""adm1_code"":2534,""adm1_name"":""Moskovskaya Oblast""},{""adm1_code"":2535,""adm1_name"":""Moskva""},{""adm1_code"":2572,""adm1_name"":""Volgogradskaya Oblast""},{""adm1_code"":2574,""adm1_name"":""Voronezhskaya Oblast""}]",2010-10-13,2023-09-25
2010-0380-CZE,No,nat-hyd-flo-fla,Natural,Hydrological,Flood,Flash flood,,,CZE,Czechia,Eastern Europe,Europe,Liberec district (Severocesky province),,Flood,No,No,No,,,Km2,,,,2010,8,7,2010,8,8,7,,200,,200,,,,,157560,220168,71.5635955751889,"[{""adm2_code"":14840,""adm2_name"":""Liberec""}]",2010-08-10,2023-09-25
2010-0380-DEU,No,nat-hyd-flo-fla,Natural,Hydrological,Flood,Flash flood,,,DEU,Germany,Western Europe,Europe,"Chemnitz district (Sachsen province), Neurkirchen city (Saarland province)",,Flood,No,No,No,,,Km2,,,,2010,8,7,2010,8,7,3,,,,,,,,,,,71.5635955751889,"[{""adm1_code"":1319,""adm1_name"":""Saarland""},{""adm2_code"":16559,""adm2_name"":""Chemnitz""}]",2010-08-10,2023-09-25
2010-0380-LTU,No,nat-hyd-flo-fla,Natural,Hydrological,Flood,Flash flood,,,LTU,Lithuania,Northern Europe,Europe,"Varenos Raj. district (Alytaus province), Klaïpeda district (Klaipedos province)",,Lightening,No,No,No,,,Km2,,,,2010,8,8,2010,8,8,4,,,,,,,,,,,71.5635955751889,"[{""adm2_code"":19121,""adm2_name"":""Varenos Raj.""},{""adm2_code"":19130,""adm2_name"":""Klaipeda""}]",2010-08-10,2023-09-25
2010-0380-POL,No,nat-hyd-flo-fla,Natural,Hydrological,Flood,Flash flood,,,POL,Poland,Eastern Europe,Europe,"Bogatynia, Zgorzelec-Görlitz villages (Zgorzelec district), Radomierzyce village (Wroclaw I district) (Dolno?l?skie province)",,Broken Dam/Burst bank,No,No,No,,,Km2,,,,2010,8,7,2010,8,8,3,,700,,700,,,,,,,71.5635955751889,"[{""adm2_code"":24307,""adm2_name"":""Wroclaw I""},{""adm2_code"":24309,""adm2_name"":""Zgorzelec""}]",2010-08-10,2023-09-25
2010-0439-RUS,No,tec-tra-wat-wat,Technological,Transport,Water,Water,,Boat Alexei Koulakovski,RUS,Russian Federation,Eastern Europe,Europe,"Laptev Sea, near Tiksi port (Iakoutia, Siberia)",,,No,No,No,,,,,,,2010,8,27,2010,8,27,11,,3,,3,,,,,,,71.5635955751889,,2010-08-27,2023-09-25
2010-0466-RUS,No,nat-cli-wil-for,Natural,Climatological,Wildfire,Forest fire,,,RUS,Russian Federation,Eastern Europe,Europe,Volgogradskaya Oblast region,,,No,No,No,,,Km2,,,,2010,9,2,2010,9,3,8,,,1200,1200,,,,,,,71.5635955751889,"[{""adm1_code"":2572,""adm1_name"":""Volgogradskaya Oblast""}]",2010-09-09,2023-09-25
2010-0507-DEU,No,tec-tra-roa-roa,Technological,Transport,Road,Road,,,DEU,Germany,Western Europe,Europe,Near Berlin,,,No,No,No,,,,,,,2010,9,26,2010,9,26,12,6,,,6,,,,,,,71.5635955751889,,2010-10-01,2023-09-25
2010-0518-HUN,No,tec-ind-che-che,Technological,Industrial accident,Chemical spill,Chemical spill,GLIDE:AC-2010-000197,Toxic sludge spill,HUN,Hungary,Eastern Europe,Europe,"Ajka, Vesprem, Gyor Monson Sopron, Vas departments",Rupture réservoir usine aluminium,,No,No,Yes,,,m3,,,,2010,10,4,2010,10,4,9,150,,7120,7270,,,,,103000,143928,71.5635955751889,,2012-04-05,2023-09-25
2010-0531-UKR,No,tec-tra-rai-rai,Technological,Transport,Rail,Rail,,,UKR,Ukraine,Eastern Europe,Europe,Marganets (Dnipropetrovsk),,,No,No,No,,,,,,,2010,10,12,2010,10,12,45,7,,,7,,,,,,,71.5635955751889,,2010-10-12,2023-09-25
2010-0532-POL,No,tec-tra-roa-roa,Technological,Transport,Road,Road,,,POL,Poland,Eastern Europe,Europe,Nowe nad Polica,,,No,No,No,,,,,,,2010,10,12,2010,10,12,17,1,,,1,,,,,,,71.5635955751889,,2010-10-12,2023-09-25
2010-0547-RUS,No,nat-hyd-flo-riv,Natural,Hydrological,Flood,Riverine flood,GLIDE:FL-2010-000208,,RUS,Russian Federation,Eastern Europe,Europe,"Tuapsinskoye, Dzhubskoye, Novomichailovskoye cities, Velyaminivskoye, Georgievskoye, Shaumyanskoye, Shepsinskoye, Octyabrskoye, Tenginskoye villages (Tuapsinky area), Urinskoye village (Apsheronsky area) (Krasnodarskiy Kray province)",Torrential rains,,No,No,No,,,Km2,,,,2010,10,16,2010,10,16,23,,45214,,45214,,,,,66000,92226,71.5635955751889,"[{""adm1_code"":2524,""adm1_name"":""Krasnodarskiy Kray""}]",2011-03-15,2023-09-25
2010-0574-SRB,No,nat-geo-ear-gro,Natural,Geophysical,Earthquake,Ground movement,GLIDE:EQ-2010-000218,,SRB,Serbia,Southern Europe,Europe,Kraljevo town (Raski Province),,,No,No,Yes,549,5.5,Moment Magnitude,43.76,20.73,,2010,11,3,2010,11,3,2,120,25440,1470,27030,,,,,132260,184815,71.5635955751889,"[{""adm1_code"":25391,""adm1_name"":""Raski""}]",2011-03-16,2023-09-25
2010-0582-ITA,No,nat-hyd-flo-riv,Natural,Hydrological,Flood,Riverine flood,,,ITA,Italy,Southern Europe,Europe,"Salerno district (Campania provine), Venezia district (Veneto province)",Heavy rains,,No,No,No,,18725,Km2,45.13,11.14,Sele,2010,11,8,2010,11,11,,,300,,300,,,,,,,71.5635955751889,"[{""adm2_code"":18333,""adm2_name"":""Salerno""},{""adm2_code"":18418,""adm2_name"":""Venezia""}]",2010-11-12,2023-09-25
2010-0594-MNE,No,nat-hyd-flo-riv,Natural,Hydrological,Flood,Riverine flood,GLIDE:FL-2010-000239,,MNE,Montenegro,Southern Europe,Europe,"Niksic, Danilovgrad, Bijelo Polje, Berane, Andrijevica, Plav provinces",Heavy rains,,No,No,No,,,Km2,,,,2010,11,12,2010,11,16,,,1350,,1350,,,,,,,71.5635955751889,"[{""adm1_code"":25350,""adm1_name"":""Andrijevica""},{""adm1_code"":25352,""adm1_name"":""Berane""},{""adm1_code"":25353,""adm1_name"":""Bijelo Polje""},{""adm1_code"":25356,""adm1_name"":""Danilovgrad""},{""adm1_code"":25361,""adm1_name"":""Niksic""},{""adm1_code"":25362,""adm1_name"":""Plav""}]",2010-11-18,2023-09-25
2010-0601-BEL,No,nat-hyd-flo-riv,Natural,Hydrological,Flood,Riverine flood,,,BEL,Belgium,Western Europe,Europe,"Region de Bruxelles-Capitale, Vlaams Gewest, Region wallonne provinces",Heavy rains,"Slide (land, mud, snow, rock)",No,No,Yes,,8458,Km2,50.85,4.35,,2010,11,11,2010,11,15,3,,690,,690,,,,,238146,332775,71.5635955751889,"[{""adm1_code"":600,""adm1_name"":""Region de Bruxelles-Capitale / Brussels Hoofdstedelijk Gewes""},{""adm1_code"":601,""adm1_name"":""Vlaams Gewest""},{""adm1_code"":602,""adm1_name"":""Region wallonne""}]",2011-01-05,2023-09-25
2010-0615-CHE,No,nat-met-ext-col,Natural,Meteorological,Extreme temperature,Cold wave,,,CHE,Switzerland,Western Europe,Europe,Geneve province,,,No,No,No,,,°C,,,,2010,11,30,2010,12,1,,,,,,,,,,,,71.5635955751889,"[{""adm1_code"":2814,""adm1_name"":""Geneve""}]",2010-12-03,2023-09-25
2010-0615-CZE,No,nat-met-ext-col,Natural,Meteorological,Extreme temperature,Cold wave,,,CZE,Czechia,Eastern Europe,Europe,Praha city (Praha province),,,No,No,No,,,°C,,,,2010,11,,2010,12,,12,,,,,,,,,,,71.5635955751889,"[{""adm1_code"":1032,""adm1_name"":""Praha""}]",2010-12-07,2023-09-25
2010-0615-DEU,No,nat-met-ext-col,Natural,Meteorological,Extreme temperature,Cold wave,,,DEU,Germany,Western Europe,Europe,"Querfurt area (Sachsen-Anhalt province), Frankfurt airport (Darmstadt district, Hessen province)",,,No,No,No,,,°C,,,,2010,11,28,2010,12,1,1,,,,,,,,,,,71.5635955751889,"[{""adm1_code"":1321,""adm1_name"":""Sachsen-Anhalt""},{""adm2_code"":16541,""adm2_name"":""Darmstadt""}]",2010-12-01,2023-09-25
2010-0615-FRA,No,nat-met-ext-col,Natural,Meteorological,Extreme temperature,Cold wave,,,FRA,France,Western Europe,Europe,"Bretagne, Auvergne, Rhones-Alpes provinces",,,No,No,No,,,°C,,,,2010,11,28,2010,12,1,3,,,,,,,,,,,71.5635955751889,"[{""adm1_code"":1250,""adm1_name"":""Auvergne""},{""adm1_code"":1253,""adm1_name"":""Bretagne""},{""adm1_code"":1270,""adm1_name"":""Rhone-Alpes""}]",2010-12-01,2023-09-25
2010-0615-GBR,No,nat-met-ext-col,Natural,Meteorological,Extreme temperature,Cold wave,,,GBR,United Kingdom of Great Britain and Northern Ireland,Northern Europe,Europe,Highland district (Scotland province),,,No,No,No,,,°C,,,,2010,11,28,2010,12,1,,,,,,,,,,,,71.5635955751889,"[{""adm2_code"":40172,""adm2_name"":""Highland""}]",2010-12-01,2023-09-25
2010-0615-ITA,No,nat-met-ext-col,Natural,Meteorological,Extreme temperature,Cold wave,,,ITA,Italy,Southern Europe,Europe,"Lombardia, Piemonte, Emilia-romagna, Veneto, Roma district (Lazio province), Bolzano district (Trentino-alto Adige province)",,,No,No,No,,,°C,,,,2010,12,1,2010,12,1,,,,,,,,,,,,71.5635955751889,"[{""adm1_code"":1620,""adm1_name"":""Emilia-romagna""},{""adm1_code"":1624,""adm1_name"":""Lombardia""},{""adm1_code"":1627,""adm1_name"":""Piemonte""},{""adm1_code"":1635,""adm1_name"":""Veneto""},{""adm2_code"":18350,""adm2_name"":""Roma""},{""adm2_code"":18409,""adm2_name"":""Bolzano""}]",2010-12-02,2023-09-25
2010-0615-LTU,No,nat-met-ext-col,Natural,Meteorological,Extreme temperature,Cold wave,,,LTU,Lithuania,Northern Europe,Europe,"Alytaus, Kauno, Klaipedos, Marijampoles, Panevezio, Siauliu, Taurages, Telsiu, Utenos, Vilniaus provinces",,,No,No,No,,,°C,,,,2010,11,27,2010,12,1,5,,,,,,,,,,,71.5635955751889,"[{""adm1_code"":1866,""adm1_name"":""Alytaus""},{""adm1_code"":1867,""adm1_name"":""Kauno""},{""adm1_code"":1868,""adm1_name"":""Klaipedos""},{""adm1_code"":1869,""adm1_name"":""Marijampoles""},{""adm1_code"":1870,""adm1_name"":""Panevezio""},{""adm1_code"":1871,""adm1_name"":""Siauliu""},{""adm1_code"":1872,""adm1_name"":""Taurages""},{""adm1_code"":1873,""adm1_name"":""Telsiu""},{""adm1_code"":1874,""adm1_name"":""Utenos""},{""adm1_code"":1875,""adm1_name"":""Vilniaus""}]",2010-12-01,2023-09-25
2010-0615-POL,No,nat-met-ext-col,Natural,Meteorological,Extreme temperature,Cold wave,,,POL,Poland,Eastern Europe,Europe,"Dolnoslaskie, Kujawsko-Pomorskie, Lodzkie, Lubeiskie, Lubuskie, Malopolske, Mazowieckie, Opolskie, Podkarpackie, Podlaskie, Pomorskie, Slaskie, Swietokrzyskie, Warminsko-Mazurskie, Wielkopolskie, Zachodnio-Pomorskie provinces",,,No,No,No,,-33,°C,,,,2010,11,,2011,2,,200,,,,,,,,,,,71.5635955751889,"[{""adm1_code"":2370,""adm1_name"":""Dolnoslaskie""},{""adm1_code"":2371,""adm1_name"":""Kujawsko-Pomorskie""},{""adm1_code"":2372,""adm1_name"":""Lodzkie""},{""adm1_code"":2373,""adm1_name"":""Lubeiskie""},{""adm1_code"":2374,""adm1_name"":""Lubuskie""},{""adm1_code"":2375,""adm1_name"":""Malopolske""},{""adm1_code"":2376,""adm1_name"":""Mazowieckie""},{""adm1_code"":2377,""adm1_name"":""Opolskie""},{""adm1_code"":2378,""adm1_name"":""Podkarpackie""},{""adm1_code"":2379,""adm1_name"":""Podlaskie""},{""adm1_code"":2380,""adm1_name"":""Pomorskie""},{""adm1_code"":2381,""adm1_name"":""Slaskie""},{""adm1_code"":2382,""adm1_name"":""Swietokrzyskie""},{""adm1_code"":2383,""adm1_name"":""Warminsko-Mazurskie""},{""adm1_code"":2384,""adm1_name"":""Wielkopolskie""},{""adm1_code"":2385,""adm1_name"":""Zachodnio-Pomorskie""}]",2011-03-07,2023-09-25
2010-0615-PRT,No,nat-met-ext-col,Natural,Meteorological,Extreme temperature,Cold wave,,,PRT,Portugal,Southern Europe,Europe,"Aveiro, Beja, Braga, Braganca, Castelo Branco, Coimbra, Evora, Faro, Guarda, Leiria, Lisboa, Portalegre, Porto, Santarem, Setubal, Viana Do Castelo, Vila Real, Viseu provinces",,,No,No,No,,,°C,,,,2010,12,,2010,12,,,,,,,,,,,,,71.5635955751889,"[{""adm1_code"":2386,""adm1_name"":""Aveiro""},{""adm1_code"":2387,""adm1_name"":""Beja""},{""adm1_code"":2388,""adm1_name"":""Braga""},{""adm1_code"":2389,""adm1_name"":""Braganca""},{""adm1_code"":2390,""adm1_name"":""Castelo Branco""},{""adm1_code"":2391,""adm1_name"":""Coimbra""},{""adm1_code"":2392,""adm1_name"":""Evora""},{""adm1_code"":2393,""adm1_name"":""Faro""},{""adm1_code"":2394,""adm1_name"":""Guarda""},{""adm1_code"":2405,""adm1_name"":""Leiria""},{""adm1_code"":2406,""adm1_name"":""Lisboa""},{""adm1_code"":2407,""adm1_name"":""Portalegre""},{""adm1_code"":2408,""adm1_name"":""Porto""},{""adm1_code"":2409,""adm1_name"":""Santarem""},{""adm1_code"":2410,""adm1_name"":""Setubal""},{""adm1_code"":2411,""adm1_name"":""Viana Do Castelo""},{""adm1_code"":2412,""adm1_name"":""Vila Real""},{""adm1_code"":2413,""adm1_name"":""Viseu""}]",2010-12-02,2023-09-25
2010-0615-RUS,No,nat-met-ext-col,Natural,Meteorological,Extreme temperature,Cold wave,,,RUS,Russian Federation,Eastern Europe,Europe,Moskva province,,,No,No,No,,-51,°C,,,,2010,12,3,2010,12,3,11,11,,,11,,,,,,,71.5635955751889,"[{""adm1_code"":2535,""adm1_name"":""Moskva""}]",2010-12-03,2023-09-25
2010-0615-SVK,No,nat-met-ext-col,Natural,Meteorological,Extreme temperature,Cold wave,,,SVK,Slovakia,Eastern Europe,Europe,"Banska Bystrica, Bratislava, Kosice, Nitra, Presov, Trencin, Trnava, Zilna provinces",,,No,No,No,,,°C,,,,2010,11,,2011,2,28,122,,,,,,,,,,,71.5635955751889,"[{""adm1_code"":2667,""adm1_name"":""Banska Bystrica""},{""adm1_code"":2668,""adm1_name"":""Bratislava""},{""adm1_code"":2669,""adm1_name"":""Kosice""},{""adm1_code"":2670,""adm1_name"":""Nitra""},{""adm1_code"":2671,""adm1_name"":""Presov""},{""adm1_code"":2672,""adm1_name"":""Trencin""},{""adm1_code"":2673,""adm1_name"":""Trnava""},{""adm1_code"":2674,""adm1_name"":""Zilna""}]",2011-03-08,2023-09-25
2010-0618-RUS,No,tec-tra-roa-roa,Technological,Transport,Road,Road,,,RUS,Russian Federation,Eastern Europe,Europe,Saratov region (Volga),,,No,No,No,,,,,,,2010,12,3,2010,12,3,10,25,,,25,,,,,,,71.5635955751889,,2010-12-03,2023-09-25
2010-0619-ALB,No,nat-hyd-flo-riv,Natural,Hydrological,Flood,Riverine flood,GLIDE:FL-2010-000248,,ALB,Albania,Southern Europe,Europe,"Lezhe, Kurbin, Mirdite provinces (Lezha prefecture), Shkoder, Malesi E Madhe, Puke provinces (Shkoder prefecture), Livadhe city",,,Yes,No,Yes,,,Km2,,,"Drini, Buna, Kiri, Prroi Thate rivers, Shkodra lake",2010,12,3,2010,12,3,,,14000,,14000,,,,,,,71.5635955751889,"[{""adm1_code"":322,""adm1_name"":""Kurbin""},{""adm1_code"":323,""adm1_name"":""Lezhe""},{""adm1_code"":326,""adm1_name"":""Malesi E Madhe""},{""adm1_code"":329,""adm1_name"":""Mirdite""},{""adm1_code"":333,""adm1_name"":""Puke""},{""adm1_code"":335,""adm1_name"":""Shkoder""}]",2014-07-28,2023-09-25
2010-0619-BGR,No,nat-hyd-flo-riv,Natural,Hydrological,Flood,Riverine flood,GLIDE:FL-2010-000248,,BGR,Bulgaria,Eastern Europe,Europe,"Blagoevgrad district (Blagoevgrad province), Pernik district (Pernik province), Dupnitsca district (Kustendil province), Kostinbrod district (Sofia province)",,,No,No,No,,,Km2,,,Strouma,2010,12,4,2010,12,5,,,90,,90,,,,,,,71.5635955751889,"[{""adm2_code"":11851,""adm2_name"":""Blagoevgrad""},{""adm2_code"":11913,""adm2_name"":""Dupnitca""},{""adm2_code"":11952,""adm2_name"":""Pernik""},{""adm2_code"":12043,""adm2_name"":""Kostibrod""}]",2010-12-06,2023-09-25
2010-0619-BIH,No,nat-hyd-flo-riv,Natural,Hydrological,Flood,Riverine flood,GLIDE:FL-2010-000248,,BIH,Bosnia and Herzegovina,Southern Europe,Europe,"Tomislavgrad, Drvar municipalities (Zapadnobosanski district), Sarajevo, Tmovo, Ilidza municipalities (Sarajevo district), Foca-Ustikolina, Pale-Praca municipalities (Gornjedrinski district), Domaljevac-Samac municipality (Posavski district), Ravno, Caplijnski, Citluk , Caplijna, Stolac, Mostar municipalities (Neretvljanski) (Federacija Bosne I Hercegovine province), Novi Grad municipality (Bosanski Novi district, Republika Srpska province) ; Bijelijna, Visegrad, Zvornik, Tuzla, Gorazde, Trebinje, Bileca, Nevesinje, Foca, Orasje, Maglaj, Bosanaska Krupa, Bratunac districts (Republika Srpska province)",,"Slide (land, mud, snow, rock)",Yes,No,Yes,,,Km2,,,Drina,2010,12,3,2010,12,5,3,,20000,,20000,,,,,,,71.5635955751889,"[{""adm2_code"":6241,""adm2_name"":""Gornjedrinski""},{""adm2_code"":6242,""adm2_name"":""Neretvljanski""},{""adm2_code"":6243,""adm2_name"":""Posavski""},{""adm2_code"":6244,""adm2_name"":""Sarajevo""},{""adm2_code"":6248,""adm2_name"":""Zapadnobosanski""},{""adm2_code"":6252,""adm2_name"":""Bijeljina""},{""adm2_code"":6253,""adm2_name"":""Bileca""},{""adm2_code"":6256,""adm2_name"":""Bosanska Krupa""},{""adm2_code"":6258,""adm2_name"":""Bosanski Novi""},{""adm2_code"":6261,""adm2_name"":""Bratunac""},{""adm2_code"":6268,""adm2_name"":""Foca""},{""adm2_code"":6271,""adm2_name"":""Gorazde""},{""adm2_code"":6289,""adm2_name"":""Maglaj""},{""adm2_code"":6293,""adm2_name"":""Nevesinje""},{""adm2_code"":6297,""adm2_name"":""Orasje""},{""adm2_code"":6315,""adm2_name"":""Trebinje""},{""adm2_code"":6317,""adm2_name"":""Tuzla""},{""adm2_code"":6319,""adm2_name"":""Visegrad""},{""adm2_code"":6321,""adm2_name"":""Zvornik""}]",2014-07-28,2023-09-25
2010-0619-GRC,No,nat-hyd-flo-riv,Natural,Hydrological,Flood,Riverine flood,GLIDE:FL-2010-000248,,GRC,Greece,Southern Europe,Europe,Ioanninon district (Ipeiros province),,,No,No,No,,27315,Km2,40.106,21.46,Strymonas,2010,11,29,2010,12,5,1,,150,,150,,,,,,,71.5635955751889,"[{""adm2_code"":16693,""adm2_name"":""Ioanninon""}]",2011-01-06,2023-09-25
2010-0619-HRV,No,nat-hyd-flo-riv,Natural,Hydrological,Flood,Riverine flood,GLIDE:FL-2010-000248,,HRV,Croatia,Southern Europe,Europe,"Metkovic, Opuzen, Ploce, Kula Norinska cities (Dubrovnik-neretva province)",Heavy rains,,No,No,Yes,,,Km2,,,,2010,12,3,2010,12,3,,,810,,810,,,,,,,71.5635955751889,"[{""adm1_code"":989,""adm1_name"":""Dubrovnik-neretva""}]",2014-07-28,2023-09-25
2010-0619-MNE,No,nat-hyd-flo-riv,Natural,Hydrological,Flood,Riverine flood,GLIDE:FL-2010-000248,,MNE,Montenegro,Southern Europe,Europe,"Golubovci village (Podgorica province); Danilovgrad, Cetinje provinces; Skadar lake region (Bar, Podgorica provinces)",,,Yes,No,No,50,,Km2,,,"Zeta river, Lake Sedar",2010,12,3,2010,12,3,,,5000,,5000,,,,,,,71.5635955751889,"[{""adm1_code"":25351,""adm1_name"":""Bar""},{""adm1_code"":25355,""adm1_name"":""Cetinje""},{""adm1_code"":25356,""adm1_name"":""Danilovgrad""},{""adm1_code"":25365,""adm1_name"":""Podgorica""}]",2014-07-28,2023-09-25
2010-0619-SRB,No,nat-hyd-flo-riv,Natural,Hydrological,Flood,Riverine flood,GLIDE:FL-2010-000248,,SRB,Serbia,Southern Europe,Europe,Loznica municipality (Macvanski province),,,Yes,No,No,50,,Km2,,,"Drina, Lim",2010,12,3,2010,12,3,,,1750,,1750,,,,,,,71.5635955751889,"[{""adm1_code"":25381,""adm1_name"":""Macvanski""}]",2014-07-28,2023-09-25
2010-0647-ESP,No,nat-hyd-flo-riv,Natural,Hydrological,Flood,Riverine flood,,,ESP,Spain,Southern Europe,Europe,"Ecija city (Sevilla district, Andalucía province)",,Rain,No,No,No,,22049,Km2,37.811,-5.87,Guadalquivir,2010,12,6,2010,12,10,2,,30,,30,,,,,,,71.5635955751889,"[{""adm2_code"":25783,""adm2_name"":""Sevilla""}]",2011-01-05,2023-09-25
2010-0652-BEL,No,nat-met-sto-bli,Natural,Meteorological,Storm,Blizzard/Winter storm,,,BEL,Belgium,Western Europe,Europe,"Region de Bruxelles-Capitale, Vlaams Gewest, Region wallonne provinces",,,No,No,No,,,Kph,,,,2010,12,23,2010,12,24,,,,,,,,,,,,71.5635955751889,"[{""adm1_code"":600,""adm1_name"":""Region de Bruxelles-Capitale / Brussels Hoofdstedelijk Gewes""},{""adm1_code"":601,""adm1_name"":""Vlaams Gewest""},{""adm1_code"":602,""adm1_name"":""Region wallonne""}]",2011-01-05,2023-09-25
2010-0652-DEU,No,nat-met-sto-bli,Natural,Meteorological,Storm,Blizzard/Winter storm,,,DEU,Germany,Western Europe,Europe,"Berlin city (Berlin province), Hamburg city (Hamburg province), Düsseldorf city (Düsseldorf district), Gelsenkirchen city (Muenster district) (Nordrhein-Westfalen province), Frankfort city (Darmstadt district, Hessen province)",,,No,No,No,,,Kph,,,,2010,12,23,2010,12,24,,,,,,,,,,,,71.5635955751889,"[{""adm1_code"":1310,""adm1_name"":""Berlin""},{""adm1_code"":1313,""adm1_name"":""Hamburg""},{""adm2_code"":16541,""adm2_name"":""Darmstadt""},{""adm2_code"":16551,""adm2_name"":""Duesseldorf""},{""adm2_code"":16553,""adm2_name"":""Muenster""}]",2011-01-05,2023-09-25
2010-0652-DNK,No,nat-met-sto-bli,Natural,Meteorological,Storm,Blizzard/Winter storm,,,DNK,Denmark,Northern Europe,Europe,"Bornholm Island (Bornholm district, Bornholm province)",,,No,No,No,,,Kph,,,,2010,12,23,2010,12,28,,,,,,,,,,,,71.5635955751889,"[{""adm2_code"":40855,""adm2_name"":""Bornholm""}]",2011-01-05,2023-09-25
2010-0652-FRA,No,nat-met-sto-bli,Natural,Meteorological,Storm,Blizzard/Winter storm,,,FRA,France,Western Europe,Europe,"Oise, Aisne districts (Picardie province), Ardennes, Aube, Marne districts (Champagne-Ardenne province), Loiret district (Centre province), Yonne district (Bourgogne province) (North departments), Aveyron, Lot, Tarn districts (Midi-Pyrenees province), Corrèze, Creuse districts (Limousin province), Pyrénées-Orientales (Languedoc-Rousillon province)",,,No,No,No,,,Kph,,,,2010,12,23,2010,12,24,,,,,,,,,,,,71.5635955751889,"[{""adm2_code"":16255,""adm2_name"":""Yonne""},{""adm2_code"":16265,""adm2_name"":""Loiret""},{""adm2_code"":16266,""adm2_name"":""Ardennes""},{""adm2_code"":16267,""adm2_name"":""Aube""},{""adm2_code"":16269,""adm2_name"":""Marne""},{""adm2_code"":16289,""adm2_name"":""Pyrenees-Orientales""},{""adm2_code"":16291,""adm2_name"":""Correze""},{""adm2_code"":16292,""adm2_name"":""Creuse""},{""adm2_code"":16299,""adm2_name"":""Aveyron""},{""adm2_code"":16303,""adm2_name"":""Lot""},{""adm2_code"":16304,""adm2_name"":""Tarn""},{""adm2_code"":16313,""adm2_name"":""Aisne""},{""adm2_code"":16314,""adm2_name"":""Oise""}]",2011-01-05,2023-09-25
2010-0657-RUS,No,tec-tra-air-air,Technological,Transport,Air,Air,,Antonov An-22,RUS,Russian Federation,Eastern Europe,Europe,Toula region,,,No,No,No,,,,,,,2010,12,28,2010,12,29,12,,,,,,,,,,,71.5635955751889,,2011-01-05,2023-09-25
2010-0692-ITA,No,nat-met-sto-sto,Natural,Meteorological,Storm,Storm (General),,,ITA,Italy,Southern Europe,Europe,"Veneto, Toscana, Liguria, Valle D'aosta, Lombardia, Friuli-venezia Giulia, Sicilia provinces",,"Flood|Slide (land, mud, snow, rock)",No,No,No,,,Kph,,,,2010,10,31,2010,11,2,3,5,,,5,,,,,872000,1218497,71.5635955751889,"[{""adm1_code"":1621,""adm1_name"":""Friuli-venezia Giulia""},{""adm1_code"":1623,""adm1_name"":""Liguria""},{""adm1_code"":1624,""adm1_name"":""Lombardia""},{""adm1_code"":1630,""adm1_name"":""Sicilia""},{""adm1_code"":1631,""adm1_name"":""Toscana""},{""adm1_code"":1634,""adm1_name"":""Valle D'aosta""},{""adm1_code"":1635,""adm1_name"":""Veneto""}]",2011-03-17,2023-09-25
2010-9318-RUS,No,nat-cli-dro-dro,Natural,Climatological,Drought,Drought,,,RUS,Russian Federation,Eastern Europe,Europe,"Adygeya Rep., Astrakhanskaya Oblast, Bashkortostan Rep., Belgorodskaya Oblast, Bryanskaya Oblast, Chelyabinskaya Oblast, Ivanovskaya Oblast, Kalmykiya Rep., Kaluzhskaya Oblast, Krasnodarskiy Kray, Kurskaya Oblast, Lipetskaya Oblast, Moskovskaya Oblast, Moskva, Name Unknown, Orenburgskaya Oblast, Orlovskaya Oblast, Penzenskaya Oblast, Rostovskaya Oblast, Ryazanskaya Oblast, Samarskaya Oblast, Saratovskaya Oblast, Smolenskaya Oblast, Stavropolskiy Kray, Tambovskaya Oblast, Tulskaya Oblast, Tverskaya Oblast, Ulyanovskaya Oblast, Vladimirskaya Oblast, Volgogradskaya Oblast, Voronezhskaya Oblast, Yaroslavskaya Oblast provinces",,Heat wave|Wildfire,No,No,Yes,,,Km2,,,,2010,4,1,2010,8,20,,,,,,,,,,1400000,1956302,71.5635955751889,"[{""adm1_code"":2487,""adm1_name"":""Adygeya Rep.""},{""adm1_code"":2493,""adm1_name"":""Astrakhanskaya Oblast""},{""adm1_code"":2494,""adm1_name"":""Bashkortostan Rep.""},{""adm1_code"":2495,""adm1_name"":""Belgorodskaya Oblast""},{""adm1_code"":2496,""adm1_name"":""Bryanskaya Oblast""},{""adm1_code"":2499,""adm1_name"":""Chelyabinskaya Oblast""},{""adm1_code"":2507,""adm1_name"":""Ivanovskaya Oblast""},{""adm1_code"":2510,""adm1_name"":""Kalmykiya Rep.""},{""adm1_code"":2511,""adm1_name"":""Kaluzhskaya Oblast""},{""adm1_code"":2524,""adm1_name"":""Krasnodarskiy Kray""},{""adm1_code"":2527,""adm1_name"":""Kurskaya Oblast""},{""adm1_code"":2530,""adm1_name"":""Lipetskaya Oblast""},{""adm1_code"":2534,""adm1_name"":""Moskovskaya Oblast""},{""adm1_code"":2535,""adm1_name"":""Moskva""},{""adm1_code"":2537,""adm1_name"":""Name Unknown""},{""adm1_code"":2543,""adm1_name"":""Orenburgskaya Oblast""},{""adm1_code"":2544,""adm1_name"":""Orlovskaya Oblast""},{""adm1_code"":2545,""adm1_name"":""Penzenskaya Oblast""},{""adm1_code"":2549,""adm1_name"":""Rostovskaya Oblast""},{""adm1_code"":2550,""adm1_name"":""Ryazanskaya Oblast""},{""adm1_code"":2553,""adm1_name"":""Samarskaya Oblast""},{""adm1_code"":2555,""adm1_name"":""Saratovskaya Oblast""},{""adm1_code"":2557,""adm1_name"":""Smolenskaya Oblast""},{""adm1_code"":2558,""adm1_name"":""Stavropolskiy Kray""},{""adm1_code"":2560,""adm1_name"":""Tambovskaya Oblast""},{""adm1_code"":2564,""adm1_name"":""Tulskaya Oblast""},{""adm1_code"":2565,""adm1_name"":""Tverskaya Oblast""},{""adm1_code"":2569,""adm1_name"":""Ulyanovskaya Oblast""},{""adm1_code"":2571,""adm1_name"":""Vladimirskaya Oblast""},{""adm1_code"":2572,""adm1_name"":""Volgogradskaya Oblast""},{""adm1_code"":2574,""adm1_name"":""Voronezhskaya Oblast""},{""adm1_code"":2576,""adm1_name"":""Yaroslavskaya Oblast""}]",2010-08-23,2023-09-25
2011-0009-RUS,No,tec-tra-wat-wat,Technological,Transport,Water,Water,,,RUS,Russian Federation,Eastern Europe,Europe,Sakhaline Island (Extreme Orient russe),,,No,No,No,,,,,,,2011,1,7,2011,1,7,11,,,,,,,,,,,73.822750859736,,2011-01-19,2023-09-25
2011-0035-DEU,No,tec-tra-rai-rai,Technological,Transport,Rail,Rail,,,DEU,Germany,Western Europe,Europe,"Near Oschersleben (Magdebourg region, Saxe-Anhalt)",,,No,No,No,,,,,,,2011,1,29,2011,1,29,10,,,,,,,,,,,73.822750859736,,2011-02-11,2023-09-25
2011-0066-EST,No,tec-mis-fir-fir,Technological,Miscellaneous accident,Fire (Miscellaneous),Fire (Miscellaneous),,Orphanage,EST,Estonia,Northern Europe,Europe,Haapsalu,,,No,No,No,,,,,,,2011,2,20,2011,2,20,10,,,,,,,,,,,73.822750859736,,2011-03-07,2023-09-25
2011-0119-ITA,No,tec-tra-wat-wat,Technological,Transport,Water,Water,,Migrants,ITA,Italy,Southern Europe,Europe,Near Lampedusa,,,No,No,No,,,,,,,2011,3,15,2011,3,15,35,,,,,,,,,,,73.822750859736,,2011-04-21,2023-09-25
2011-0128-ITA,No,tec-tra-wat-wat,Technological,Transport,Water,Water,,Migrants,ITA,Italy,Southern Europe,Europe,Near Lampedusa,,,No,No,No,,,,,,,2011,4,6,2011,4,6,150,,48,,48,,,,,,,73.822750859736,,2011-05-03,2023-09-25
2011-0159-ESP,No,nat-geo-ear-gro,Natural,Geophysical,Earthquake,Ground movement,USGS:usp000j1en,,ESP,Spain,Southern Europe,Europe,"Lorca municipality (Murcia district, Region de Murcia)",,,No,No,No,,5.1,Moment Magnitude,37.699,-1.672,,2011,5,11,2011,5,11,10,300,,15000,15300,,,100000,135460,200000,270919,73.822750859736,"[{""adm2_code"":25822,""adm2_name"":""Murcia""}]",2011-05-23,2023-09-25
2011-0192-RUS,No,tec-tra-roa-roa,Technological,Transport,Road,Road,,,RUS,Russian Federation,Eastern Europe,Europe,Near Moscow,,,No,No,No,,,,,,,2011,5,27,2011,5,27,11,4,,,4,,,,,,,73.822750859736,,2011-06-07,2023-09-25
2011-0200-RUS,No,nat-hyd-flo-riv,Natural,Hydrological,Flood,Riverine flood,GLIDE:FL-2011-000060,,RUS,Russian Federation,Eastern Europe,Europe,"Mykopsky, Koshehabisky, Giatinsky, Shovgenovsky, Krasnogvardeysky cities (Adygeya Republic), Dagestan city Krasnodarskiy Kray province)",Heavy rains,,No,No,No,,,Km2,,,,2011,5,25,2011,5,30,,,10669,,10669,,,,,21015,28467,73.822750859736,"[{""adm1_code"":2487,""adm1_name"":""Adygeya Rep.""},{""adm1_code"":2524,""adm1_name"":""Krasnodarskiy Kray""}]",2012-01-03,2023-09-25
2011-0229-RUS,No,tec-tra-air-air,Technological,Transport,Air,Air,,Tupolev-134,RUS,Russian Federation,Eastern Europe,Europe,Petrozavodsk,,,No,No,No,,,,,,,2011,6,20,2011,6,20,47,9,,,9,,,,,,,73.822750859736,,2011-07-29,2023-09-25
2011-0248-RUS,No,tec-tra-wat-wat,Technological,Transport,Water,Water,GLIDE:AC-2011-000086,"Cruise ship ""Bulgaria""",RUS,Russian Federation,Eastern Europe,Europe,Tatarstan republic,"Bad weather, storm",,No,No,No,,,,,,,2011,7,10,2011,7,10,130,2,78,,80,,,,,,,73.822750859736,,2011-08-04,2023-09-25
2011-0254-UKR,No,tec-mis-fir-fir,Technological,Miscellaneous accident,Fire (Miscellaneous),Fire (Miscellaneous),,,UKR,Ukraine,Eastern Europe,Europe,Beloye,,,No,No,No,,,,,,,2011,7,10,2011,7,10,16,,11,,11,,,,,,,73.822750859736,,2011-08-02,2023-09-25
2011-0273-UKR,No,tec-ind-col-col,Technological,Industrial accident,Collapse (Industrial),Collapse (Industrial),,Mine,UKR,Ukraine,Eastern Europe,Europe,Makiivka (Donetsk region),,,No,No,No,,,m3,,,,2011,7,29,2011,7,29,12,,,,,,,,,,,73.822750859736,,2011-08-05,2023-09-25
2011-0287-UKR,No,tec-ind-exp-exp,Technological,Industrial accident,Explosion (Industrial),Explosion (Industrial),,Mine,UKR,Ukraine,Eastern Europe,Europe,Sukhodolskaya-Vostochnaya (Lougansk region),,,No,No,No,,,m3,,,,2011,7,28,2011,7,29,26,2,,,2,,,,,,,73.822750859736,,2011-08-05,2023-09-25
2011-0306-RUS,No,nat-met-sto-tor,Natural,Meteorological,Storm,Tornado,,,RUS,Russian Federation,Eastern Europe,Europe,Blagovechtchensk (Amurskaya Oblast province),,,No,No,No,,,Kph,,,,2011,7,31,2011,7,31,1,14,,,14,,,,,3000,4064,73.822750859736,"[{""adm1_code"":2491,""adm1_name"":""Amurskaya Oblast""}]",2011-08-08,2023-09-25
2011-0311-RUS,No,tec-tra-air-air,Technological,Transport,Air,Air,,AN-12,RUS,Russian Federation,Eastern Europe,Europe,Magadan region (Extrême Orient),,,No,No,No,,,,,,,2011,8,9,2011,8,9,11,,,,,,,,,,,73.822750859736,,2011-08-10,2023-09-25
2011-0320-BEL,No,nat-met-sto-lig,Natural,Meteorological,Storm,Lightning/Thunderstorms,,,BEL,Belgium,Western Europe,Europe,"Kiewit village (Limburg district, Vlaams Gewest province)",,,No,No,Yes,,,Kph,,,,2011,8,18,2011,8,18,5,71,,,71,,,,,99000,134105,73.822750859736,"[{""adm2_code"":5848,""adm2_name"":""Limburg""}]",2011-08-22,2023-09-25
2011-0329-ITA,No,nat-met-ext-hea,Natural,Meteorological,Extreme temperature,Heat wave,,,ITA,Italy,Southern Europe,Europe,"Milano district (Lombardia province), Torino district (Piemonte province), Trieste district (Friuli-venezia Giulia province), Verona district (Veneto province), Messina district (Sicilia province), Roma district (Lazio province), Napoli district (Campania province)",,,No,No,No,,47,°C,,,,2011,8,17,2011,8,24,10,,,,,,,,,,,73.822750859736,"[{""adm2_code"":18332,""adm2_name"":""Napoli""},{""adm2_code"":18345,""adm2_name"":""Trieste""},{""adm2_code"":18350,""adm2_name"":""Roma""},{""adm2_code"":18363,""adm2_name"":""Milano""},{""adm2_code"":18378,""adm2_name"":""Torino""},{""adm2_code"":18394,""adm2_name"":""Messina""},{""adm2_code"":18419,""adm2_name"":""Verona""}]",2011-08-25,2023-09-25
2011-0340-RUS,No,nat-hyd-flo-riv,Natural,Hydrological,Flood,Riverine flood,GLIDE:FL-2011-000123,,RUS,Russian Federation,Eastern Europe,Europe,"Oklyabrsky, Urus-Martanovsky, Achkhoy-Martanovsky districts (Chechnya Rep. province); Grozny city (Chechnya Rep. province)",Heavy rains,Broken Dam/Burst bank,No,No,No,,,Km2,,,Sunja river,2011,8,26,2011,8,27,,,3500,,3500,,,,,,,73.822750859736,"[{""adm1_code"":2498,""adm1_name"":""Chechnya Rep.""}]",2011-11-18,2023-09-25
2011-0348-RUS,No,tec-tra-air-air,Technological,Transport,Air,Air,,Yakovlev 42 (Yak-42),RUS,Russian Federation,Eastern Europe,Europe,Iarsolavi,,,No,No,No,,,,,,,2011,9,7,2011,9,7,44,1,,,1,,,,,,,73.822750859736,,2011-09-07,2023-09-25
2011-0416-ITA,No,nat-hyd-flo-fla,Natural,Hydrological,Flood,Flash flood,,,ITA,Italy,Southern Europe,Europe,"Cinque Terre, Borghetto Vara towns (La Spezia district, Liguria province), Aulla, Mullazo towns (Massa-carrara district, Toscana province)",Torrenial rain,"Slide (land, mud, snow, rock)",No,No,Yes,,,Km2,44.422,9.33,,2011,10,26,2011,10,26,10,,,,,,,14000,18964,545000,738255,73.822750859736,"[{""adm2_code"":18354,""adm2_name"":""La Spezia""},{""adm2_code"":18404,""adm2_name"":""Massa-carrara""}]",2011-11-22,2023-09-25
2011-0436-ITA,No,nat-hyd-flo-fla,Natural,Hydrological,Flood,Flash flood,,,ITA,Italy,Southern Europe,Europe,"Genova district (Liguria province), Matera district (Basilicate province), Napoli district (Campania province); Guspini town (Cagliari district, Sardegna province); Alessandria, Torino districts (Piemonte province)",Heavy rains,,No,No,No,,,Km2,,,,2011,11,4,2011,11,6,6,,,,,,,,,,,73.822750859736,"[{""adm2_code"":18321,""adm2_name"":""Matera""},{""adm2_code"":18332,""adm2_name"":""Napoli""},{""adm2_code"":18352,""adm2_name"":""Genova""},{""adm2_code"":18373,""adm2_name"":""Alessandria""},{""adm2_code"":18378,""adm2_name"":""Torino""},{""adm2_code"":18386,""adm2_name"":""Cagliari""}]",2011-11-22,2023-09-25
2011-0439-FRA,No,nat-hyd-flo-riv,Natural,Hydrological,Flood,Riverine flood,,,FRA,France,Western Europe,Europe,"Var, Alpes Maritimes districts (Provence-Alpes-Cote-d'Azur province)",Heavy rains,,No,No,No,,,Km2,,,,2011,11,6,2011,11,6,6,,2300,,2300,,,,,,,73.822750859736,"[{""adm2_code"":16321,""adm2_name"":""Alpes-maritimes""},{""adm2_code"":16324,""adm2_name"":""Var""}]",2011-11-08,2023-09-25
2011-0447-HUN,No,tec-tra-roa-roa,Technological,Transport,Road,Road,,,HUN,Hungary,Eastern Europe,Europe,South,,,No,No,No,,,,,,,2011,10,31,2011,10,31,14,2,,,2,,,,,,,73.822750859736,,2011-11-09,2023-09-25
2011-0453-IRL,No,nat-hyd-flo-riv,Natural,Hydrological,Flood,Riverine flood,,,IRL,Ireland,Northern Europe,Europe,"Dublin city (Dublin province), Kilbride village (Wicklow province)",Heavy rain,,No,No,No,,,Km2,,,,2011,10,25,2011,10,25,2,,600,,600,,,165000,223508,325000,440244,73.822750859736,"[{""adm1_code"":1587,""adm1_name"":""Dublin""},{""adm1_code"":1608,""adm1_name"":""Wicklow""}]",2011-11-09,2023-09-25
2011-0455-GRC,No,tec-tra-wat-wat,Technological,Transport,Water,Water,,,GRC,Greece,Southern Europe,Europe,Near Cephalonie Isl.,,,No,No,No,,,,,,,2011,9,3,2011,9,3,21,,,,,,,,,,,73.822750859736,,2011-11-14,2023-09-25
2011-0475-ESP,No,nat-hyd-flo-riv,Natural,Hydrological,Flood,Riverine flood,,,ESP,Spain,Southern Europe,Europe,"San Sebastian city (Gipuzkoa district, País Vasco/Euskadi province)",Heavy rains,,No,No,No,,,Km2,,,,2011,11,7,2011,11,7,1,,2400,,2400,,,,,,,73.822750859736,"[{""adm2_code"":25825,""adm2_name"":""Gipuzkoa""}]",2011-11-22,2023-09-25
2011-0486-NOR,No,nat-met-sto-sev,Natural,Meteorological,Storm,Severe weather,,,NOR,Norway,Northern Europe,Europe,"Hordaland, Moere Og Romsdal, Rogaland, Sogn og Fjordane province (South-West)",,,No,No,No,,,Kph,,,,2011,11,26,2011,11,27,4,,500,,500,,,,,,,73.822750859736,"[{""adm1_code"":2249,""adm1_name"":""Hordaland""},{""adm1_code"":2250,""adm1_name"":""Moere Og Romsdal""},{""adm1_code"":2256,""adm1_name"":""Rogaland""},{""adm1_code"":2258,""adm1_name"":""Sogn og Fjordane""}]",2011-12-01,2023-09-25
2011-0518-CHE,No,nat-met-sto-ext,Natural,Meteorological,Storm,Extra-tropical storm,,Joachim,CHE,Switzerland,Western Europe,Europe,"Juras Bernois, Alpes Bernoises area (Bern province) , Bas-Valais area (Valais province)",,Transport accident,No,No,No,,120,Kph,,,,2011,12,16,2011,12,16,,3,,,3,,,,,,,73.822750859736,"[{""adm1_code"":2812,""adm1_name"":""Bern""},{""adm1_code"":2829,""adm1_name"":""Valais""}]",2011-12-19,2023-09-25
2011-0518-FRA,No,nat-met-sto-ext,Natural,Meteorological,Storm,Extra-tropical storm,,Joachim,FRA,France,Western Europe,Europe,Bretagne province,,Transport accident,No,No,No,,140,Kph,,,,2011,12,15,2011,12,16,,,,,,,,,,,,73.822750859736,"[{""adm1_code"":1253,""adm1_name"":""Bretagne""}]",2011-12-19,2023-09-25
2011-0521-RUS,No,tec-tra-wat-wat,Technological,Transport,Water,Water,,Oil platform,RUS,Russian Federation,Eastern Europe,Europe,Okhotsk sea (near Sakhaline),,,No,No,No,,,,,,,2011,12,19,2011,12,19,53,,,,,,,,,,,73.822750859736,,2012-04-12,2023-09-25
2011-0599-RUS,No,tec-ind-che-che,Technological,Industrial accident,Chemical spill,Chemical spill,,,RUS,Russian Federation,Eastern Europe,Europe,Tcheliabinsk (Oural),,,No,No,No,,,m3,,,,2011,9,1,2011,9,1,,150,,,150,,,,,,,73.822750859736,,2012-04-18,2023-09-25
2011-0628-POL,No,nat-met-ext-col,Natural,Meteorological,Extreme temperature,Cold wave,,,POL,Poland,Eastern Europe,Europe,"Dolnoslaskie, Kujawsko-Pomorskie, Lodzkie, Lubeiskie, Lubuskie, Malopolske, Mazowieckie, Opolskie, Podkarpackie, Podlaskie, Pomorskie, Slaskie, Swietokrzyskie, Warminsko-Mazurskie, Wielkopolskie, Zachodnio-Pomorskie provinces",,,No,No,No,,,°C,,,,2011,11,,2011,12,,26,,,,,,,,,,,73.822750859736,"[{""adm1_code"":2370,""adm1_name"":""Dolnoslaskie""},{""adm1_code"":2371,""adm1_name"":""Kujawsko-Pomorskie""},{""adm1_code"":2372,""adm1_name"":""Lodzkie""},{""adm1_code"":2373,""adm1_name"":""Lubeiskie""},{""adm1_code"":2374,""adm1_name"":""Lubuskie""},{""adm1_code"":2375,""adm1_name"":""Malopolske""},{""adm1_code"":2376,""adm1_name"":""Mazowieckie""},{""adm1_code"":2377,""adm1_name"":""Opolskie""},{""adm1_code"":2378,""adm1_name"":""Podkarpackie""},{""adm1_code"":2379,""adm1_name"":""Podlaskie""},{""adm1_code"":2380,""adm1_name"":""Pomorskie""},{""adm1_code"":2381,""adm1_name"":""Slaskie""},{""adm1_code"":2382,""adm1_name"":""Swietokrzyskie""},{""adm1_code"":2383,""adm1_name"":""Warminsko-Mazurskie""},{""adm1_code"":2384,""adm1_name"":""Wielkopolskie""},{""adm1_code"":2385,""adm1_name"":""Zachodnio-Pomorskie""}]",2012-01-31,2023-09-25
2011-0652-GRC,No,tec-tra-wat-wat,Technological,Transport,Water,Water,,,GRC,Greece,Southern Europe,Europe,Near Corfu,,,No,No,No,,,,,,,2011,1,16,2011,1,16,22,11,,,11,,,,,,,73.822750859736,,2012-04-11,2023-09-25
2011-0654-ESP,No,tec-tra-wat-wat,Technological,Transport,Water,Water,,,ESP,Spain,Southern Europe,Europe,Almeira,,,No,No,No,,,,,,,2011,5,6,2011,5,6,22,,,,,,,,,,,73.822750859736,,2012-04-11,2023-09-25
2011-0656-ITA,No,tec-tra-wat-wat,Technological,Transport,Water,Water,,Migrants,ITA,Italy,Southern Europe,Europe,Lampedusa,,,No,No,No,,,,,,,2011,8,1,2011,8,1,25,,,,,,,,,,,73.822750859736,,2012-04-12,2023-09-25
2011-0657-ITA,No,tec-tra-wat-wat,Technological,Transport,Water,Water,,Migrants,ITA,Italy,Southern Europe,Europe,Brindisi,,,No,No,No,,,,,,,2011,11,26,2011,11,26,33,,,,,,,,,,,73.822750859736,,2012-04-12,2023-09-25
2012-0008-ITA,No,tec-tra-wat-wat,Technological,Transport,Water,Water,,"Cruise boat ""Concordia""",ITA,Italy,Southern Europe,Europe,Giglio Island,,,No,No,No,,,,,,,2012,1,13,2012,1,14,32,60,,,60,,,515000,683474,,,75.3503857046957,,2012-01-23,2023-09-25
2012-0012-ALB,No,nat-met-ext-sev,Natural,Meteorological,Extreme temperature,Severe winter conditions,GLIDE:CW-2012-000006,,ALB,Albania,Southern Europe,Europe,"Puke, Shkoder, Kukes, Librazhd, Korce provinces, Peshkopi district (Diber province)",,,No,No,No,,,°C,,,,2012,1,,2012,2,,5,,230000,,230000,,,,,,,75.3503857046957,"[{""adm1_code"":318,""adm1_name"":""Korce""},{""adm1_code"":321,""adm1_name"":""Kukes""},{""adm1_code"":324,""adm1_name"":""Librazhd""},{""adm1_code"":333,""adm1_name"":""Puke""},{""adm1_code"":335,""adm1_name"":""Shkoder""},{""adm2_code"":3813,""adm2_name"":""Peshkopi""}]",2012-07-17,2023-09-25
2012-0012-SRB,No,nat-met-ext-sev,Natural,Meteorological,Extreme temperature,Severe winter conditions,GLIDE:CW-2012-000006,,SRB,Serbia,Southern Europe,Europe,"Istog, Peja, Gjakova, Klina cities (Pecki province), Kamenica city (Nisavski province), Dragash, Rahovec, Prizren, Malisheva, Suhareka cities (Prizremski province), Skenderaj, Vushtrri, Mitrovica, Leposavic, Zubin Potok, Zvecan cities (Kosovsko-mitrovatski province), Novo Brde, Podujeva, Prishtina, Kacanik, Obiliq, Shtime, Strpce cities (Kosovski province), Vitina city (Kosovsko-pomoravski province), Gracanica city (Macvanski province)",,,No,No,No,,,°C,,,,2012,1,6,2012,2,,9,,18234,,18234,,,,,,,75.3503857046957,"[{""adm1_code"":25378,""adm1_name"":""Kosovski""},{""adm1_code"":25379,""adm1_name"":""Kosovsko-mitrovatski""},{""adm1_code"":25380,""adm1_name"":""Kosovsko-pomoravski""},{""adm1_code"":25381,""adm1_name"":""Macvanski""},{""adm1_code"":25383,""adm1_name"":""Nisavski""},{""adm1_code"":25385,""adm1_name"":""Pecki""},{""adm1_code"":25389,""adm1_name"":""Prizremski""}]",2012-07-17,2023-09-25
2012-0019-AUT,No,nat-met-ext-col,Natural,Meteorological,Extreme temperature,Cold wave,GLIDE:CW-2012-000006,,AUT,Austria,Western Europe,Europe,"Burgenland, Karnten, Niedterosterreich, Oberosterreich, Salzburg, Steiermark, Tirol, Voralberg, Wien provinces",,,No,No,No,,,°C,,,,2012,2,,2012,2,,5,,,,,,,,,,,75.3503857046957,"[{""adm1_code"":478,""adm1_name"":""Burgenland""},{""adm1_code"":479,""adm1_name"":""Karnten""},{""adm1_code"":480,""adm1_name"":""Niederosterreich""},{""adm1_code"":481,""adm1_name"":""Oberosterreich""},{""adm1_code"":482,""adm1_name"":""Salzburg""},{""adm1_code"":483,""adm1_name"":""Steiermark""},{""adm1_code"":484,""adm1_name"":""Tirol""},{""adm1_code"":485,""adm1_name"":""Vorarlberg""},{""adm1_code"":486,""adm1_name"":""Wien""}]",2012-08-22,2023-09-25
2012-0019-BEL,No,nat-met-ext-col,Natural,Meteorological,Extreme temperature,Cold wave,GLIDE:CW-2012-000006,,BEL,Belgium,Western Europe,Europe,Vlaams Gewest province,,,No,No,No,,,°C,,,,2012,2,,2012,2,,3,,,,,,,,,,,75.3503857046957,"[{""adm1_code"":601,""adm1_name"":""Vlaams Gewest""}]",2012-02-10,2023-09-25
2012-0019-BGR,No,nat-met-ext-col,Natural,Meteorological,Extreme temperature,Cold wave,GLIDE:CW-2012-000006,,BGR,Bulgaria,Eastern Europe,Europe,"Chirpan district (Stara Zagora province), Sevlievo district (Gabrovo province), Varna district (Varna province)",,,Yes,No,No,,-30,°C,,,,2012,1,,2012,2,,30,,,,,,,,,,,75.3503857046957,"[{""adm2_code"":11886,""adm2_name"":""Sevlievo""},{""adm2_code"":12052,""adm2_name"":""Chirpan""},{""adm2_code"":12077,""adm2_name"":""Varna""}]",2012-02-10,2023-09-25
2012-0019-BIH,No,nat-met-ext-col,Natural,Meteorological,Extreme temperature,Cold wave,GLIDE:CW-2012-000006,,BIH,Bosnia and Herzegovina,Southern Europe,Europe,"Sokolac, Cajnice, Kalinovik, Stari Grad, Kladanj, Krupes, Han Pijesak districts (Republika Srpska province), Luka, Krusev Do, Bozici (Srebrenica districts, Republika Srpska province), Drvar, Kupres (Zapadnobosanski district, Federacija Bosne I Hercegovine province)",,,Yes,No,Yes,,-32.5,°C,,,,2012,2,2,2012,2,7,4,,10347,,10347,,,,,,,75.3503857046957,"[{""adm2_code"":6248,""adm2_name"":""Zapadnobosanski""},{""adm2_code"":6263,""adm2_name"":""Cajnice""},{""adm2_code"":6274,""adm2_name"":""Han Pijesak""},{""adm2_code"":6279,""adm2_name"":""Kalinovik""},{""adm2_code"":6280,""adm2_name"":""Kladanj""},{""adm2_code"":6284,""adm2_name"":""Kupres""},{""adm2_code"":6306,""adm2_name"":""Sokolac""},{""adm2_code"":6308,""adm2_name"":""Srebrenica""},{""adm2_code"":6309,""adm2_name"":""Stari Grad""}]",2012-07-18,2023-09-25
2012-0019-BLR,No,nat-met-ext-col,Natural,Meteorological,Extreme temperature,Cold wave,GLIDE:CW-2012-000006,,BLR,Belarus,Eastern Europe,Europe,"Vitebsk, Miory, Glubokoe, Polotsk, Postavy districts (Vitebsk province), Minsk city, Minsk, Stolbtsy, Molodechno, Borisov, Slutsk districts (Minsk province), Gomel city (Gomel district, Gomel province), Rechista, Zhlobin, Mozyr districts (Gomel province), Lida, Slonim, Volkovysk districts (Grodno province), Brest, Mogilev provinces",,,No,No,No,,,°C,,,,2012,1,,2012,2,,,30,100,,130,,,,,,,75.3503857046957,"[{""adm1_code"":593,""adm1_name"":""Brest""},{""adm1_code"":597,""adm1_name"":""Minsk City""},{""adm1_code"":598,""adm1_name"":""Mogilev""},{""adm2_code"":39919,""adm2_name"":""Gomel""},{""adm2_code"":39925,""adm2_name"":""Mozyr""},{""adm2_code"":39929,""adm2_name"":""Rechitsa""},{""adm2_code"":39934,""adm2_name"":""Zhlobin""},{""adm2_code"":39940,""adm2_name"":""Lida""},{""adm2_code"":39946,""adm2_name"":""Slonim""},{""adm2_code"":39949,""adm2_name"":""Volkovysk""},{""adm2_code"":39953,""adm2_name"":""Borisov""},{""adm2_code"":39961,""adm2_name"":""Minsk""},{""adm2_code"":39963,""adm2_name"":""Molodechno""},{""adm2_code"":39966,""adm2_name"":""Slutsk""},{""adm2_code"":39970,""adm2_name"":""Stolbtsy""},{""adm2_code"":40000,""adm2_name"":""Glubokoe""},{""adm2_code"":40004,""adm2_name"":""Miory""},{""adm2_code"":40006,""adm2_name"":""Polotsk""},{""adm2_code"":40007,""adm2_name"":""Postavy""},{""adm2_code"":40015,""adm2_name"":""Vitebsk""}]",2012-02-02,2023-09-25
2012-0019-CHE,No,nat-met-ext-col,Natural,Meteorological,Extreme temperature,Cold wave,GLIDE:CW-2012-000006,,CHE,Switzerland,Western Europe,Europe,"Graubunden, Neuchatel provinces",,,No,No,No,,-35.1,°C,,,,2012,2,7,2012,2,7,,,,,,,,,,,,75.3503857046957,"[{""adm1_code"":2816,""adm1_name"":""Graubunden""},{""adm1_code"":2819,""adm1_name"":""Neuchatel""}]",2012-02-07,2023-09-25
2012-0019-CZE,No,nat-met-ext-col,Natural,Meteorological,Extreme temperature,Cold wave,GLIDE:CW-2012-000006,,CZE,Czechia,Eastern Europe,Europe,Opava district (Severomoravsky province),,,No,No,No,,,°C,,,,2012,1,,2012,2,,25,,,,,,,,,,,75.3503857046957,"[{""adm2_code"":14852,""adm2_name"":""Opava""}]",2012-02-07,2023-09-25
2012-0019-DEU,No,nat-met-ext-col,Natural,Meteorological,Extreme temperature,Cold wave,GLIDE:CW-2012-000006,,DEU,Germany,Western Europe,Europe,"Baden-Wuerttemberg, Bayern, Berlon, Brandenburg, Bremen, Hamburg, Hessen, Mecklenburg-Vorpommern, Niedersachsen, Nordrhein-Westfalen, Rheinland-Pfalz, Saarland, Sachsen, Sachsen-Anhalt, Schleswig-Holstein, Thueringen provinces",,,No,No,No,,,°C,,,,2012,2,,2012,2,,4,,,,,,,,,,,75.3503857046957,"[{""adm1_code"":1308,""adm1_name"":""Baden-Wuerttemberg""},{""adm1_code"":1309,""adm1_name"":""Bayern""},{""adm1_code"":1310,""adm1_name"":""Berlin""},{""adm1_code"":1311,""adm1_name"":""Brandenburg""},{""adm1_code"":1312,""adm1_name"":""Bremen""},{""adm1_code"":1313,""adm1_name"":""Hamburg""},{""adm1_code"":1314,""adm1_name"":""Hessen""},{""adm1_code"":1315,""adm1_name"":""Mecklenburg-Vorpommern""},{""adm1_code"":1316,""adm1_name"":""Niedersachsen""},{""adm1_code"":1317,""adm1_name"":""Nordrhein-Westfalen""},{""adm1_code"":1318,""adm1_name"":""Rheinland-Pfalz""},{""adm1_code"":1319,""adm1_name"":""Saarland""},{""adm1_code"":1320,""adm1_name"":""Sachsen""},{""adm1_code"":1321,""adm1_name"":""Sachsen-Anhalt""},{""adm1_code"":1322,""adm1_name"":""Schleswig-Holstein""},{""adm1_code"":1323,""adm1_name"":""Thueringen""}]",2012-02-10,2023-09-25
2012-0019-EST,No,nat-met-ext-col,Natural,Meteorological,Extreme temperature,Cold wave,GLIDE:CW-2012-000006,,EST,Estonia,Northern Europe,Europe,"Harju maakond, Hiiu maakond, Ida-Viru maakond, Jarva maakond, Jõgeva maakond, Laane-Viru maakond, Laane maakond, Parnu maakond, Polva maakond, Rapla maakond, Saare maakond, Tartu maakond, Valga maakond, Viljandi maakond, Viljandi maakond, Voru maakond provinces + Administrative unit not available province",,,No,No,No,,,°C,,,,2012,2,,2012,2,,1,,,,,,,,,,,75.3503857046957,"[{""adm1_code"":1212,""adm1_name"":""Harju maakond""},{""adm1_code"":1213,""adm1_name"":""Hiiu maakond""},{""adm1_code"":1214,""adm1_name"":""Ida-Viru maakond""},{""adm1_code"":1215,""adm1_name"":""Järva maakond""},{""adm1_code"":1216,""adm1_name"":""Jõgeva maakond""},{""adm1_code"":1217,""adm1_name"":""Lääne-Viru maakond""},{""adm1_code"":1218,""adm1_name"":""Lääne maakond""},{""adm1_code"":1219,""adm1_name"":""Pärnu maakond""},{""adm1_code"":1220,""adm1_name"":""Põlva maakond""},{""adm1_code"":1221,""adm1_name"":""Rapla maakond""},{""adm1_code"":1222,""adm1_name"":""Saare maakond""},{""adm1_code"":1223,""adm1_name"":""Tartu maakond""},{""adm1_code"":1224,""adm1_name"":""Valga maakond""},{""adm1_code"":1225,""adm1_name"":""Viljandi maakond""},{""adm1_code"":1226,""adm1_name"":""Võru maakond""},{""adm1_code"":149727,""adm1_name"":""Administrative unit not available""}]",2012-02-07,2023-09-25
2012-0019-FRA,No,nat-met-ext-col,Natural,Meteorological,Extreme temperature,Cold wave,GLIDE:CW-2012-000006,,FRA,France,Western Europe,Europe,"Alsace, Aquitaine, Auvergne, Basse-Normandie, Bourgogne, Bretagne, Centre, Champagne-Ardenne, Corse, Franche-Compte, Haute-Normandie, Ile-de-France, Languedoc-Rousillon, Limousin, Lorraine, Nord-Pas-de-Calais, Pays-de-la-Loire, Picardie, Poitou-Charentes, Provence-Alpes-Côte-D'azur, Rhône-Alpes, Midi-Pyrénées provinces",,,No,No,No,,,°C,,,,2012,2,,2012,2,,12,,,,,,,,,,,75.3503857046957,"[{""adm1_code"":1248,""adm1_name"":""Alsace""},{""adm1_code"":1249,""adm1_name"":""Aquitaine""},{""adm1_code"":1250,""adm1_name"":""Auvergne""},{""adm1_code"":1251,""adm1_name"":""Basse-Normandie""},{""adm1_code"":1252,""adm1_name"":""Bourgogne""},{""adm1_code"":1253,""adm1_name"":""Bretagne""},{""adm1_code"":1254,""adm1_name"":""Centre""},{""adm1_code"":1255,""adm1_name"":""Champagne-Ardenne""},{""adm1_code"":1256,""adm1_name"":""Corse""},{""adm1_code"":1257,""adm1_name"":""Franche-Comte""},{""adm1_code"":1258,""adm1_name"":""Haute-Normandie""},{""adm1_code"":1259,""adm1_name"":""Ile-de-France""},{""adm1_code"":1260,""adm1_name"":""Languedoc-Rousillon""},{""adm1_code"":1262,""adm1_name"":""Limousin""},{""adm1_code"":1263,""adm1_name"":""Lorraine""},{""adm1_code"":1264,""adm1_name"":""Midi-Pyrenees""},{""adm1_code"":1265,""adm1_name"":""Nord-Pas-de-Calais""},{""adm1_code"":1266,""adm1_name"":""Pays-de-la-Loire""},{""adm1_code"":1267,""adm1_name"":""Picardie""},{""adm1_code"":1268,""adm1_name"":""Poitou-Charentes""},{""adm1_code"":1269,""adm1_name"":""Provence-Alpes-Cote-d'Azur""},{""adm1_code"":1270,""adm1_name"":""Rhone-Alpes""}]",2012-02-10,2023-09-25
2012-0019-GRC,No,nat-met-ext-col,Natural,Meteorological,Extreme temperature,Cold wave,GLIDE:CW-2012-000006,,GRC,Greece,Southern Europe,Europe,"Anatoliki Makedonia Kai Thraki, Attiki, Dytiki Ellada, Dytiki Makedonia, Ionioi Nisoi, Ipeiros, Kentriki Makedonia, Kriti, Notio Aigaio, Peloponnisos, Sterea Elleda, Thessalia, Voreio Aigaio provinces",,,No,No,No,,,°C,,,,2012,2,,2012,2,,5,,,,,,,,,,,75.3503857046957,"[{""adm1_code"":1336,""adm1_name"":""Anatoliki Makedonia Kai Thraki""},{""adm1_code"":1337,""adm1_name"":""Attiki""},{""adm1_code"":1338,""adm1_name"":""Dytiki Ellada""},{""adm1_code"":1339,""adm1_name"":""Dytiki Makedonia""},{""adm1_code"":1340,""adm1_name"":""Ionioi Nisoi""},{""adm1_code"":1341,""adm1_name"":""Ipeiros""},{""adm1_code"":1342,""adm1_name"":""Kentriki Makedonia""},{""adm1_code"":1343,""adm1_name"":""Kriti""},{""adm1_code"":1345,""adm1_name"":""Peloponnisos""},{""adm1_code"":1346,""adm1_name"":""Sterea Ellada""},{""adm1_code"":1347,""adm1_name"":""Thessalia""},{""adm1_code"":1348,""adm1_name"":""Voreio Aigaio""},{""adm1_code"":40766,""adm1_name"":""Notio Aigaio""}]",2012-02-10,2023-09-25
2012-0019-HRV,No,nat-met-ext-col,Natural,Meteorological,Extreme temperature,Cold wave,GLIDE:CW-2012-000006,,HRV,Croatia,Southern Europe,Europe,"Bjelovar-bilogora, Dubrovnik-Neretva, Grad Zagreb, Istra, Karlovac, Koprivinca-krizevci, Krapina-zagorje, Lika-senj, Medimurje, Osijek-baranja, Pozega-slavonija, Primorje-gorski Kota, Šibenik, Sisak-moslavia, Slavonski Brod-posav, Split-dalmatija, Varazdin, Vukovar-srijem, Zadar-Knin, Zagrb, Virovitica-podravina provinces",,,No,No,No,,,°C,,,,2012,2,,2012,2,,3,,,,,,,,,,,75.3503857046957,"[{""adm1_code"":988,""adm1_name"":""Bjelovar-bilogora""},{""adm1_code"":989,""adm1_name"":""Dubrovnik-neretva""},{""adm1_code"":990,""adm1_name"":""Grad Zagreb""},{""adm1_code"":991,""adm1_name"":""Istra""},{""adm1_code"":992,""adm1_name"":""Karlovac""},{""adm1_code"":993,""adm1_name"":""Koprivnica-krizevci""},{""adm1_code"":994,""adm1_name"":""Krapina-zagorje""},{""adm1_code"":995,""adm1_name"":""Lika-senj""},{""adm1_code"":996,""adm1_name"":""Medimurje""},{""adm1_code"":997,""adm1_name"":""Osijek-baranja""},{""adm1_code"":998,""adm1_name"":""Pozega-slavonija""},{""adm1_code"":999,""adm1_name"":""Primorje-gorski Kota""},{""adm1_code"":1000,""adm1_name"":""Sibenik""},{""adm1_code"":1001,""adm1_name"":""Sisak-moslavina""},{""adm1_code"":1002,""adm1_name"":""Slavonski Brod-posav""},{""adm1_code"":1003,""adm1_name"":""Split-dalmatija""},{""adm1_code"":1004,""adm1_name"":""Varazdin""},{""adm1_code"":1005,""adm1_name"":""Virovitica-podravina""},{""adm1_code"":1006,""adm1_name"":""Vukovar-srijem""},{""adm1_code"":1007,""adm1_name"":""Zadar-knin""},{""adm1_code"":1008,""adm1_name"":""Zagreb""}]",2012-02-07,2023-09-25
2012-0019-HUN,No,nat-met-ext-col,Natural,Meteorological,Extreme temperature,Cold wave,GLIDE:CW-2012-000006,,HUN,Hungary,Eastern Europe,Europe,"Bacs-kiskun, Baranya, Bekes, Borsod-abauj-zemplen, Budapest, Csongrád, Fejér, Gyor-moson-sopron, Hajdu-bihar, Heves, Jasz-nagykun-szolnok, Komarom-esztergom, Nógrád, Pest, Somogy, Szabolcs-szatmar-bereg, Tolna, Vas, Veszprém, Zala",,,No,No,No,,,°C,,,,2012,2,,2012,2,,16,,,,,,,,,,,75.3503857046957,"[{""adm1_code"":1440,""adm1_name"":""Bacs-kiskun""},{""adm1_code"":1441,""adm1_name"":""Baranya""},{""adm1_code"":1442,""adm1_name"":""Bekes""},{""adm1_code"":1443,""adm1_name"":""Borsod-abauj-zemplen""},{""adm1_code"":1444,""adm1_name"":""Budapest""},{""adm1_code"":1445,""adm1_name"":""Csongrad""},{""adm1_code"":1446,""adm1_name"":""Fejer""},{""adm1_code"":1447,""adm1_name"":""Gyor-moson-sopron""},{""adm1_code"":1448,""adm1_name"":""Hajdu-bihar""},{""adm1_code"":1449,""adm1_name"":""Heves""},{""adm1_code"":1450,""adm1_name"":""Jasz-nagykun-szolnok""},{""adm1_code"":1451,""adm1_name"":""Komarom-esztergom""},{""adm1_code"":1452,""adm1_name"":""Nograd""},{""adm1_code"":1453,""adm1_name"":""Pest""},{""adm1_code"":1454,""adm1_name"":""Somogy""},{""adm1_code"":1455,""adm1_name"":""Szabolcs-szatmar-bereg""},{""adm1_code"":1456,""adm1_name"":""Tolna""},{""adm1_code"":1457,""adm1_name"":""Vas""},{""adm1_code"":1458,""adm1_name"":""Veszprem""},{""adm1_code"":1459,""adm1_name"":""Zala""}]",2012-02-07,2023-09-25
2012-0019-ITA,No,nat-met-ext-col,Natural,Meteorological,Extreme temperature,Cold wave,GLIDE:CW-2012-000006,,ITA,Italy,Southern Europe,Europe,"Milano district (Lombardia province), Abruzzi, Emilia-romagna, Marche, Umbria, Toscana, Campania, Sicilia provinces",,,No,No,Yes,,-25,°C,,,,2012,2,,2012,2,,45,,,,,,,,,132601,175979,75.3503857046957,"[{""adm1_code"":1616,""adm1_name"":""Abruzzi""},{""adm1_code"":1619,""adm1_name"":""Campania""},{""adm1_code"":1620,""adm1_name"":""Emilia-romagna""},{""adm1_code"":1625,""adm1_name"":""Marche""},{""adm1_code"":1630,""adm1_name"":""Sicilia""},{""adm1_code"":1631,""adm1_name"":""Toscana""},{""adm1_code"":1633,""adm1_name"":""Umbria""},{""adm2_code"":18363,""adm2_name"":""Milano""}]",2012-02-08,2023-09-25
2012-0019-LTU,No,nat-met-ext-col,Natural,Meteorological,Extreme temperature,Cold wave,GLIDE:CW-2012-000006,,LTU,Lithuania,Northern Europe,Europe,"Alytaus, Kauno, Klaipedos, Marijampoles, Panevezio, Šiauliu, Taurages, Telsiu, Utenos, Vilniaus.",,,No,No,No,,-27,°C,,,,2012,1,,2012,2,,24,,,,,,,,,,,75.3503857046957,"[{""adm1_code"":1866,""adm1_name"":""Alytaus""},{""adm1_code"":1867,""adm1_name"":""Kauno""},{""adm1_code"":1868,""adm1_name"":""Klaipedos""},{""adm1_code"":1869,""adm1_name"":""Marijampoles""},{""adm1_code"":1870,""adm1_name"":""Panevezio""},{""adm1_code"":1871,""adm1_name"":""Siauliu""},{""adm1_code"":1872,""adm1_name"":""Taurages""},{""adm1_code"":1873,""adm1_name"":""Telsiu""},{""adm1_code"":1874,""adm1_name"":""Utenos""},{""adm1_code"":1875,""adm1_name"":""Vilniaus""}]",2012-02-10,2023-09-25
2012-0019-LVA,No,nat-met-ext-col,Natural,Meteorological,Extreme temperature,Cold wave,GLIDE:CW-2012-000006,,LVA,Latvia,Northern Europe,Europe,"Aizkraukles, Aluksnes, Balvu, Bauskas, Cesu, Daugavpils, Dobeles, Gulbenes, Jekabpils, Jelgavas, Kraslavas, Kuldigas, Liepajas, Limbazu, Ludzas, Madonas, Ogres, Preilu, Rezeknes, Rigas, Saldus, Talsu, Tukuma, Valkas, Valmieras, Ventspils provinces",,,No,No,No,,,°C,,,,2012,2,,2012,2,,10,,,,,,,,,,,75.3503857046957,"[{""adm1_code"":1771,""adm1_name"":""Aizkraukles""},{""adm1_code"":1772,""adm1_name"":""Aluksnes""},{""adm1_code"":1773,""adm1_name"":""Balvu""},{""adm1_code"":1774,""adm1_name"":""Bauskas""},{""adm1_code"":1775,""adm1_name"":""Cesu""},{""adm1_code"":1776,""adm1_name"":""Daugavpils""},{""adm1_code"":1777,""adm1_name"":""Dobeles""},{""adm1_code"":1778,""adm1_name"":""Gulbenes""},{""adm1_code"":1779,""adm1_name"":""Jekabpils""},{""adm1_code"":1780,""adm1_name"":""Jelgavas""},{""adm1_code"":1781,""adm1_name"":""Kraslavas""},{""adm1_code"":1782,""adm1_name"":""Kuldigas""},{""adm1_code"":1783,""adm1_name"":""Liepajas""},{""adm1_code"":1784,""adm1_name"":""Limbazu""},{""adm1_code"":1785,""adm1_name"":""Ludzas""},{""adm1_code"":1786,""adm1_name"":""Madonas""},{""adm1_code"":1787,""adm1_name"":""Ogres""},{""adm1_code"":1788,""adm1_name"":""Preilu""},{""adm1_code"":1789,""adm1_name"":""Rezeknes""},{""adm1_code"":1790,""adm1_name"":""Rigas""},{""adm1_code"":1791,""adm1_name"":""Saldus""},{""adm1_code"":1792,""adm1_name"":""Talsu""},{""adm1_code"":1793,""adm1_name"":""Tukuma""},{""adm1_code"":1794,""adm1_name"":""Valkas""},{""adm1_code"":1795,""adm1_name"":""Valmieras""},{""adm1_code"":1796,""adm1_name"":""Ventspils""}]",2012-02-10,2023-09-25
2012-0019-MDA,No,nat-met-ext-col,Natural,Meteorological,Extreme temperature,Cold wave,GLIDE:CW-2012-000006,,MDA,Republic of Moldova,Eastern Europe,Europe,"Soroca, Soldanesti districts (Soroca province), Ocnita, Briceni, Donduseni districts (Edinet province), Singerei, Glodeni, Balti, Falesti, Riscani districts (Balti province), Comrat district (Gagauzia province), Basarabeasca district (Lapusna province), Bender city (Slobozia district, Dubasari province)",,,No,No,No,,,°C,,,,2012,1,30,2012,2,5,10,,7374,,7374,,,,,,,75.3503857046957,"[{""adm2_code"":41166,""adm2_name"":""Balti""},{""adm2_code"":41167,""adm2_name"":""Falesti""},{""adm2_code"":41168,""adm2_name"":""Glodeni""},{""adm2_code"":41169,""adm2_name"":""Riscani""},{""adm2_code"":41170,""adm2_name"":""Singerei""},{""adm2_code"":41184,""adm2_name"":""Slobozia""},{""adm2_code"":41187,""adm2_name"":""Briceni""},{""adm2_code"":41188,""adm2_name"":""Donduseni""},{""adm2_code"":41190,""adm2_name"":""Ocnita""},{""adm2_code"":41192,""adm2_name"":""Comrat""},{""adm2_code"":41193,""adm2_name"":""Basarabeasca""},{""adm2_code"":41202,""adm2_name"":""Soldanesti""},{""adm2_code"":41203,""adm2_name"":""Soroca""}]",2012-11-19,2023-09-25
2012-0019-MKD,No,nat-met-ext-col,Natural,Meteorological,Extreme temperature,Cold wave,GLIDE:CW-2012-000006,,MKD,North Macedonia,Southern Europe,Europe,"Skopje, Veles, Debar, Bitola, Struga, Prilep, Brod, Berevo, Tetovo, Gostivar provinces",,,No,No,No,,,°C,,,,2012,1,,2012,2,,1,,5100,,5100,,,,,,,75.3503857046957,"[{""adm1_code"":2927,""adm1_name"":""Berovo""},{""adm1_code"":2928,""adm1_name"":""Bitola""},{""adm1_code"":2929,""adm1_name"":""Brod""},{""adm1_code"":2930,""adm1_name"":""Debar""},{""adm1_code"":2934,""adm1_name"":""Gostivar""},{""adm1_code"":2944,""adm1_name"":""Prilep""},{""adm1_code"":2948,""adm1_name"":""Skopje""},{""adm1_code"":2950,""adm1_name"":""Struga""},{""adm1_code"":2953,""adm1_name"":""Tetovo""},{""adm1_code"":2955,""adm1_name"":""Veles""}]",2012-08-13,2023-09-25
2012-0019-MNE,No,nat-met-ext-col,Natural,Meteorological,Extreme temperature,Cold wave,GLIDE:CW-2012-000006,,MNE,Montenegro,Southern Europe,Europe,"Kolasin, Mojkovac, Berane, Andrijevica, Plav, Rozaj, Bijelo Polje, Pljevlja, Zabljak, Savnik, Pluzine, Niksic, Cetinje, Bar provinces",,,Yes,No,No,,,°C,,,,2012,2,,2012,2,,1,,4500,,4500,,,,,,,75.3503857046957,"[{""adm1_code"":25350,""adm1_name"":""Andrijevica""},{""adm1_code"":25351,""adm1_name"":""Bar""},{""adm1_code"":25352,""adm1_name"":""Berane""},{""adm1_code"":25353,""adm1_name"":""Bijelo Polje""},{""adm1_code"":25355,""adm1_name"":""Cetinje""},{""adm1_code"":25358,""adm1_name"":""Kolasin""},{""adm1_code"":25360,""adm1_name"":""Mojkovac""},{""adm1_code"":25361,""adm1_name"":""Niksic""},{""adm1_code"":25362,""adm1_name"":""Plav""},{""adm1_code"":25363,""adm1_name"":""Pljevlja""},{""adm1_code"":25364,""adm1_name"":""Pluzine""},{""adm1_code"":25366,""adm1_name"":""Rozaj""},{""adm1_code"":25367,""adm1_name"":""Savnik""},{""adm1_code"":25370,""adm1_name"":""Zabljak""}]",2012-07-18,2023-09-25
2012-0019-NLD,No,nat-met-ext-col,Natural,Meteorological,Extreme temperature,Cold wave,GLIDE:CW-2012-000006,,NLD,Netherlands (Kingdom of the),Western Europe,Europe,"Drenthe, Flevoland, Friesland, Gelderland, Groningen, Limburg, Noord-brabant, Noord-holland, Overijssel, Utrecht, Zeeland, Zuid-holland provinces",,,No,No,No,,,°C,,,,2012,2,,2012,2,,1,,,,,,,,,,,75.3503857046957,"[{""adm1_code"":2158,""adm1_name"":""Drenthe""},{""adm1_code"":2159,""adm1_name"":""Flevoland""},{""adm1_code"":2160,""adm1_name"":""Friesland""},{""adm1_code"":2161,""adm1_name"":""Gelderland""},{""adm1_code"":2162,""adm1_name"":""Groningen""},{""adm1_code"":2163,""adm1_name"":""Limburg""},{""adm1_code"":2164,""adm1_name"":""Noord-brabant""},{""adm1_code"":2165,""adm1_name"":""Noord-holland""},{""adm1_code"":2166,""adm1_name"":""Overijssel""},{""adm1_code"":2167,""adm1_name"":""Utrecht""},{""adm1_code"":2168,""adm1_name"":""Zeeland""},{""adm1_code"":2169,""adm1_name"":""Zuid-holland""}]",2012-02-10,2023-09-25
2012-0019-POL,No,nat-met-ext-col,Natural,Meteorological,Extreme temperature,Cold wave,GLIDE:CW-2012-000006,,POL,Poland,Eastern Europe,Europe,"Dolnoslaskie, Kujawsko-Pomorskie, Lodzkie, Lubeiskie, Lubuskie, Malopolske, Mazowieckie, Opolskie, Podkarpackie, Podlaskie, Pomorskie, Slaskie, Swietokryskie, Warminsko-Mazurskie, Wielkopolskie, Zachodnio-Pomorskie provinces",,,No,No,No,,-32,°C,,,,2012,1,27,2012,2,,82,,,,,,,,,,,75.3503857046957,"[{""adm1_code"":2370,""adm1_name"":""Dolnoslaskie""},{""adm1_code"":2371,""adm1_name"":""Kujawsko-Pomorskie""},{""adm1_code"":2372,""adm1_name"":""Lodzkie""},{""adm1_code"":2373,""adm1_name"":""Lubeiskie""},{""adm1_code"":2374,""adm1_name"":""Lubuskie""},{""adm1_code"":2375,""adm1_name"":""Malopolske""},{""adm1_code"":2376,""adm1_name"":""Mazowieckie""},{""adm1_code"":2377,""adm1_name"":""Opolskie""},{""adm1_code"":2378,""adm1_name"":""Podkarpackie""},{""adm1_code"":2379,""adm1_name"":""Podlaskie""},{""adm1_code"":2380,""adm1_name"":""Pomorskie""},{""adm1_code"":2381,""adm1_name"":""Slaskie""},{""adm1_code"":2382,""adm1_name"":""Swietokrzyskie""},{""adm1_code"":2383,""adm1_name"":""Warminsko-Mazurskie""},{""adm1_code"":2384,""adm1_name"":""Wielkopolskie""},{""adm1_code"":2385,""adm1_name"":""Zachodnio-Pomorskie""}]",2012-02-10,2023-09-25
2012-0019-ROU,No,nat-met-ext-col,Natural,Meteorological,Extreme temperature,Cold wave,GLIDE:CW-2012-000006,,ROU,Romania,Eastern Europe,Europe,"Tulcea, Botosani, Neamt, Olt, Constanta, Sibiu, Vrancea, Teleorman, Calarasi, Braila, Galati, Giurgiu, Buzau, Ialomita provinces",,,No,No,Yes,,-32.5,°C,,,,2012,1,23,2012,2,16,86,239,7300,,7539,,,,,,,75.3503857046957,"[{""adm1_code"":2452,""adm1_name"":""Botosani""},{""adm1_code"":2453,""adm1_name"":""Braila""},{""adm1_code"":2456,""adm1_name"":""Buzau""},{""adm1_code"":2457,""adm1_name"":""Calarasi""},{""adm1_code"":2460,""adm1_name"":""Constanta""},{""adm1_code"":2464,""adm1_name"":""Galati""},{""adm1_code"":2465,""adm1_name"":""Giurgiu""},{""adm1_code"":2469,""adm1_name"":""Ialomita""},{""adm1_code"":2474,""adm1_name"":""Neamt""},{""adm1_code"":2475,""adm1_name"":""Olt""},{""adm1_code"":2479,""adm1_name"":""Sibiu""},{""adm1_code"":2481,""adm1_name"":""Teleorman""},{""adm1_code"":2483,""adm1_name"":""Tulcea""},{""adm1_code"":2486,""adm1_name"":""Vrancea""}]",2012-08-22,2023-09-25
2012-0019-RUS,No,nat-met-ext-col,Natural,Meteorological,Extreme temperature,Cold wave,GLIDE:CW-2012-000006,,RUS,Russian Federation,Eastern Europe,Europe,"Moskva, Moskovskaya Oblast, Sakha Rep. provinces",,,No,No,No,,-34,°C,,,,2012,1,1,2012,2,,64,,,,,,,,,,,75.3503857046957,"[{""adm1_code"":2534,""adm1_name"":""Moskovskaya Oblast""},{""adm1_code"":2535,""adm1_name"":""Moskva""},{""adm1_code"":2551,""adm1_name"":""Sakha Rep.""}]",2012-02-10,2023-09-25
2012-0019-SRB,No,nat-met-ext-col,Natural,Meteorological,Extreme temperature,Cold wave,GLIDE:CW-2012-000006,,SRB,Serbia,Southern Europe,Europe,"Sjenica, Nova Varos, Bajna Basta, Prijepolje, Priboj cities (Zlatiborski province), Kraljevo, Novi Pazar, Tutin cities (Raski province), Valjevo, Osecina cities (Kolubarski province), Ivanjica, Gornji Milanoviac, Lucani cities (Moravicki province), Prokuplje, Kursumlija cities (Toplicki province), Zagubica city (Branicevski province), Trgoviste, Surdulica, Vladicin Han, Bosilegrad, Vranje cities (Pcinjski province), Crna Trava, Medvela, Lebane, Vlasotince cities (Jablanicki province), Boljevac city (Zajecarski province)",,,No,No,Yes,,-30,°C,,,,2012,1,28,2012,2,,10,,70000,,70000,,,,,,,75.3503857046957,"[{""adm1_code"":25372,""adm1_name"":""Branicevski""},{""adm1_code"":25374,""adm1_name"":""Jablanicki""},{""adm1_code"":25377,""adm1_name"":""Kolubarski""},{""adm1_code"":25382,""adm1_name"":""Moravicki""},{""adm1_code"":25384,""adm1_name"":""Pcinjski""},{""adm1_code"":25391,""adm1_name"":""Raski""},{""adm1_code"":25397,""adm1_name"":""Toplicki""},{""adm1_code"":25398,""adm1_name"":""Zajecarski""},{""adm1_code"":25400,""adm1_name"":""Zlatiborski""}]",2012-02-24,2023-09-25
2012-0019-SVK,No,nat-met-ext-col,Natural,Meteorological,Extreme temperature,Cold wave,GLIDE:CW-2012-000006,,SVK,Slovakia,Eastern Europe,Europe,"Sunava city (Poprad district, Presov province)",,,No,No,No,,,°C,,,,2012,1,,2012,1,,5,,,,,,,,,,,75.3503857046957,"[{""adm2_code"":25472,""adm2_name"":""Poprad""}]",2012-01-31,2023-09-25
2012-0019-UKR,No,nat-met-ext-col,Natural,Meteorological,Extreme temperature,Cold wave,GLIDE:CW-2012-000006,,UKR,Ukraine,Eastern Europe,Europe,"Luhans'ka, Kyyivs'ka provinces",,,No,No,No,,-30,°C,,,,2012,1,27,2012,2,,112,2500,85000,,87500,,,,,,,75.3503857046957,"[{""adm1_code"":3159,""adm1_name"":""Kyyivs'ka""},{""adm1_code"":3161,""adm1_name"":""Luhans'ka""}]",2012-02-10,2023-09-25
2012-0033-BGR,No,nat-hyd-flo-riv,Natural,Hydrological,Flood,Riverine flood,,,BGR,Bulgaria,Eastern Europe,Europe,"Haskovo, Kardzhali provinces ; Galabovo district (Stara Zagora province), Svilengrad district (Haskovo province) ; Bisser village, Harmanli city (Harmanli district, Harmanli province), Nedelino city (Nedelino district, Smoljan province)",Heavy rains and melting snow,Broken Dam/Burst bank,No,No,Yes,,47136.84,Km2,42.555,24.26,,2012,2,1,2012,2,6,5,,37950,,37950,,,,,4400,5839,75.3503857046957,"[{""adm1_code"":706,""adm1_name"":""Haskovo""},{""adm1_code"":708,""adm1_name"":""Kardzhali""},{""adm2_code"":12024,""adm2_name"":""Nedelino""},{""adm2_code"":12053,""adm2_name"":""Galabovo""}]",2013-02-01,2023-09-25
2012-0053-RUS,No,tec-mis-exp-exp,Technological,Miscellaneous accident,Explosion (Miscellaneous),Explosion (Miscellaneous),,Building,RUS,Russian Federation,Eastern Europe,Europe,Astrakhan,,,No,No,No,,,,,,,2012,2,27,2012,2,27,10,12,,,12,,,,,,,75.3503857046957,,2012-02-29,2023-09-25
2012-0062-POL,No,tec-tra-rai-rai,Technological,Transport,Rail,Rail,,,POL,Poland,Eastern Europe,Europe,Szczekociny,,,No,No,No,,,,,,,2012,3,3,2012,3,3,16,60,,,60,,,,,,,75.3503857046957,,2012-03-08,2023-09-25
2012-0064-CHE,No,tec-tra-roa-roa,Technological,Transport,Road,Road,,,CHE,Switzerland,Western Europe,Europe,Valais county,,,No,No,No,,,,,,,2012,3,13,2012,3,13,28,,,,,,,,,,,75.3503857046957,,2012-03-15,2023-09-25
2012-0080-GRC,No,nat-hyd-flo-riv,Natural,Hydrological,Flood,Riverine flood,,,GRC,Greece,Southern Europe,Europe,"Achaias, Ileias districts (Dytiki Ellada)",Torrential rain,,No,No,No,,9251,Km2,39.8677,21.01,eVROS,2012,2,3,2012,2,6,1,,200,,200,,,,,,,75.3503857046957,"[{""adm2_code"":16681,""adm2_name"":""Achaias""},{""adm2_code"":16683,""adm2_name"":""Ileias""}]",2013-02-01,2023-09-25
2012-0090-RUS,No,tec-tra-air-air,Technological,Transport,Air,Air,,ATR 72,RUS,Russian Federation,Eastern Europe,Europe,Near Tioumen (Siberia),,,No,No,No,,,,,,,2012,4,2,2012,4,2,33,10,,,10,,,,,,,75.3503857046957,,2012-04-26,2023-09-25
2012-0098-RUS,No,nat-cli-wil-lan,Natural,Climatological,Wildfire,"Land fire (Brush, Bush, Pasture)",,,RUS,Russian Federation,Eastern Europe,Europe,Tygda city (Amurskaya Oblast province),,,No,No,No,,,Km2,,,,2012,4,20,2012,4,20,2,346,,252,598,,,,,,,75.3503857046957,"[{""adm1_code"":2491,""adm1_name"":""Amurskaya Oblast""}]",2013-02-01,2023-09-25
2012-0101-NLD,No,tec-tra-rai-rai,Technological,Transport,Rail,Rail,,,NLD,Netherlands (Kingdom of the),Western Europe,Europe,Near Amsterdam,,,No,No,No,,,,,,,2012,4,21,2012,4,21,1,117,,,117,,,,,,,75.3503857046957,,2012-04-24,2023-09-25
2012-0111-RUS,No,nat-hyd-flo-riv,Natural,Hydrological,Flood,Riverine flood,,,RUS,Russian Federation,Eastern Europe,Europe,"Ryazanskaya Oblast, Volgogradskaya Oblast provinces","Temperature, melting snow and spring rains",,No,No,No,,,Km2,,,Mokcha,2012,4,22,2012,4,27,,,11871,,11871,,,,,17000,22561,75.3503857046957,"[{""adm1_code"":2550,""adm1_name"":""Ryazanskaya Oblast""},{""adm1_code"":2572,""adm1_name"":""Volgogradskaya Oblast""}]",2013-02-01,2023-09-25
2012-0119-RUS,No,tec-mis-fir-fir,Technological,Miscellaneous accident,Fire (Miscellaneous),Fire (Miscellaneous),,Hangar of an open market,RUS,Russian Federation,Eastern Europe,Europe,Moscow,,,No,No,No,,,,,,,2012,4,2,2012,4,3,17,,,,,,,,,,,75.3503857046957,,2012-04-26,2023-09-25
2012-0121-ITA,No,tec-tra-wat-wat,Technological,Transport,Water,Water,,Migrants,ITA,Italy,Southern Europe,Europe,,,,No,No,No,,,,,,,2012,4,3,2012,4,3,10,,48,,48,,,,,,,75.3503857046957,,2012-04-26,2023-09-25
2012-0142-ITA,No,nat-geo-ear-gro,Natural,Geophysical,Earthquake,Ground movement,USGS:usp000jkn8,,ITA,Italy,Southern Europe,Europe,"Finale Emilia, Mirandola towns (Modena Province, Emilia-romagna Region), Sant'Agostino area (Ferrara province, Emilia-romagna Region)",,,No,No,No,,6,Moment Magnitude,44.89,11.23,,2012,5,20,2012,5,20,7,50,11000,,11050,,,1300000,1725273,15800000,20968705,75.3503857046957,"[{""adm2_code"":18335,""adm2_name"":""Ferrara""},{""adm2_code"":18337,""adm2_name"":""Modena""}]",2012-07-06,2023-09-25
2012-0150-ALB,No,tec-tra-roa-roa,Technological,Transport,Road,Road,,,ALB,Albania,Southern Europe,Europe,Qafa e Vishes (near Himare),,,No,No,No,,,,,,,2012,5,21,2012,5,21,13,20,,,20,,,,,,,75.3503857046957,,2012-05-23,2023-09-25
2012-0152-BGR,No,nat-geo-ear-gro,Natural,Geophysical,Earthquake,Ground movement,GLIDE:EQ-2012-000086|USGS:usp000jkrw,,BGR,Bulgaria,Eastern Europe,Europe,"Pernik town (Pernik Province), Sofia town (Sofia-city Province)",,,No,No,No,,5.6,Moment Magnitude,42.645,22.968,,2012,5,22,2012,5,22,,70,140,,210,,,,,,,75.3503857046957,"[{""adm1_code"":713,""adm1_name"":""Pernik""},{""adm1_code"":723,""adm1_name"":""Sofia-city""}]",2012-07-23,2023-09-25
2012-0162-ITA,No,nat-geo-ear-gro,Natural,Geophysical,Earthquake,Ground movement,GLIDE:EQ-2012-000090|USGS:usp000jm2n,,ITA,Italy,Southern Europe,Europe,Modena Province (Emilia-romagna Region),,,No,No,No,,5.8,Moment Magnitude,44.851,11.086,,2012,5,29,2012,5,29,17,350,,14000,14350,,,1300000,1725273,,,75.3503857046957,"[{""adm2_code"":18337,""adm2_name"":""Modena""}]",2012-07-06,2023-09-25
2012-0193-UKR,No,tec-tra-roa-roa,Technological,Transport,Road,Road,,,UKR,Ukraine,Eastern Europe,Europe,Tchernigiv region,,,No,No,No,,,,,,,2012,7,9,2012,7,9,14,29,,,29,,,,,,,75.3503857046957,,2012-07-09,2023-09-25
2012-0206-POL,No,nat-met-sto-tor,Natural,Meteorological,Storm,Tornado,,,POL,Poland,Eastern Europe,Europe,"Wycinki village (Starogard Gdanski district, Pomorskie province), Stara Rzeka village (Swiecie district, Kujawsko-Pomorskie province) ; Tuchola district (Kujawsko-Pomorskie province)",,,No,No,No,,,Kph,,,,2012,7,14,2012,7,15,1,10,300,,310,,,,,5900,7830,75.3503857046957,"[{""adm2_code"":24326,""adm2_name"":""Swiecie""},{""adm2_code"":24329,""adm2_name"":""Tuchola""},{""adm2_code"":24529,""adm2_name"":""Starogard Gdanski""}]",2013-02-01,2023-09-25
2012-0213-RUS,No,nat-hyd-flo-fla,Natural,Hydrological,Flood,Flash flood,GLIDE:FF-2012-000115,,RUS,Russian Federation,Eastern Europe,Europe,"Gelendzhik, Divnomorskoye, Krymsk, Nizhnebakanskaya, Neberdzhaevskaya, Kabardinka, Novorossiysk cities (Krasnodarskiy Kray province)",,,No,No,No,,,Km2,,,,2012,7,11,2012,7,11,172,3910,22000,5500,31410,,,30000,39814,600000,796280,75.3503857046957,"[{""adm1_code"":2524,""adm1_name"":""Krasnodarskiy Kray""}]",2013-02-01,2023-09-25
2012-0243-RUS,No,nat-hyd-flo-riv,Natural,Hydrological,Flood,Riverine flood,GLIDE:FL-2012-000063,,RUS,Russian Federation,Eastern Europe,Europe,"Rudniansky, Kamylshensky, Elansky districts (Volgogradskaya Oblast province)",,,No,No,No,,,Km2,,,,2012,4,10,2012,4,10,,,2406,,2406,,,,,,,75.3503857046957,"[{""adm1_code"":2572,""adm1_name"":""Volgogradskaya Oblast""}]",2012-07-23,2023-09-25
2012-0279-ESP,No,nat-cli-wil-wil,Natural,Climatological,Wildfire,Wildfire (General),,,ESP,Spain,Southern Europe,Europe,Girona district (Cataluna/Catalunya province),,,No,No,No,,,Km2,,,,2012,7,22,2012,7,27,4,6,,,6,,,,,,,75.3503857046957,"[{""adm2_code"":25807,""adm2_name"":""Girona""}]",2014-06-23,2023-09-25
2012-0289-MDA,No,tec-tra-roa-roa,Technological,Transport,Road,Road,,,MDA,Republic of Moldova,Eastern Europe,Europe,Center,,,No,No,No,,,,,,,2012,8,9,2012,8,9,11,30,,,30,,,,,,,75.3503857046957,,2012-08-13,2023-09-25
2012-0291-MNE,No,tec-mis-fir-fir,Technological,Miscellaneous accident,Fire (Miscellaneous),Fire (Miscellaneous),,Camp,MNE,Montenegro,Southern Europe,Europe,Podgorica,,,Yes,No,No,,,,,,,2012,7,25,2012,7,25,,,,800,800,,,,,,,75.3503857046957,,2012-08-13,2023-09-25
2012-0339-RUS,No,tec-ind-fir-fir,Technological,Industrial accident,Fire (Industrial),Fire (Industrial),,Sewing buildings,RUS,Russian Federation,Eastern Europe,Europe,Legorievsk (Moscow region),,,No,No,No,,,m3,,,,2012,9,11,2012,9,11,14,4,,,4,,,,,,,75.3503857046957,,2012-09-12,2023-09-25
2012-0342-RUS,No,tec-tra-air-air,Technological,Transport,Air,Air,,AN-28,RUS,Russian Federation,Eastern Europe,Europe,Kamtchatka region (Extreme-Orient),,,No,No,No,,,,,,,2012,9,12,2012,9,12,10,4,,,4,,,,,,,75.3503857046957,,2012-09-12,2023-09-25
2012-0365-RUS,No,tec-tra-roa-roa,Technological,Transport,Road,Road,,,RUS,Russian Federation,Eastern Europe,Europe,Stavropol region,,,No,No,No,,,,,,,2012,9,15,2012,9,15,10,,,,,,,,,,,75.3503857046957,,2012-09-17,2023-09-25
2012-0368-ITA,No,tec-tra-wat-wat,Technological,Transport,Water,Water,,Migrants,ITA,Italy,Southern Europe,Europe,Near Lampedusa Isl.,,,No,No,No,,,,,,,2012,9,6,2012,9,7,11,,56,,56,,,,,,,75.3503857046957,,2012-09-17,2023-09-25
2012-0412-RUS,No,tec-tra-wat-wat,Technological,Transport,Water,Water,,,RUS,Russian Federation,Eastern Europe,Europe,Okhotsk sea,,,No,No,No,,,,,,,2012,10,28,2012,10,28,11,,,,,,,,,,,75.3503857046957,,2012-11-09,2023-09-25
2012-0413-POL,No,nat-met-ext-col,Natural,Meteorological,Extreme temperature,Cold wave,,,POL,Poland,Eastern Europe,Europe,"Dolnoslaskie, Kujawsko-Pomorskie, Lodzkie, Lubeiskie, Lubuskie, Malopolske, Mazowieckie, Opolskie, Podkarpackie, Podlaskie, Pomorskie, Slaskie, Swietokrzyskie, Warminsko-Mazurskie, Wielkopolskie, Zachodnio-Pomorskie provinces",,,No,No,No,,,°C,,,,2012,10,28,2012,12,1,14,,,,,,,,,,,75.3503857046957,"[{""adm1_code"":2370,""adm1_name"":""Dolnoslaskie""},{""adm1_code"":2371,""adm1_name"":""Kujawsko-Pomorskie""},{""adm1_code"":2372,""adm1_name"":""Lodzkie""},{""adm1_code"":2373,""adm1_name"":""Lubeiskie""},{""adm1_code"":2374,""adm1_name"":""Lubuskie""},{""adm1_code"":2375,""adm1_name"":""Malopolske""},{""adm1_code"":2376,""adm1_name"":""Mazowieckie""},{""adm1_code"":2377,""adm1_name"":""Opolskie""},{""adm1_code"":2378,""adm1_name"":""Podkarpackie""},{""adm1_code"":2379,""adm1_name"":""Podlaskie""},{""adm1_code"":2380,""adm1_name"":""Pomorskie""},{""adm1_code"":2381,""adm1_name"":""Slaskie""},{""adm1_code"":2382,""adm1_name"":""Swietokrzyskie""},{""adm1_code"":2383,""adm1_name"":""Warminsko-Mazurskie""},{""adm1_code"":2384,""adm1_name"":""Wielkopolskie""},{""adm1_code"":2385,""adm1_name"":""Zachodnio-Pomorskie""}]",2013-01-02,2023-09-25
2012-0424-ITA,No,tec-tra-wat-wat,Technological,Transport,Water,Water,,Migrants,ITA,Italy,Southern Europe,Europe,Between Lampedusa Isl. and Lybian coast,,,No,No,No,,,,,,,2012,10,29,2012,10,29,10,,,,,,,,,,,75.3503857046957,,2012-11-19,2023-09-25
2012-0444-RUS,No,nat-hyd-flo-riv,Natural,Hydrological,Flood,Riverine flood,,,RUS,Russian Federation,Eastern Europe,Europe,"Rostovskaya Oblast, Volgogradskaya Oblast, Kalmykiya Rep., Astrakhanskaya Oblast, Chechnya Rep., Dagestan Rep., Ingushetiya Rep., Adygeya Rep., Kabardino-balkariya Rep., Karatchayevo-cherkesiya Rep., Severnaya Osetiya-alaniya Rep., Krasnodarskiy Kray, Stavropolskiy Kray provinces",Torrential rains,,No,No,No,,10482,Km2,42.33,47.59,,2012,10,9,2012,10,15,7,,1120,,1120,,,,,,,75.3503857046957,"[{""adm1_code"":2487,""adm1_name"":""Adygeya Rep.""},{""adm1_code"":2493,""adm1_name"":""Astrakhanskaya Oblast""},{""adm1_code"":2498,""adm1_name"":""Chechnya Rep.""},{""adm1_code"":2503,""adm1_name"":""Dagestan Rep.""},{""adm1_code"":2505,""adm1_name"":""Ingushetiya Rep.""},{""adm1_code"":2508,""adm1_name"":""Kabardino-balkariya Rep.""},{""adm1_code"":2510,""adm1_name"":""Kalmykiya Rep.""},{""adm1_code"":2513,""adm1_name"":""Karatchayevo-cherkesiya Rep.""},{""adm1_code"":2524,""adm1_name"":""Krasnodarskiy Kray""},{""adm1_code"":2549,""adm1_name"":""Rostovskaya Oblast""},{""adm1_code"":2556,""adm1_name"":""Severnaya Osetiya-alaniya Rep.""},{""adm1_code"":2558,""adm1_name"":""Stavropolskiy Kray""},{""adm1_code"":2572,""adm1_name"":""Volgogradskaya Oblast""}]",2012-11-21,2023-09-25
2012-0446-GBR,No,nat-hyd-flo-riv,Natural,Hydrological,Flood,Riverine flood,,,GBR,United Kingdom of Great Britain and Northern Ireland,Northern Europe,Europe,"Morpeth, Newburn, Cheshire, Rothbury, Gilling west villages (Northumberland district) (England province) ; North Yorkshire district (England province)","Heavy rains, hurricane Nadine",,No,No,No,,8507,Km2,54.04,-2.13,,2012,9,23,2012,9,27,3,,1500,,1500,,,,,81000,107498,75.3503857046957,"[{""adm2_code"":40123,""adm2_name"":""North Yorkshire""},{""adm2_code"":40125,""adm2_name"":""Northumberland""}]",2013-03-28,2023-09-25
2012-0449-ESP,No,nat-hyd-flo-riv,Natural,Hydrological,Flood,Riverine flood,,,ESP,Spain,Southern Europe,Europe,"Andalucía, Región de Murcia, Comunitat Valenciana province",,,No,No,No,,,Km2,,,Guadalahorce,2012,9,28,2012,9,29,10,35,600,,635,,,260000,345055,395000,524218,75.3503857046957,"[{""adm1_code"":2716,""adm1_name"":""Andalucía""},{""adm1_code"":2726,""adm1_name"":""Comunitat Valenciana""},{""adm1_code"":2731,""adm1_name"":""Región de Murcia""}]",2013-02-01,2023-09-25
2012-0466-ITA,No,nat-hyd-flo-riv,Natural,Hydrological,Flood,Riverine flood,,,ITA,Italy,Southern Europe,Europe,"Massa-carrara, Pisa, Livorno, Siena districts (Toscana province) Capalbio, Albinia, Orbetello towns (Grossetto district, Toscana province), Orvieto town (Terni district, Umbria province), Venezia district (Veneto province), Roma district (Lazio province)",Torrential rain,,No,No,No,,,Km2,43.1605,12.41,,2012,11,11,2012,11,18,4,,500,700,1200,,,,,15000,19907,75.3503857046957,"[{""adm2_code"":18350,""adm2_name"":""Roma""},{""adm2_code"":18401,""adm2_name"":""Grosseto""},{""adm2_code"":18402,""adm2_name"":""Livorno""},{""adm2_code"":18404,""adm2_name"":""Massa-carrara""},{""adm2_code"":18405,""adm2_name"":""Pisa""},{""adm2_code"":18408,""adm2_name"":""Siena""},{""adm2_code"":18412,""adm2_name"":""Terni""},{""adm2_code"":18418,""adm2_name"":""Venezia""}]",2012-11-21,2023-09-25
2012-0485-BGR,No,nat-met-ext-col,Natural,Meteorological,Extreme temperature,Cold wave,,,BGR,Bulgaria,Eastern Europe,Europe,"Blagoevgrad, Burgas, Dobrich, Gabrovo, Haskovo, Jambol, Kardzhali, Kustendil, Lovech, Montana, Pazardzhik, Pernik, Pleven, Plovdiv, Razgrad, Ruse, Shumen, Silistra, Sliven, Smoljan, Sofia, Sofia-city, Stara Zagora, Targovishte, Varna, Veliko Tarnovo, Vidin, Vratca, provinces",,,No,No,No,,-19,°C,,,,2012,12,1,2012,12,15,3,,,,,,,,,,,75.3503857046957,"[{""adm1_code"":702,""adm1_name"":""Blagoevgrad""},{""adm1_code"":703,""adm1_name"":""Burgas""},{""adm1_code"":704,""adm1_name"":""Dobrich""},{""adm1_code"":705,""adm1_name"":""Gabrovo""},{""adm1_code"":706,""adm1_name"":""Haskovo""},{""adm1_code"":707,""adm1_name"":""Jambol""},{""adm1_code"":708,""adm1_name"":""Kardzhali""},{""adm1_code"":709,""adm1_name"":""Kustendil""},{""adm1_code"":710,""adm1_name"":""Lovech""},{""adm1_code"":711,""adm1_name"":""Montana""},{""adm1_code"":712,""adm1_name"":""Pazardzhik""},{""adm1_code"":713,""adm1_name"":""Pernik""},{""adm1_code"":714,""adm1_name"":""Pleven""},{""adm1_code"":715,""adm1_name"":""Plovdiv""},{""adm1_code"":716,""adm1_name"":""Razgrad""},{""adm1_code"":717,""adm1_name"":""Ruse""},{""adm1_code"":718,""adm1_name"":""Shumen""},{""adm1_code"":719,""adm1_name"":""Silistra""},{""adm1_code"":720,""adm1_name"":""Sliven""},{""adm1_code"":721,""adm1_name"":""Smoljan""},{""adm1_code"":722,""adm1_name"":""Sofia""},{""adm1_code"":723,""adm1_name"":""Sofia-city""},{""adm1_code"":724,""adm1_name"":""Stara Zagora""},{""adm1_code"":725,""adm1_name"":""Targovishte""},{""adm1_code"":726,""adm1_name"":""Varna""},{""adm1_code"":727,""adm1_name"":""Veliko Tarnovo""},{""adm1_code"":728,""adm1_name"":""Vidin""},{""adm1_code"":729,""adm1_name"":""Vratca""}]",2013-02-01,2023-09-25
2012-0485-CHE,No,nat-met-ext-col,Natural,Meteorological,Extreme temperature,Cold wave,,,CHE,Switzerland,Western Europe,Europe,"Aargau, Appenzell Ausser-rhoden, Appenzell Inner-rhoden, Basel-landschaft, Basel-stadt, Bern, Fribourg, Geneve, Glarus, Graubunden, Jura, Luzern, Neuchatel, Nidwalden, Obwalden, Sankt Gallen, Schaffhausen, Schwyz, Solothurn, Thurgau, Ticino, Uri, Valais, Vaud, Zug, Zurich provinces",,,No,No,No,,,°C,,,,2012,12,7,2012,12,31,11,,,,,,,,,,,75.3503857046957,"[{""adm1_code"":2807,""adm1_name"":""Aargau""},{""adm1_code"":2808,""adm1_name"":""Appenzell Ausser-rhoden""},{""adm1_code"":2809,""adm1_name"":""Appenzell Inner-rhoden""},{""adm1_code"":2810,""adm1_name"":""Basel-landschaft""},{""adm1_code"":2811,""adm1_name"":""Basel-stadt""},{""adm1_code"":2812,""adm1_name"":""Bern""},{""adm1_code"":2813,""adm1_name"":""Fribourg""},{""adm1_code"":2814,""adm1_name"":""Geneve""},{""adm1_code"":2815,""adm1_name"":""Glarus""},{""adm1_code"":2816,""adm1_name"":""Graubunden""},{""adm1_code"":2817,""adm1_name"":""Jura""},{""adm1_code"":2818,""adm1_name"":""Luzern""},{""adm1_code"":2819,""adm1_name"":""Neuchatel""},{""adm1_code"":2820,""adm1_name"":""Nidwalden""},{""adm1_code"":2821,""adm1_name"":""Obwalden""},{""adm1_code"":2822,""adm1_name"":""Sankt Gallen""},{""adm1_code"":2823,""adm1_name"":""Schaffhausen""},{""adm1_code"":2824,""adm1_name"":""Schwyz""},{""adm1_code"":2825,""adm1_name"":""Solothurn""},{""adm1_code"":2826,""adm1_name"":""Thurgau""},{""adm1_code"":2827,""adm1_name"":""Ticino""},{""adm1_code"":2828,""adm1_name"":""Uri""},{""adm1_code"":2829,""adm1_name"":""Valais""},{""adm1_code"":2830,""adm1_name"":""Vaud""},{""adm1_code"":2831,""adm1_name"":""Zug""},{""adm1_code"":2832,""adm1_name"":""Zurich""}]",2013-02-01,2023-09-25
2012-0485-CZE,No,nat-met-ext-col,Natural,Meteorological,Extreme temperature,Cold wave,,,CZE,Czechia,Eastern Europe,Europe,"Jihocesky, Jihomoravsky, Praha, Severocesky, Severomoravsky, Stredocesky, Vychodocesky, Zapadocesky provinces",,,No,No,No,,,°C,,,,2012,12,7,2012,12,7,7,,,,,,,,,,,75.3503857046957,"[{""adm1_code"":1030,""adm1_name"":""Jihocesky""},{""adm1_code"":1031,""adm1_name"":""Jihomoravsky""},{""adm1_code"":1032,""adm1_name"":""Praha""},{""adm1_code"":1033,""adm1_name"":""Severocesky""},{""adm1_code"":1034,""adm1_name"":""Severomoravsky""},{""adm1_code"":1035,""adm1_name"":""Stredocesky""},{""adm1_code"":1036,""adm1_name"":""Vychodocesky""},{""adm1_code"":1037,""adm1_name"":""Zapadocesky""}]",2013-02-01,2023-09-25
2012-0485-DEU,No,nat-met-ext-col,Natural,Meteorological,Extreme temperature,Cold wave,,,DEU,Germany,Western Europe,Europe,"Baden-Wuerttemberg, Bayern, Berlin, Brandenburg, Bremen, Hamburg, Hessen, Mecklenburg-Vorpommern, Niedersachsen, Nordrhein-Westfalen, Rheinland-Pfalz, Saarland, Sachsen, Sachsen-Anhalt, Schleswig-Holstein, Thueringen provinces",,,No,No,No,,,°C,,,,2012,12,7,2012,12,31,2,,,,,,,,,,,75.3503857046957,"[{""adm1_code"":1308,""adm1_name"":""Baden-Wuerttemberg""},{""adm1_code"":1309,""adm1_name"":""Bayern""},{""adm1_code"":1310,""adm1_name"":""Berlin""},{""adm1_code"":1311,""adm1_name"":""Brandenburg""},{""adm1_code"":1312,""adm1_name"":""Bremen""},{""adm1_code"":1313,""adm1_name"":""Hamburg""},{""adm1_code"":1314,""adm1_name"":""Hessen""},{""adm1_code"":1315,""adm1_name"":""Mecklenburg-Vorpommern""},{""adm1_code"":1316,""adm1_name"":""Niedersachsen""},{""adm1_code"":1317,""adm1_name"":""Nordrhein-Westfalen""},{""adm1_code"":1318,""adm1_name"":""Rheinland-Pfalz""},{""adm1_code"":1319,""adm1_name"":""Saarland""},{""adm1_code"":1320,""adm1_name"":""Sachsen""},{""adm1_code"":1321,""adm1_name"":""Sachsen-Anhalt""},{""adm1_code"":1322,""adm1_name"":""Schleswig-Holstein""},{""adm1_code"":1323,""adm1_name"":""Thueringen""}]",2013-02-01,2023-09-25
2012-0485-HRV,No,nat-met-ext-col,Natural,Meteorological,Extreme temperature,Cold wave,,,HRV,Croatia,Southern Europe,Europe,"Bjelovar-bilogora, Dubrovnik-neretva, Grad Zagreb, Istra, Karlovac, Koprivnica-krizevci, Krapina-zagorje, Lika-senj, Medimurje, Osijek-baranja, Pozega-slavonija, Primorje-gorski Kota, Sibenik, Sisak-moslavina, Slavonski Brod-posav, Split- dalmatija, Varazdin, Virovitica-podravina, Vukovar-srijem, Zadar-knin, Zagreb provinces",,,No,No,No,,,°C,,,,2012,12,7,2012,12,31,4,,,,,,,,,,,75.3503857046957,"[{""adm1_code"":988,""adm1_name"":""Bjelovar-bilogora""},{""adm1_code"":989,""adm1_name"":""Dubrovnik-neretva""},{""adm1_code"":990,""adm1_name"":""Grad Zagreb""},{""adm1_code"":991,""adm1_name"":""Istra""},{""adm1_code"":992,""adm1_name"":""Karlovac""},{""adm1_code"":993,""adm1_name"":""Koprivnica-krizevci""},{""adm1_code"":994,""adm1_name"":""Krapina-zagorje""},{""adm1_code"":995,""adm1_name"":""Lika-senj""},{""adm1_code"":996,""adm1_name"":""Medimurje""},{""adm1_code"":997,""adm1_name"":""Osijek-baranja""},{""adm1_code"":998,""adm1_name"":""Pozega-slavonija""},{""adm1_code"":999,""adm1_name"":""Primorje-gorski Kota""},{""adm1_code"":1000,""adm1_name"":""Sibenik""},{""adm1_code"":1001,""adm1_name"":""Sisak-moslavina""},{""adm1_code"":1002,""adm1_name"":""Slavonski Brod-posav""},{""adm1_code"":1003,""adm1_name"":""Split-dalmatija""},{""adm1_code"":1004,""adm1_name"":""Varazdin""},{""adm1_code"":1005,""adm1_name"":""Virovitica-podravina""},{""adm1_code"":1006,""adm1_name"":""Vukovar-srijem""},{""adm1_code"":1007,""adm1_name"":""Zadar-knin""},{""adm1_code"":1008,""adm1_name"":""Zagreb""}]",2013-02-01,2023-09-25
2012-0485-LTU,No,nat-met-ext-col,Natural,Meteorological,Extreme temperature,Cold wave,,,LTU,Lithuania,Northern Europe,Europe,"Alytaus, Kauno, Klaipedos, Marijampoles, Panevezio, Siauliu, Taurages, Telsiu, Utenos, Vilniaus provinces",,,No,No,No,,,°C,,,,2012,12,7,2012,12,31,6,,,,,,,,,,,75.3503857046957,"[{""adm1_code"":1866,""adm1_name"":""Alytaus""},{""adm1_code"":1867,""adm1_name"":""Kauno""},{""adm1_code"":1868,""adm1_name"":""Klaipedos""},{""adm1_code"":1869,""adm1_name"":""Marijampoles""},{""adm1_code"":1870,""adm1_name"":""Panevezio""},{""adm1_code"":1871,""adm1_name"":""Siauliu""},{""adm1_code"":1872,""adm1_name"":""Taurages""},{""adm1_code"":1873,""adm1_name"":""Telsiu""},{""adm1_code"":1874,""adm1_name"":""Utenos""},{""adm1_code"":1875,""adm1_name"":""Vilniaus""}]",2013-02-01,2023-09-25
2012-0485-POL,No,nat-met-ext-col,Natural,Meteorological,Extreme temperature,Cold wave,,,POL,Poland,Eastern Europe,Europe,"Dolnoslaskie, Kujawsko-Pomorskie, Lodzkie, Lubeiskie, Lubuskie, Malopolske, Mazowieckie, Opolskie, Podkarpackie, Podlaskie, Pomorskie, Slaskie, Swietokrzyskie, Warminsko-Mazurskie, Wielkopolskie, Zachodnio-Pomorskie provinces",,,No,No,No,,,°C,,,,2012,12,1,2012,12,21,177,,,,,,,,,,,75.3503857046957,"[{""adm1_code"":2370,""adm1_name"":""Dolnoslaskie""},{""adm1_code"":2371,""adm1_name"":""Kujawsko-Pomorskie""},{""adm1_code"":2372,""adm1_name"":""Lodzkie""},{""adm1_code"":2373,""adm1_name"":""Lubeiskie""},{""adm1_code"":2374,""adm1_name"":""Lubuskie""},{""adm1_code"":2375,""adm1_name"":""Malopolske""},{""adm1_code"":2376,""adm1_name"":""Mazowieckie""},{""adm1_code"":2377,""adm1_name"":""Opolskie""},{""adm1_code"":2378,""adm1_name"":""Podkarpackie""},{""adm1_code"":2379,""adm1_name"":""Podlaskie""},{""adm1_code"":2380,""adm1_name"":""Pomorskie""},{""adm1_code"":2381,""adm1_name"":""Slaskie""},{""adm1_code"":2382,""adm1_name"":""Swietokrzyskie""},{""adm1_code"":2383,""adm1_name"":""Warminsko-Mazurskie""},{""adm1_code"":2384,""adm1_name"":""Wielkopolskie""},{""adm1_code"":2385,""adm1_name"":""Zachodnio-Pomorskie""}]",2013-02-11,2023-09-25
2012-0485-RUS,No,nat-met-ext-col,Natural,Meteorological,Extreme temperature,Cold wave,,,RUS,Russian Federation,Eastern Europe,Europe,"Khabarovsk city (Khabarovskiy Kray province), Krasnoyarsk city (Krasnoyarskiy Kray province), Moskva, Moskovskaya Oblast provinces",,,No,No,No,,,°C,,,,2012,12,14,2012,12,25,170,1594,,,1594,,,,,,,75.3503857046957,"[{""adm1_code"":2516,""adm1_name"":""Khabarovskiy Kray""},{""adm1_code"":2525,""adm1_name"":""Krasnoyarskiy Kray""},{""adm1_code"":2534,""adm1_name"":""Moskovskaya Oblast""},{""adm1_code"":2535,""adm1_name"":""Moskva""}]",2013-01-03,2023-09-25
2012-0485-SRB,No,nat-met-ext-col,Natural,Meteorological,Extreme temperature,Cold wave,,,SRB,Serbia,Southern Europe,Europe,"Borski, Branicevski, Grad Beograd, Jablanicki, Juzno-backi, Juzno-banatski, Kolubarski, Kosovski, Kosovsko-mitrovatski, Kosovsko-pomoravski, Macvanski, Moravicki, Nisavski, Pcinjski, Pecki, Pirotski, Podunavski, Pomoravski, Prizremski, Rasinski, Raski, Severno-backi, Severno-banatski, Srednje-banatski, Sremski, Sumadijski, Toplicki, Zajecarski, Zapadno-backi, Zlatiborski provinces",,,No,No,No,,,°C,,,,2012,12,7,2012,12,31,6,,,,,,,,,,,75.3503857046957,"[{""adm1_code"":25371,""adm1_name"":""Borski""},{""adm1_code"":25372,""adm1_name"":""Branicevski""},{""adm1_code"":25373,""adm1_name"":""Grad Beograd""},{""adm1_code"":25374,""adm1_name"":""Jablanicki""},{""adm1_code"":25375,""adm1_name"":""Juzno-backi""},{""adm1_code"":25376,""adm1_name"":""Juzno-banatski""},{""adm1_code"":25377,""adm1_name"":""Kolubarski""},{""adm1_code"":25378,""adm1_name"":""Kosovski""},{""adm1_code"":25379,""adm1_name"":""Kosovsko-mitrovatski""},{""adm1_code"":25380,""adm1_name"":""Kosovsko-pomoravski""},{""adm1_code"":25381,""adm1_name"":""Macvanski""},{""adm1_code"":25382,""adm1_name"":""Moravicki""},{""adm1_code"":25383,""adm1_name"":""Nisavski""},{""adm1_code"":25384,""adm1_name"":""Pcinjski""},{""adm1_code"":25385,""adm1_name"":""Pecki""},{""adm1_code"":25386,""adm1_name"":""Pirotski""},{""adm1_code"":25387,""adm1_name"":""Podunavski""},{""adm1_code"":25388,""adm1_name"":""Pomoravski""},{""adm1_code"":25389,""adm1_name"":""Prizremski""},{""adm1_code"":25390,""adm1_name"":""Rasinski""},{""adm1_code"":25391,""adm1_name"":""Raski""},{""adm1_code"":25392,""adm1_name"":""Severno-backi""},{""adm1_code"":25393,""adm1_name"":""Severno-banatski""},{""adm1_code"":25394,""adm1_name"":""Srednje-banatski""},{""adm1_code"":25395,""adm1_name"":""Sremski""},{""adm1_code"":25396,""adm1_name"":""Sumadijski""},{""adm1_code"":25397,""adm1_name"":""Toplicki""},{""adm1_code"":25398,""adm1_name"":""Zajecarski""},{""adm1_code"":25399,""adm1_name"":""Zapadno-backi""},{""adm1_code"":25400,""adm1_name"":""Zlatiborski""}]",2013-02-01,2023-09-25
2012-0485-UKR,No,nat-met-ext-col,Natural,Meteorological,Extreme temperature,Cold wave,,,UKR,Ukraine,Eastern Europe,Europe,"Cherkas'ka, Chernihivs'ka, Chernivets'ka, Dnipropetrovs'ka, Donets'ka, Ivano-rankivs'ka, Kharkivs'ka, Khersons'ka, Khmel'nyts'ka, Kirovohrads'ka, Krym, Kyyivs'ka, L'vivs'ka, Luhans'ka, Mykolayivs'ka, Odes'ka, Poltavs'ka, Rivnens'ka, Sums'ka, Ternopil's'ka, Vinnyts'ka, Volyns'ka, Zakarpats'ka, Zaporiz'ka, Zhytomyrs'ka provinces",,,No,No,No,,,°C,,,,2012,12,7,2012,12,31,83,526,,,526,,,,,,,75.3503857046957,"[{""adm1_code"":3148,""adm1_name"":""Cherkas'ka""},{""adm1_code"":3149,""adm1_name"":""Chernihivs'ka""},{""adm1_code"":3150,""adm1_name"":""Chernivets'ka""},{""adm1_code"":3151,""adm1_name"":""Dnipropetrovs'ka""},{""adm1_code"":3152,""adm1_name"":""Donets'ka""},{""adm1_code"":3153,""adm1_name"":""Ivano-frankivs'ka""},{""adm1_code"":3154,""adm1_name"":""Kharkivs'ka""},{""adm1_code"":3155,""adm1_name"":""Khersons'ka""},{""adm1_code"":3156,""adm1_name"":""Khmel'nyts'ka""},{""adm1_code"":3157,""adm1_name"":""Kirovohrads'ka""},{""adm1_code"":3158,""adm1_name"":""Krym""},{""adm1_code"":3159,""adm1_name"":""Kyyivs'ka""},{""adm1_code"":3160,""adm1_name"":""L'vivs'ka""},{""adm1_code"":3161,""adm1_name"":""Luhans'ka""},{""adm1_code"":3162,""adm1_name"":""Mykolayivs'ka""},{""adm1_code"":3163,""adm1_name"":""Odes'ka""},{""adm1_code"":3164,""adm1_name"":""Poltavs'ka""},{""adm1_code"":3165,""adm1_name"":""Rivnens'ka""},{""adm1_code"":3166,""adm1_name"":""Sums'ka""},{""adm1_code"":3167,""adm1_name"":""Ternopil's'ka""},{""adm1_code"":3168,""adm1_name"":""Vinnyts'ka""},{""adm1_code"":3169,""adm1_name"":""Volyns'ka""},{""adm1_code"":3170,""adm1_name"":""Zakarpats'ka""},{""adm1_code"":3171,""adm1_name"":""Zaporiz'ka""},{""adm1_code"":3172,""adm1_name"":""Zhytomyrs'ka""}]",2013-01-02,2023-09-25
2012-0488-GBR,No,nat-hyd-flo-riv,Natural,Hydrological,Flood,Riverine flood,,,GBR,United Kingdom of Great Britain and Northern Ireland,Northern Europe,Europe,"Devon city, Stoke Canon, Umberleig villages (Devonshire district) ; Cornwall, Avon, Dorsetshire, Somersetshire, Gloucestershire, Wiltshire districts (England province) ; Wales, Scotland provinces",Heavy rains,,No,No,No,,,Km2,,,Exe,2012,12,23,2012,12,23,,,585,,585,,,,,,,75.3503857046957,"[{""adm1_code"":3184,""adm1_name"":""Scotland""},{""adm1_code"":3186,""adm1_name"":""Wales""},{""adm2_code"":40094,""adm2_name"":""Avon""},{""adm2_code"":40101,""adm2_name"":""Cornwall""},{""adm2_code"":40104,""adm2_name"":""Devonshire""},{""adm2_code"":40105,""adm2_name"":""Dorsetshire""},{""adm2_code"":40109,""adm2_name"":""Gloucestershire""},{""adm2_code"":40129,""adm2_name"":""Somersetshire""},{""adm2_code"":40139,""adm2_name"":""Wiltshire""}]",2013-01-03,2023-09-25
2012-0513-DEU,No,tec-mis-fir-fir,Technological,Miscellaneous accident,Fire (Miscellaneous),Fire (Miscellaneous),,Factory,DEU,Germany,Western Europe,Europe,Forêt-Noire,,,No,No,No,,,,,,,2012,11,26,2012,11,26,14,9,,,9,,,,,,,75.3503857046957,,2013-04-15,2023-09-25
2012-0522-NLD,No,tec-tra-wat-wat,Technological,Transport,Water,Water,,Cargos Baltic Ace and Corvus J.,NLD,Netherlands (Kingdom of the),Western Europe,Europe,,,,No,No,No,,,,,,,2012,12,5,2012,12,5,11,,,,,,,,,,,75.3503857046957,,2013-01-21,2023-09-25
2012-0526-GRC,No,tec-tra-wat-wat,Technological,Transport,Water,Water,,,GRC,Greece,Southern Europe,Europe,Near Lesbos (Egean sea),,,No,No,No,,,,,,,2012,12,16,2012,12,16,27,,,,,,,,,,,75.3503857046957,,2013-01-21,2023-09-25
2012-0548-GBR,No,nat-hyd-flo-riv,Natural,Hydrological,Flood,Riverine flood,,,GBR,United Kingdom of Great Britain and Northern Ireland,Northern Europe,Europe,"Berkshire, Buckinghamshire, East Sussex, Hampshire, Isle of Wight, Kent, Oxfordshire, Surrey, West Sussex districts (South-East England), Derbyshire, Hereford and Wor, Leicestershire, Lincolnshire, Northamptonshire, Nottinghamshire, Salop, Staffordshire, Warwickshire, West Midlands districts (Midlands), Cleveland, Durham, Northumberland, Tyne and Wear districts (Northeast), Devonshire, Cornwall, Avon, Dorsetshire, Somersetshire, Gloucestershire, Wiltshire district (South West England) (England province), Powys district (Mid-Wales) (Wales province)",On emonth worth-of-rainfall,,No,No,No,,,Km2,,,,2012,6,10,2012,6,11,,,,,,,,,,450000,597210,75.3503857046957,"[{""adm2_code"":40094,""adm2_name"":""Avon""},{""adm2_code"":40096,""adm2_name"":""Berkshire""},{""adm2_code"":40097,""adm2_name"":""Buckinghamshire""},{""adm2_code"":40100,""adm2_name"":""Cleveland""},{""adm2_code"":40101,""adm2_name"":""Cornwall""},{""adm2_code"":40103,""adm2_name"":""Derbyshire""},{""adm2_code"":40104,""adm2_name"":""Devonshire""},{""adm2_code"":40105,""adm2_name"":""Dorsetshire""},{""adm2_code"":40106,""adm2_name"":""Durham""},{""adm2_code"":40107,""adm2_name"":""East Sussex""},{""adm2_code"":40109,""adm2_name"":""Gloucestershire""},{""adm2_code"":40112,""adm2_name"":""Hampshire""},{""adm2_code"":40113,""adm2_name"":""Hereford and Wor""},{""adm2_code"":40116,""adm2_name"":""Isle of Wight""},{""adm2_code"":40117,""adm2_name"":""Kent""},{""adm2_code"":40119,""adm2_name"":""Leicestershire""},{""adm2_code"":40120,""adm2_name"":""Lincolnshire""},{""adm2_code"":40124,""adm2_name"":""Northamptonshire""},{""adm2_code"":40125,""adm2_name"":""Northumberland""},{""adm2_code"":40126,""adm2_name"":""Nottinghamshire""},{""adm2_code"":40127,""adm2_name"":""Oxfordshire""},{""adm2_code"":40128,""adm2_name"":""Salop""},{""adm2_code"":40129,""adm2_name"":""Somersetshire""},{""adm2_code"":40131,""adm2_name"":""Staffordshire""},{""adm2_code"":40133,""adm2_name"":""Surrey""},{""adm2_code"":40134,""adm2_name"":""Tyne and Wear""},{""adm2_code"":40135,""adm2_name"":""Warwickshire""},{""adm2_code"":40136,""adm2_name"":""West Midlands""},{""adm2_code"":40137,""adm2_name"":""West Sussex""},{""adm2_code"":40139,""adm2_name"":""Wiltshire""},{""adm2_code"":40184,""adm2_name"":""Powys""}]",2013-04-19,2023-09-25
2012-0549-GBR,No,nat-hyd-flo-fla,Natural,Hydrological,Flood,Flash flood,,,GBR,United Kingdom of Great Britain and Northern Ireland,Northern Europe,Europe,"Bedfordshire, Cambridgeshire, Derbyshire, Essex, Hereford and Wor, Hertfordshire, Leicestershire, Lincolnshire, Norfolkshire, Northamptonshire, Nottinghamshire, Salop, Staffordshire, Suffolk, Warwickshire, West Midlands districts (Central England), Cheshire, Cleveland, Cumbria, Durham, Greater Manchest, Humberside, Lancashire, Merseyside, North Yorkshire, Northumberland, South Yorkshire, Tyne and Wear, West Yorkshire districts (Northern England) (England province) ; Northern Ireland, Scotland provinces",,,No,No,No,,,Km2,,,,2012,6,23,2012,6,24,1,,,,,,,,,785000,1041800,75.3503857046957,"[{""adm1_code"":3183,""adm1_name"":""Northern Ireland""},{""adm1_code"":3184,""adm1_name"":""Scotland""},{""adm2_code"":40095,""adm2_name"":""Bedfordshire""},{""adm2_code"":40098,""adm2_name"":""Cambridgeshire""},{""adm2_code"":40099,""adm2_name"":""Cheshire""},{""adm2_code"":40100,""adm2_name"":""Cleveland""},{""adm2_code"":40102,""adm2_name"":""Cumbria""},{""adm2_code"":40103,""adm2_name"":""Derbyshire""},{""adm2_code"":40106,""adm2_name"":""Durham""},{""adm2_code"":40108,""adm2_name"":""Essex""},{""adm2_code"":40111,""adm2_name"":""Greater Manchest""},{""adm2_code"":40113,""adm2_name"":""Hereford and Wor""},{""adm2_code"":40114,""adm2_name"":""Hertfordshire""},{""adm2_code"":40115,""adm2_name"":""Humberside""},{""adm2_code"":40118,""adm2_name"":""Lancashire""},{""adm2_code"":40119,""adm2_name"":""Leicestershire""},{""adm2_code"":40120,""adm2_name"":""Lincolnshire""},{""adm2_code"":40121,""adm2_name"":""Merseyside""},{""adm2_code"":40122,""adm2_name"":""Norfolkshire""},{""adm2_code"":40123,""adm2_name"":""North Yorkshire""},{""adm2_code"":40124,""adm2_name"":""Northamptonshire""},{""adm2_code"":40125,""adm2_name"":""Northumberland""},{""adm2_code"":40126,""adm2_name"":""Nottinghamshire""},{""adm2_code"":40128,""adm2_name"":""Salop""},{""adm2_code"":40130,""adm2_name"":""South Yorkshire""},{""adm2_code"":40131,""adm2_name"":""Staffordshire""},{""adm2_code"":40132,""adm2_name"":""Suffolk""},{""adm2_code"":40134,""adm2_name"":""Tyne and Wear""},{""adm2_code"":40135,""adm2_name"":""Warwickshire""},{""adm2_code"":40136,""adm2_name"":""West Midlands""},{""adm2_code"":40138,""adm2_name"":""West Yorkshire""}]",2013-02-01,2023-09-25
2012-0551-HRV,No,nat-hyd-flo-riv,Natural,Hydrological,Flood,Riverine flood,,,HRV,Croatia,Southern Europe,Europe,Zagreb city (Zagreb province),,,No,No,No,,,Km2,,,,2012,11,5,2012,11,6,,,1500,,1500,,,,,,,75.3503857046957,"[{""adm1_code"":1008,""adm1_name"":""Zagreb""}]",2013-02-01,2023-09-25
2012-0551-SVN,No,nat-hyd-flo-riv,Natural,Hydrological,Flood,Riverine flood,,,SVN,Slovenia,Southern Europe,Europe,"Duplek district (Podravska province), Dravograd district (Koroska province), Bohinj, Kranj districts (Gorenjska province)",Heavy rains,,No,No,No,,,Km2,,,Sara rivers,2012,11,5,2012,11,6,,,12000,,12000,,,,,265000,351690,75.3503857046957,"[{""adm2_code"":25508,""adm2_name"":""Bohinj""},{""adm2_code"":25512,""adm2_name"":""Kranj""},{""adm2_code"":25546,""adm2_name"":""Dravograd""},{""adm2_code"":25588,""adm2_name"":""Duplek""}]",2013-02-01,2023-09-25
2012-0552-GBR,No,nat-hyd-flo-riv,Natural,Hydrological,Flood,Riverine flood,,,GBR,United Kingdom of Great Britain and Northern Ireland,Northern Europe,Europe,"St Asaph city (Clwyd district, North Wales, Wales province), Roanheads area in Peterhead city (Grampians district), Wick (Highland district) (Scotland province) ; Northamptonshire, Cleveland, Durham, Northumberland, Tyne and Wear districts (Northeast of England) (England province)",Torrential rains,,No,No,No,,,Km2,53.45,-1.19,"Thames, Ouse, Derwent, Cree, Ruchill",2012,11,21,2012,12,18,4,,1700,,1700,,,813000,1078959,1630000,2163227,75.3503857046957,"[{""adm2_code"":40100,""adm2_name"":""Cleveland""},{""adm2_code"":40106,""adm2_name"":""Durham""},{""adm2_code"":40124,""adm2_name"":""Northamptonshire""},{""adm2_code"":40125,""adm2_name"":""Northumberland""},{""adm2_code"":40134,""adm2_name"":""Tyne and Wear""},{""adm2_code"":40171,""adm2_name"":""Grampian""},{""adm2_code"":40172,""adm2_name"":""Highland""},{""adm2_code"":40179,""adm2_name"":""Clwyd""}]",2013-02-07,2023-09-25
2012-9290-ITA,No,nat-cli-dro-dro,Natural,Climatological,Drought,Drought,,,ITA,Italy,Southern Europe,Europe,"Abruzzi, Basilicata, Calabria, Campania, Emilia-romagna, Friuli-venezia Giulia, Lazio, Liguria, Lombardia, Marche, Molise, Piemonte, Puglia, Sardegna, Sicilia, Toscana, Trentino-alto Adige, Umbria, Valle D'aosta, Veneto provinces",,Heat wave,No,No,No,,,Km2,,,,2012,6,1,2012,10,10,,,,,,,,,,1190000,1579289,75.3503857046957,"[{""adm1_code"":1616,""adm1_name"":""Abruzzi""},{""adm1_code"":1617,""adm1_name"":""Basilicata""},{""adm1_code"":1618,""adm1_name"":""Calabria""},{""adm1_code"":1619,""adm1_name"":""Campania""},{""adm1_code"":1620,""adm1_name"":""Emilia-romagna""},{""adm1_code"":1621,""adm1_name"":""Friuli-venezia Giulia""},{""adm1_code"":1622,""adm1_name"":""Lazio""},{""adm1_code"":1623,""adm1_name"":""Liguria""},{""adm1_code"":1624,""adm1_name"":""Lombardia""},{""adm1_code"":1625,""adm1_name"":""Marche""},{""adm1_code"":1626,""adm1_name"":""Molise""},{""adm1_code"":1627,""adm1_name"":""Piemonte""},{""adm1_code"":1628,""adm1_name"":""Puglia""},{""adm1_code"":1629,""adm1_name"":""Sardegna""},{""adm1_code"":1630,""adm1_name"":""Sicilia""},{""adm1_code"":1631,""adm1_name"":""Toscana""},{""adm1_code"":1632,""adm1_name"":""Trentino-alto Adige""},{""adm1_code"":1633,""adm1_name"":""Umbria""},{""adm1_code"":1634,""adm1_name"":""Valle D'aosta""},{""adm1_code"":1635,""adm1_name"":""Veneto""}]",2013-03-28,2023-09-25
2012-9395-RUS,No,nat-cli-dro-dro,Natural,Climatological,Drought,Drought,,,RUS,Russian Federation,Eastern Europe,Europe,"Adygeya Rep., Astrakhanskaya Oblast, Bashkortostan Rep., Belgorodskaya Oblast, Bryanskaya Oblast, Chelyabinskaya Oblast, Kalmykiya Rep., Krasnodarskiy Kray, Kurskaya Oblast, Lipetskaya Oblast, Name Unknown, Orenburgskaya Oblast, Orlovskaya Oblast, Penzenskaya Oblast, Rostovskaya Oblast, Samarskaya Oblast, Saratovskaya Oblast, Stavropolskiy Kray, Tambovskaya Oblast, Ulyanovskaya Oblast, Volgogradskaya Oblast, Voronezhskaya Oblast provinces",,,No,No,No,,,Km2,,,,2012,6,1,2012,8,31,,,,,,,,,,1140000,1512932,75.3503857046957,"[{""adm1_code"":2487,""adm1_name"":""Adygeya Rep.""},{""adm1_code"":2493,""adm1_name"":""Astrakhanskaya Oblast""},{""adm1_code"":2494,""adm1_name"":""Bashkortostan Rep.""},{""adm1_code"":2495,""adm1_name"":""Belgorodskaya Oblast""},{""adm1_code"":2496,""adm1_name"":""Bryanskaya Oblast""},{""adm1_code"":2499,""adm1_name"":""Chelyabinskaya Oblast""},{""adm1_code"":2510,""adm1_name"":""Kalmykiya Rep.""},{""adm1_code"":2524,""adm1_name"":""Krasnodarskiy Kray""},{""adm1_code"":2527,""adm1_name"":""Kurskaya Oblast""},{""adm1_code"":2530,""adm1_name"":""Lipetskaya Oblast""},{""adm1_code"":2537,""adm1_name"":""Name Unknown""},{""adm1_code"":2543,""adm1_name"":""Orenburgskaya Oblast""},{""adm1_code"":2544,""adm1_name"":""Orlovskaya Oblast""},{""adm1_code"":2545,""adm1_name"":""Penzenskaya Oblast""},{""adm1_code"":2549,""adm1_name"":""Rostovskaya Oblast""},{""adm1_code"":2553,""adm1_name"":""Samarskaya Oblast""},{""adm1_code"":2555,""adm1_name"":""Saratovskaya Oblast""},{""adm1_code"":2558,""adm1_name"":""Stavropolskiy Kray""},{""adm1_code"":2560,""adm1_name"":""Tambovskaya Oblast""},{""adm1_code"":2569,""adm1_name"":""Ulyanovskaya Oblast""},{""adm1_code"":2572,""adm1_name"":""Volgogradskaya Oblast""},{""adm1_code"":2574,""adm1_name"":""Voronezhskaya Oblast""}]",2012-10-23,2023-09-25
2012-9478-MDA,No,nat-cli-dro-dro,Natural,Climatological,Drought,Drought,GLIDE:DR-2012-000199,,MDA,Republic of Moldova,Eastern Europe,Europe,"Falesti district (Balti province), Vulcanesti district (Cahul province), Chisinau, Criuleni, Ialoveni districts (Chisinau province), Ciadir-Lunga district (Gagauzia province), Basarabeasca district (Lapusna province), Orhei, Rezina, Telenesti districts (Orhei province), Ungheni district (Ungheni province)",Combined impact of poor rainfall and extremely high temperatures,,No,No,No,,,Km2,,,,2012,11,,2012,,,,,5800,,5800,,,,,,,75.3503857046957,"[{""adm2_code"":41167,""adm2_name"":""Falesti""},{""adm2_code"":41174,""adm2_name"":""Vulcanesti""},{""adm2_code"":41176,""adm2_name"":""Criuleni""},{""adm2_code"":41177,""adm2_name"":""Ialoveni""},{""adm2_code"":41179,""adm2_name"":""Chisinau""},{""adm2_code"":41191,""adm2_name"":""Ciadir-Lunga""},{""adm2_code"":41193,""adm2_name"":""Basarabeasca""},{""adm2_code"":41197,""adm2_name"":""Orhei""},{""adm2_code"":41198,""adm2_name"":""Rezina""},{""adm2_code"":41199,""adm2_name"":""Telenesti""},{""adm2_code"":41209,""adm2_name"":""Ungheni""}]",2012-12-19,2023-09-25
2012-9606-UKR,No,nat-cli-dro-dro,Natural,Climatological,Drought,Drought,,,UKR,Ukraine,Eastern Europe,Europe,Amury city (Odes'ka province),,,No,No,No,,,Km2,,,,2012,4,15,2012,7,31,,,,,,,,,,1690000,2242855,75.3503857046957,"[{""adm1_code"":3163,""adm1_name"":""Odes'ka""}]",2013-03-28,2023-09-25
2013-0009-BLR,No,nat-met-ext-sev,Natural,Meteorological,Extreme temperature,Severe winter conditions,GLIDE:CW-2013-000010,,BLR,Belarus,Eastern Europe,Europe,"Brest, Pinsk, Luninec, Stolin districts (Brest province), Verhnedvinsk, Miory, Sharkovshchina, Shumilino, Gorodok, Beshenkovichi districts (Vitebsk province), Borisov, Berezino, Stolbtsy, Molodechno districts (Minsk province), Bobruisk, Chausy, Mstislav, Slavgorod, Mogilev districts (Mogilev province), Rogachev, Zhitkovichi, Petrikov, Mozyr, Rechitsa, Chechersk, Gomel, Loev, Lel'chitsy, El'sk, Narovlja, Kalinkovichi, Svetlogorsk, Zhlobin, Vetka, Dobrush, Bragin districts (Gomel province)",,,No,No,No,,-25,°C,,,,2013,1,,2013,2,,4,1325,10000,,11325,,,,,,,76.454145985163,"[{""adm2_code"":39900,""adm2_name"":""Brest""},{""adm2_code"":39908,""adm2_name"":""Luninec""},{""adm2_code"":39910,""adm2_name"":""Pinsk""},{""adm2_code"":39912,""adm2_name"":""Stolin""},{""adm2_code"":39914,""adm2_name"":""Bragin""},{""adm2_code"":39916,""adm2_name"":""Chechersk""},{""adm2_code"":39917,""adm2_name"":""Dobrush""},{""adm2_code"":39918,""adm2_name"":""El'sk""},{""adm2_code"":39919,""adm2_name"":""Gomel""},{""adm2_code"":39921,""adm2_name"":""Kalinkovichi""},{""adm2_code"":39923,""adm2_name"":""Lel'chitsy""},{""adm2_code"":39924,""adm2_name"":""Loev""},{""adm2_code"":39925,""adm2_name"":""Mozyr""},{""adm2_code"":39926,""adm2_name"":""Narovlja""},{""adm2_code"":39928,""adm2_name"":""Petrikov""},{""adm2_code"":39929,""adm2_name"":""Rechitsa""},{""adm2_code"":39930,""adm2_name"":""Rogachev""},{""adm2_code"":39931,""adm2_name"":""Svetlogorsk""},{""adm2_code"":39932,""adm2_name"":""Vetka""},{""adm2_code"":39933,""adm2_name"":""Zhitkovichi""},{""adm2_code"":39934,""adm2_name"":""Zhlobin""},{""adm2_code"":39952,""adm2_name"":""Berezino""},{""adm2_code"":39953,""adm2_name"":""Borisov""},{""adm2_code"":39963,""adm2_name"":""Molodechno""},{""adm2_code"":39970,""adm2_name"":""Stolbtsy""},{""adm2_code"":39975,""adm2_name"":""Bobrujsk""},{""adm2_code"":39977,""adm2_name"":""Chausy""},{""adm2_code"":39990,""adm2_name"":""Mogilev""},{""adm2_code"":39991,""adm2_name"":""Mstislav""},{""adm2_code"":39994,""adm2_name"":""Slavgorod""},{""adm2_code"":39995,""adm2_name"":""Beshenkovichi""},{""adm2_code"":40001,""adm2_name"":""Gorodok""},{""adm2_code"":40004,""adm2_name"":""Miory""},{""adm2_code"":40010,""adm2_name"":""Sharkovschina""},{""adm2_code"":40011,""adm2_name"":""Shumilino""},{""adm2_code"":40014,""adm2_name"":""Verhnedvinsk""}]",2013-09-04,2023-09-25
2013-0049-PRT,No,tec-tra-roa-roa,Technological,Transport,Road,Road,,,PRT,Portugal,Southern Europe,Europe,Castelo Branco district,,,No,No,No,,,,,,,2013,1,27,2013,1,27,11,32,,,32,,,,,,,76.454145985163,,2013-02-28,2023-09-25
2013-0051-RUS,No,tec-tra-wat-wat,Technological,Transport,Water,Water,,Fishing boat,RUS,Russian Federation,Eastern Europe,Europe,Extreme-Orient,,,No,No,No,,,,,,,2013,1,27,2013,1,27,20,,,,,,,,,,,76.454145985163,,2013-05-02,2023-09-25
2013-0060-RUS,No,nat-ext-imp-col,Natural,Extra-terrestrial,Impact,Collision,,,RUS,Russian Federation,Eastern Europe,Europe,Chelyabinsk (Ural Region),,,No,No,No,,,,,,,2013,2,15,2013,2,15,,1491,300000,,301491,,,,,33000,43163,76.454145985163,"[{""adm1_code"":2499,""adm1_name"":""Chelyabinskaya Oblast""}]",2014-03-21,2024-02-06
2013-0061-MKD,No,nat-hyd-flo-riv,Natural,Hydrological,Flood,Riverine flood,GLIDE:FF-2013-000025,,MKD,North Macedonia,Southern Europe,Europe,"Kumanovo, Stip, Sveti Nikole, Strumica, Valandovo, Ohrid, Probistip, Kocani provinces",Heavy rains,,No,No,No,,3700.4,Km2,42.0408,21.58,,2013,2,24,2013,3,4,1,,4911,,4911,,,,,,,76.454145985163,"[{""adm1_code"":2937,""adm1_name"":""Kocani""},{""adm1_code"":2941,""adm1_name"":""Kumanovo""},{""adm1_code"":2943,""adm1_name"":""Ohrid""},{""adm1_code"":2945,""adm1_name"":""Probistip""},{""adm1_code"":2949,""adm1_name"":""Stip""},{""adm1_code"":2951,""adm1_name"":""Strumica""},{""adm1_code"":2952,""adm1_name"":""Sveti Nikole""},{""adm1_code"":2954,""adm1_name"":""Valandovo""}]",2013-11-21,2023-09-25
2013-0061-SRB,No,nat-hyd-flo-riv,Natural,Hydrological,Flood,Riverine flood,GLIDE:FF-2013-000025,,SRB,Serbia,Southern Europe,Europe,"Bujanovac, Vranje, Trgoviste municipalities (Pcinjski province)",Heavy rains,,No,No,Yes,,,Km2,,,Kozjodolska river,2013,2,24,2013,2,26,,,330,,330,,,,,,,76.454145985163,"[{""adm1_code"":25384,""adm1_name"":""Pcinjski""}]",2013-09-24,2023-09-25
2013-0073-RUS,No,tec-ind-exp-exp,Technological,Industrial accident,Explosion (Industrial),Explosion (Industrial),,Methane mine,RUS,Russian Federation,Eastern Europe,Europe,Vorkouta,,,No,No,No,,,m3,,,,2013,2,11,2013,2,11,18,2,,,2,,,,,,,76.454145985163,,2013-04-03,2023-09-25
2013-0121-HUN,No,nat-geo-ear-gro,Natural,Geophysical,Earthquake,Ground movement,USGS:usb000gdw3,,HUN,Hungary,Eastern Europe,Europe,Heves province,,,No,No,No,,4.4,Moment Magnitude,47.624,20.227,,2013,4,14,2013,4,23,,,1800,,1800,,,,,,,76.454145985163,"[{""adm1_code"":1449,""adm1_name"":""Heves""}]",2013-05-14,2023-09-25
2013-0134-RUS,No,tec-tra-roa-roa,Technological,Transport,Road,Road,,,RUS,Russian Federation,Eastern Europe,Europe,Penza region (Volga),,,No,No,No,,,,,,,2013,5,14,2013,5,14,10,,,,,,,,,,,76.454145985163,,2013-05-15,2023-09-25
2013-0155-PRT,No,nat-met-sto-sev,Natural,Meteorological,Storm,Severe weather,,,PRT,Portugal,Southern Europe,Europe,Abrantes district (Santarem province),,"Slide (land, mud, snow, rock)",No,No,No,,130,Kph,,,,2013,1,18,2013,1,19,1,21,3900,46,3967,,,137800,180239,,,76.454145985163,"[{""adm2_code"":24873,""adm2_name"":""Abrantes""}]",2014-03-20,2023-09-25
2013-0165-POL,No,nat-met-ext-col,Natural,Meteorological,Extreme temperature,Cold wave,,,POL,Poland,Eastern Europe,Europe,"Podlaskie, Warminsko-Mazurskie provinces",,,No,No,No,,-24,°C,,,,2013,3,1,2013,3,26,25,,,,,,,,,,,76.454145985163,"[{""adm1_code"":2379,""adm1_name"":""Podlaskie""},{""adm1_code"":2383,""adm1_name"":""Warminsko-Mazurskie""}]",2013-05-24,2023-09-25
2013-0176-RUS,No,tec-mis-fir-fir,Technological,Miscellaneous accident,Fire (Miscellaneous),Fire (Miscellaneous),,Psychiatric hospital,RUS,Russian Federation,Eastern Europe,Europe,Ramenski,,,No,No,No,,,,,,,2013,4,26,2013,4,26,38,,,,,,,,,,,76.454145985163,,2013-05-27,2023-09-25
2013-0205-AUT,No,nat-hyd-flo-riv,Natural,Hydrological,Flood,Riverine flood,GLIDE:FL-2013-000068,,AUT,Austria,Western Europe,Europe,"Salzburg,Tirol, Vorarlberg provinces",Heavy rains,"Slide (land, mud, snow, rock)",No,No,Yes,,,Km2,,,"Inn, Salzach, Truan, Enns, Steyr, Danube",2013,6,2,2013,6,3,4,,200,,200,,,235000,307374,1000000,1307974,76.454145985163,"[{""adm1_code"":482,""adm1_name"":""Salzburg""},{""adm1_code"":484,""adm1_name"":""Tirol""},{""adm1_code"":485,""adm1_name"":""Vorarlberg""}]",2014-04-07,2023-09-25
2013-0205-CZE,No,nat-hyd-flo-riv,Natural,Hydrological,Flood,Riverine flood,GLIDE:FL-2013-000068,,CZE,Czechia,Eastern Europe,Europe,"Chomutov, Most, Louny, Litomence, Teplice, Usti nad Labem, Decin districts (Ustecky region), Praha district (Praha region) , Pribram, Benesov, Beroun, Praha-zapad, Praha-vychod, Kolin, Kutna Hora, Rakovnik, Kladno, Melnik, Mlada Boleslav, Nymburk districts (Stredocesky region, Stredocesky and Praha provinces), Prachatice, Starkonice, Pisek, Tabor, Jindrichuv Hradec, Ceske Budejovice, Cesky Krumlov disticts (Jihocesky region, Jihocesky province), Pardubice, Usti nad Orlici, Svitavy, Chrudim districts (Pardubicky region, Vychodocesky province)",Heavy rains,"Slide (land, mud, snow, rock)",No,No,Yes,,,Km2,,,"Labe, Vltava",2013,6,1,2013,6,7,15,,1300000,,1300000,,,385866,504703,828552,1083724,76.454145985163,"[{""adm1_code"":1032,""adm1_name"":""Praha""},{""adm1_code"":1035,""adm1_name"":""Stredocesky""},{""adm2_code"":14812,""adm2_name"":""Ceske Budejovice""},{""adm2_code"":14813,""adm2_name"":""Cesky Krumlov""},{""adm2_code"":14814,""adm2_name"":""Jindrichuv Hradec""},{""adm2_code"":14816,""adm2_name"":""Pisek""},{""adm2_code"":14817,""adm2_name"":""Prachatice""},{""adm2_code"":14818,""adm2_name"":""Starkonice""},{""adm2_code"":14819,""adm2_name"":""Tabor""},{""adm2_code"":14837,""adm2_name"":""Chomutov""},{""adm2_code"":14838,""adm2_name"":""Decin""},{""adm2_code"":14841,""adm2_name"":""Litomence""},{""adm2_code"":14842,""adm2_name"":""Louny""},{""adm2_code"":14843,""adm2_name"":""Most""},{""adm2_code"":14844,""adm2_name"":""Teplice""},{""adm2_code"":14845,""adm2_name"":""Usti nad Labem""},{""adm2_code"":14868,""adm2_name"":""Chrudim""},{""adm2_code"":14873,""adm2_name"":""Pardubice""},{""adm2_code"":14876,""adm2_name"":""Svitavy""},{""adm2_code"":14878,""adm2_name"":""Usti nad Orlici""}]",2014-04-07,2023-09-25
2013-0205-DEU,No,nat-hyd-flo-riv,Natural,Hydrological,Flood,Riverine flood,GLIDE:FL-2013-000068,,DEU,Germany,Western Europe,Europe,"Gera, Greiz, Saale-Holzland, Altenburger cities (Thueringen province), Magdeburg city (Sachsen-Anhalt province), Wurzburg, Regensburg cities (Oberpfalz distric), Passau city (Niederbayern distric), Rosenheim city (Oberbayern distric) (Bayern province), Grimma city (Sachsen province) ; Brandenburg, Baden-Wurttemberg province",,,No,No,Yes,,241203.7,Km2,49.1358,12.11,"Danube, Elbe, Neckar, Mosel, Rhune",2013,5,28,2013,6,18,4,,6350,,6350,,,1800000,2354352,12900000,16872859,76.454145985163,"[{""adm1_code"":1308,""adm1_name"":""Baden-Wuerttemberg""},{""adm1_code"":1311,""adm1_name"":""Brandenburg""},{""adm1_code"":1320,""adm1_name"":""Sachsen""},{""adm1_code"":1321,""adm1_name"":""Sachsen-Anhalt""},{""adm1_code"":1323,""adm1_name"":""Thueringen""},{""adm2_code"":16531,""adm2_name"":""Niederbayern""},{""adm2_code"":16532,""adm2_name"":""Oberbayern""},{""adm2_code"":16534,""adm2_name"":""Oberpfalz""}]",2014-04-07,2023-09-25
2013-0205-HUN,No,nat-hyd-flo-riv,Natural,Hydrological,Flood,Riverine flood,GLIDE:FL-2013-000068,,HUN,Hungary,Eastern Europe,Europe,Budapest province,,,No,No,Yes,,,Km2,,,"GyOr, Moson, Sopron, Komaron, Esztergom, Pest",2013,6,3,2013,6,9,,,48565,,48565,,,,,,,76.454145985163,"[{""adm1_code"":1444,""adm1_name"":""Budapest""}]",2013-11-22,2023-09-25
2013-0205-SVK,No,nat-hyd-flo-riv,Natural,Hydrological,Flood,Riverine flood,GLIDE:FL-2013-000068,,SVK,Slovakia,Eastern Europe,Europe,"Bratislava, Nitra, Trnava provinces",,,No,No,No,,,Km2,,,"Danube, Morava",2013,6,3,2013,6,5,1,,,,,,,,,,,76.454145985163,"[{""adm1_code"":2668,""adm1_name"":""Bratislava""},{""adm1_code"":2670,""adm1_name"":""Nitra""},{""adm1_code"":2673,""adm1_name"":""Trnava""}]",2013-11-28,2023-09-25
2013-0215-ESP,No,nat-hyd-flo-fla,Natural,Hydrological,Flood,Flash flood,,,ESP,Spain,Southern Europe,Europe,"Huesca district (Aragon province), Lleida district (Cataluña/Catalunya province)",,,No,No,No,,,Km2,,,Garona river,2013,6,18,2013,6,19,,,600,,600,,,,,,,76.454145985163,"[{""adm2_code"":25784,""adm2_name"":""Huesca""},{""adm2_code"":25808,""adm2_name"":""Lleida""}]",2013-07-18,2023-09-25
2013-0215-FRA,No,nat-hyd-flo-fla,Natural,Hydrological,Flood,Flash flood,,,FRA,France,Western Europe,Europe,"Luz-Saint-Sauveur city (Hautes Pyrénées distric), Saint-Béat city, (Haute-Garonne district) (Midi-Pyrenees province) ; Garonne, Pique rivers (Haute-Garonne district, Midi-Pyrenees province) ; Pyrenees-Atlantiques district (Aquitaine province)",,,No,No,No,,,Km2,,,,2013,6,18,2013,6,19,2,,2000,,2000,,,,,655000,856723,76.454145985163,"[{""adm2_code"":16244,""adm2_name"":""Pyrenees-Atlantique""},{""adm2_code"":16301,""adm2_name"":""Haute-Garonne""},{""adm2_code"":16302,""adm2_name"":""Hautes-Pyrenees""}]",2013-07-18,2023-09-25
2013-0216-CHE,No,nat-met-sto-lig,Natural,Meteorological,Storm,Lightning/Thunderstorms,,,CHE,Switzerland,Western Europe,Europe,"Lausanne city (Vaud province) ; Geneva, Jura, Neuchatel provinces",,Hail,No,No,No,,,Kph,,,,2013,6,20,2013,6,21,,84,,,84,,,112000,146493,250000,326993,76.454145985163,"[{""adm1_code"":2814,""adm1_name"":""Geneve""},{""adm1_code"":2817,""adm1_name"":""Jura""},{""adm1_code"":2819,""adm1_name"":""Neuchatel""},{""adm1_code"":2830,""adm1_name"":""Vaud""}]",2014-03-21,2023-09-25
2013-0229-MNE,No,tec-tra-roa-roa,Technological,Transport,Road,Road,,,MNE,Montenegro,Southern Europe,Europe,Grlo,,,No,No,No,,,,,,,2013,6,23,2013,6,23,13,32,,,32,,,,,,,76.454145985163,,2013-07-18,2023-09-25
2013-0236-RUS,No,tec-tra-air-air,Technological,Transport,Air,Air,,Helicopter,RUS,Russian Federation,Eastern Europe,Europe,Siberia,,,No,No,No,,,,,,,2013,7,2,2013,7,2,19,,,,,,,,,,,76.454145985163,,2013-07-22,2023-09-25
2013-0247-RUS,No,tec-tra-roa-roa,Technological,Transport,Road,Road,,,RUS,Russian Federation,Eastern Europe,Europe,Near Moscow,,,No,No,No,,,,,,,2013,7,13,2013,7,13,18,16,,,16,,,,,,,76.454145985163,,2013-07-23,2023-09-25
2013-0271-ESP,No,tec-tra-rai-rai,Technological,Transport,Rail,Rail,,,ESP,Spain,Southern Europe,Europe,Saint-Jacques de Compostelle,,,No,No,No,,,,,,,2013,7,26,2013,7,26,79,140,,,140,,,,,138000,180500,76.454145985163,,2013-08-12,2023-09-25
2013-0278-RUS,No,nat-hyd-flo-riv,Natural,Hydrological,Flood,Riverine flood,GLIDE:FL-2013-000100,,RUS,Russian Federation,Eastern Europe,Europe,"Zeya district (Amurskaya Oblast province) ; Yevreyskaya A. Oblast, Khabarovskiy Kray province",Heavy rains,,No,No,Yes,,102479.27,Km2,50.0043,128.42,"Amur, Zeya rivers",2013,8,1,2013,8,7,,,34135,,34135,,,,,1000000,1307974,76.454145985163,"[{""adm1_code"":2491,""adm1_name"":""Amurskaya Oblast""},{""adm1_code"":2516,""adm1_name"":""Khabarovskiy Kray""},{""adm1_code"":2577,""adm1_name"":""Yevreyskaya A. Oblast""}]",2013-09-10,2023-09-25
2013-0303-RUS,No,nat-hyd-flo-riv,Natural,Hydrological,Flood,Riverine flood,,,RUS,Russian Federation,Eastern Europe,Europe,Novomikhaylovskiy city (Krasnodarskiy Kray province),Torrential rains,,No,No,No,,2432.33,Km2,44.3289,39.25,,2013,2,20,2013,3,4,4,,1500,,1500,,,,,,,76.454145985163,"[{""adm1_code"":2524,""adm1_name"":""Krasnodarskiy Kray""}]",2013-08-28,2023-09-25
2013-0321-ITA,No,tec-tra-roa-roa,Technological,Transport,Road,Road,,,ITA,Italy,Southern Europe,Europe,Near Avellino (Naples),,,No,No,No,,,,,,,2013,7,28,2013,7,28,40,8,,,8,,,,,,,76.454145985163,,2013-09-13,2023-09-25
2013-0331-PRT,No,nat-cli-wil-for,Natural,Climatological,Wildfire,Forest fire,,,PRT,Portugal,Southern Europe,Europe,"Aveiro, Viseu provinces (Caramulo)",,,No,No,No,,,Km2,,,,2013,1,,2013,8,,9,,,,,,,,,,,76.454145985163,"[{""adm1_code"":2386,""adm1_name"":""Aveiro""},{""adm1_code"":2413,""adm1_name"":""Viseu""}]",2013-09-06,2023-09-25
2013-0347-ROU,No,nat-hyd-flo-riv,Natural,Hydrological,Flood,Riverine flood,GLIDE:FF-2013-000113,,ROU,Romania,Eastern Europe,Europe,"Galati, Braila, Tulcea provinces",Torrential rains,,No,No,No,,7171,Km2,45.749,27.553,,2013,9,11,2013,9,15,9,,5400,,5400,,,,,11000,14388,76.454145985163,"[{""adm1_code"":2453,""adm1_name"":""Braila""},{""adm1_code"":2464,""adm1_name"":""Galati""},{""adm1_code"":2483,""adm1_name"":""Tulcea""}]",2014-01-09,2023-09-25
2013-0356-RUS,No,tec-mis-fir-fir,Technological,Miscellaneous accident,Fire (Miscellaneous),Fire (Miscellaneous),,Psychiatric hospital,RUS,Russian Federation,Eastern Europe,Europe,Louka (Novgorod),,,No,No,No,,,,,,,2013,9,12,2013,9,13,37,,,,,,,,,,,76.454145985163,,2013-09-13,2023-09-25
2013-0379-SRB,No,nat-hyd-flo-fla,Natural,Hydrological,Flood,Flash flood,GLIDE:FF-2013-000029,,SRB,Serbia,Southern Europe,Europe,"Gjakova, Istog, Peja, Klina municipalities (Pecki province), Skenderaj, Mitrove municipalities (Kosovsko-mitrovatski province), Kramenice municipality (Kosovsko-pomoravski province)",Heavy rains,,No,No,No,,,Km2,,,"Drini I Bardhe, Klina, Bistrica,Lushta",2013,3,14,2013,3,14,,,2670,,2670,,,,,,,76.454145985163,"[{""adm1_code"":25379,""adm1_name"":""Kosovsko-mitrovatski""},{""adm1_code"":25380,""adm1_name"":""Kosovsko-pomoravski""},{""adm1_code"":25385,""adm1_name"":""Pecki""}]",2013-09-24,2023-09-25
2013-0398-DEU,No,nat-met-sto-ext,Natural,Meteorological,Storm,Extra-tropical storm,,Storm Christian,DEU,Germany,Western Europe,Europe,"Niedersachsen, Schleswig Holstein province",,,No,No,No,,160,Kph,,,,2013,10,27,2013,10,28,7,2,,,2,,,,,,,76.454145985163,"[{""adm1_code"":1316,""adm1_name"":""Niedersachsen""},{""adm1_code"":1322,""adm1_name"":""Schleswig-Holstein""}]",2013-11-13,2023-09-25
2013-0398-DNK,No,nat-met-sto-ext,Natural,Meteorological,Storm,Extra-tropical storm,,Storm Christian,DNK,Denmark,Northern Europe,Europe,"Aarhus, Bornholm, Frederiksberg, Fyn, Nordjylland, Ribe, Ringkoebing, Soenderjylland, Storstroem, Vejle, Vestsjaelland, Viborg, Frederiksborg, Koebenhavn, Roskilde provinces",,,No,No,No,,195,Kph,,,,2013,10,27,2013,10,28,1,,,,,,,,,,,76.454145985163,"[{""adm1_code"":1077,""adm1_name"":""Aarhus""},{""adm1_code"":1078,""adm1_name"":""Bornholm""},{""adm1_code"":1079,""adm1_name"":""Frederiksberg""},{""adm1_code"":1081,""adm1_name"":""Fyn""},{""adm1_code"":1083,""adm1_name"":""Nordjylland""},{""adm1_code"":1084,""adm1_name"":""Ribe""},{""adm1_code"":1085,""adm1_name"":""Ringkoebing""},{""adm1_code"":1087,""adm1_name"":""Soenderjylland""},{""adm1_code"":1088,""adm1_name"":""Storstroem""},{""adm1_code"":1090,""adm1_name"":""Vejle""},{""adm1_code"":1091,""adm1_name"":""Vestsjaelland""},{""adm1_code"":1092,""adm1_name"":""Viborg""},{""adm1_code"":40856,""adm1_name"":""Frederiksborg""},{""adm1_code"":40857,""adm1_name"":""Koebenhavn""},{""adm1_code"":40858,""adm1_name"":""Roskilde""}]",2013-11-13,2023-09-25
2013-0398-FRA,No,nat-met-sto-ext,Natural,Meteorological,Storm,Extra-tropical storm,,Storm Christian,FRA,France,Western Europe,Europe,"Basse-Normandie, Haute-Normandie, Nord-Pas-de-Calais, Bretagne provinces",,,No,No,No,,132,Kph,,,,2013,10,27,2013,10,28,1,,,,,,,,,,,76.454145985163,"[{""adm1_code"":1251,""adm1_name"":""Basse-Normandie""},{""adm1_code"":1253,""adm1_name"":""Bretagne""},{""adm1_code"":1258,""adm1_name"":""Haute-Normandie""},{""adm1_code"":1265,""adm1_name"":""Nord-Pas-de-Calais""}]",2013-11-13,2023-09-25
2013-0398-GBR,No,nat-met-sto-ext,Natural,Meteorological,Storm,Extra-tropical storm,,Storm Christian,GBR,United Kingdom of Great Britain and Northern Ireland,Northern Europe,Europe,All country affected (no data),,,No,No,No,,,Kph,,,,2013,10,27,2013,10,28,4,,,,,,,,,,,76.454145985163,"[{""adm1_code"":3182,""adm1_name"":""England""},{""adm1_code"":3183,""adm1_name"":""Northern Ireland""},{""adm1_code"":3184,""adm1_name"":""Scotland""},{""adm1_code"":3186,""adm1_name"":""Wales""}]",2013-10-29,2023-09-25
2013-0398-NLD,No,nat-met-sto-ext,Natural,Meteorological,Storm,Extra-tropical storm,,Storm Christian,NLD,Netherlands (Kingdom of the),Western Europe,Europe,"Drenthe, Flevoland, Friesland, Gelderland, Groningen, Limburg, Noord-brabant, Noord-holland, Overijssel, Utrecht, Zeeland, Zuid-holland provinces",,,No,No,No,,,Kph,,,,2013,10,27,2013,10,28,2,,,,,,,,,,,76.454145985163,"[{""adm1_code"":2158,""adm1_name"":""Drenthe""},{""adm1_code"":2159,""adm1_name"":""Flevoland""},{""adm1_code"":2160,""adm1_name"":""Friesland""},{""adm1_code"":2161,""adm1_name"":""Gelderland""},{""adm1_code"":2162,""adm1_name"":""Groningen""},{""adm1_code"":2163,""adm1_name"":""Limburg""},{""adm1_code"":2164,""adm1_name"":""Noord-brabant""},{""adm1_code"":2165,""adm1_name"":""Noord-holland""},{""adm1_code"":2166,""adm1_name"":""Overijssel""},{""adm1_code"":2167,""adm1_name"":""Utrecht""},{""adm1_code"":2168,""adm1_name"":""Zeeland""},{""adm1_code"":2169,""adm1_name"":""Zuid-holland""}]",2013-10-29,2023-09-25
2013-0410-UKR,No,nat-hyd-flo-riv,Natural,Hydrological,Flood,Riverine flood,,,UKR,Ukraine,Eastern Europe,Europe,Odes'ka province,,,No,No,No,,,Km2,,,,2013,9,14,2013,9,15,2,,265,1995,2260,,,,,21000,27467,76.454145985163,"[{""adm1_code"":3163,""adm1_name"":""Odes'ka""}]",2013-10-28,2023-09-25
2013-0426-BEL,No,tec-tra-air-air,Technological,Transport,Air,Air,,,BEL,Belgium,Western Europe,Europe,Temploux,,,No,No,No,,,,,,,2013,10,19,2013,10,19,11,,,,,,,,,,,76.454145985163,,2013-10-29,2023-09-25
2013-0441-ITA,No,nat-hyd-flo-riv,Natural,Hydrological,Flood,Riverine flood,,,ITA,Italy,Southern Europe,Europe,"Olbia, Arzachena cities (Sassari district, Sardegna province)",Cyclone Cleopatra,,No,No,Yes,,15699,Km2,40.3,9.01,,2013,11,18,2013,11,19,18,,2700,,2700,,,,,780000,1020219,76.454145985163,"[{""adm2_code"":18389,""adm2_name"":""Sassari""}]",2014-04-04,2023-09-25
2013-0442-GRC,No,tec-tra-wat-wat,Technological,Transport,Water,Water,,,GRC,Greece,Southern Europe,Europe,Near Lefkada Isl.,,,No,No,No,,,,,,,2013,11,15,2013,11,15,12,,,,,,,,,,,76.454145985163,,2013-11-19,2023-09-25
2013-0444-RUS,No,tec-tra-air-air,Technological,Transport,Air,Air,,Boeing 737,RUS,Russian Federation,Eastern Europe,Europe,"Kazan (Tartastan, Volga)",,,No,No,No,,,,,,,2013,11,17,2013,11,17,50,,,,,,,,,,,76.454145985163,,2013-11-19,2023-09-25
2013-0459-LVA,No,tec-mis-col-col,Technological,Miscellaneous accident,Collapse (Miscellaneous),Collapse (Miscellaneous),,Roof of a supermarket,LVA,Latvia,Northern Europe,Europe,Riga,,,No,No,No,,,,,,,2013,11,21,2013,11,21,54,29,,,29,,,,,,,76.454145985163,,2013-11-22,2023-09-25
2013-0462-ITA,No,tec-tra-wat-wat,Technological,Transport,Water,Water,,Migrants,ITA,Italy,Southern Europe,Europe,Between Lampedusa and Malta,,,No,No,No,,,,,,,2013,10,11,2013,10,11,50,,200,,200,,,,,,,76.454145985163,,2013-11-22,2023-09-25
2013-0463-ITA,No,tec-tra-wat-wat,Technological,Transport,Water,Water,,Migrants,ITA,Italy,Southern Europe,Europe,Near Lampedusa Isl.,,,No,No,No,,,,,,,2013,10,3,2013,10,3,366,,155,,155,,,,,,,76.454145985163,,2013-11-22,2023-09-25
2013-0477-ITA,No,tec-mis-mis-mis,Technological,Miscellaneous accident,Miscellaneous accident (General),Miscellaneous accident (General),,Drwning,ITA,Italy,Southern Europe,Europe,Near Scicli (REguse reion),,,No,No,No,,,,,,,2013,9,30,2013,9,30,13,,,,,,,,,,,76.454145985163,,2013-11-25,2023-09-25
2013-0501-HUN,No,nat-met-sto-bli,Natural,Meteorological,Storm,Blizzard/Winter storm,GLIDE:CW-2013-000031,,HUN,Hungary,Eastern Europe,Europe,"Somogy, Fejer, Zala, Komarom-esztergom, Tolna, Gyor-moson-sopron, Borsod-abauj-zemplen, Szablocs-szatmar-bereg, Veszprém provinces",,,No,No,No,,,Kph,,,,2013,3,15,2013,3,15,,,14000,,14000,,,,,,,76.454145985163,"[{""adm1_code"":1443,""adm1_name"":""Borsod-abauj-zemplen""},{""adm1_code"":1446,""adm1_name"":""Fejer""},{""adm1_code"":1447,""adm1_name"":""Gyor-moson-sopron""},{""adm1_code"":1451,""adm1_name"":""Komarom-esztergom""},{""adm1_code"":1454,""adm1_name"":""Somogy""},{""adm1_code"":1455,""adm1_name"":""Szabolcs-szatmar-bereg""},{""adm1_code"":1456,""adm1_name"":""Tolna""},{""adm1_code"":1458,""adm1_name"":""Veszprem""},{""adm1_code"":1459,""adm1_name"":""Zala""}]",2013-11-26,2023-09-25
2013-0517-BEL,No,nat-met-sto-ext,Natural,Meteorological,Storm,Extra-tropical storm,,Storm Xaver,BEL,Belgium,Western Europe,Europe,"Region de Bruxelles-Capitale, Vlaams Gewest, Region wallonne provinces",,,No,No,No,,,Kph,,,,2013,12,4,2013,12,7,,,,,,,,,,,,76.454145985163,"[{""adm1_code"":600,""adm1_name"":""Region de Bruxelles-Capitale / Brussels Hoofdstedelijk Gewes""},{""adm1_code"":601,""adm1_name"":""Vlaams Gewest""},{""adm1_code"":602,""adm1_name"":""Region wallonne""}]",2014-01-08,2023-09-25
2013-0517-DEU,No,nat-met-sto-ext,Natural,Meteorological,Storm,Extra-tropical storm,,Storm Xaver,DEU,Germany,Western Europe,Europe,"Hamburg, Schleswig-Holstein, Niedersachsen, Bremen provinces",,Flood|Tsunami/Tidal wave,No,No,No,,,Kph,,,,2013,12,4,2013,12,7,,,,,,,,,,,,76.454145985163,"[{""adm1_code"":1312,""adm1_name"":""Bremen""},{""adm1_code"":1313,""adm1_name"":""Hamburg""},{""adm1_code"":1316,""adm1_name"":""Niedersachsen""},{""adm1_code"":1322,""adm1_name"":""Schleswig-Holstein""}]",2014-01-08,2023-09-25
2013-0517-DNK,No,nat-met-sto-ext,Natural,Meteorological,Storm,Extra-tropical storm,,Storm Xaver,DNK,Denmark,Northern Europe,Europe,"Aarhus, Bornholm, Frederiksberg, Fyn, Nordjylland, Ribe, Ringkoebing, Soenderjylland, Storstroem, Vejle, Vestsjaelland, Viborg, Frederiksborg, Koebenhavn, Roskilde provinces",,,No,No,No,,,Kph,,,,2013,12,7,2013,12,7,1,,,,,,,,,,,76.454145985163,"[{""adm1_code"":1077,""adm1_name"":""Aarhus""},{""adm1_code"":1078,""adm1_name"":""Bornholm""},{""adm1_code"":1079,""adm1_name"":""Frederiksberg""},{""adm1_code"":1081,""adm1_name"":""Fyn""},{""adm1_code"":1083,""adm1_name"":""Nordjylland""},{""adm1_code"":1084,""adm1_name"":""Ribe""},{""adm1_code"":1085,""adm1_name"":""Ringkoebing""},{""adm1_code"":1087,""adm1_name"":""Soenderjylland""},{""adm1_code"":1088,""adm1_name"":""Storstroem""},{""adm1_code"":1090,""adm1_name"":""Vejle""},{""adm1_code"":1091,""adm1_name"":""Vestsjaelland""},{""adm1_code"":1092,""adm1_name"":""Viborg""},{""adm1_code"":40856,""adm1_name"":""Frederiksborg""},{""adm1_code"":40857,""adm1_name"":""Koebenhavn""},{""adm1_code"":40858,""adm1_name"":""Roskilde""}]",2013-12-09,2023-09-25
2013-0517-GBR,No,nat-met-sto-ext,Natural,Meteorological,Storm,Extra-tropical storm,,Storm Xaver,GBR,United Kingdom of Great Britain and Northern Ireland,Northern Europe,Europe,"Humberside district (England province) ; Rhyl city (Clwyd district, Wales province) ; Clwyd, Gwynedd districts (North Wales, Wales province) ; Boston city (Lincolnshire district), Scarborough, Whitby cities (North Yorkshire district), Lowestoft city (Suffolk district), Great Yarmouth (Norfolkshire district), Dover city (Kent district), East Yorkshire area (Humberside district) (England province)",,Flood,No,No,No,,,Kph,,,,2013,12,6,2013,12,7,2,,4200,,4200,,,,,,,76.454145985163,"[{""adm2_code"":40115,""adm2_name"":""Humberside""},{""adm2_code"":40117,""adm2_name"":""Kent""},{""adm2_code"":40120,""adm2_name"":""Lincolnshire""},{""adm2_code"":40122,""adm2_name"":""Norfolkshire""},{""adm2_code"":40123,""adm2_name"":""North Yorkshire""},{""adm2_code"":40132,""adm2_name"":""Suffolk""},{""adm2_code"":40179,""adm2_name"":""Clwyd""},{""adm2_code"":40182,""adm2_name"":""Gwynedd""}]",2014-01-08,2023-09-25
2013-0517-NLD,No,nat-met-sto-ext,Natural,Meteorological,Storm,Extra-tropical storm,,Storm Xaver,NLD,Netherlands (Kingdom of the),Western Europe,Europe,"Dordrecht, Totterdam, Vlaardingen cities (Zuid-holland province)",,Flood,No,No,No,,,Kph,,,,2013,12,4,2013,12,7,,,,,,,,,,10000,13080,76.454145985163,"[{""adm1_code"":2169,""adm1_name"":""Zuid-holland""}]",2014-01-08,2023-09-25
2013-0517-POL,No,nat-met-sto-ext,Natural,Meteorological,Storm,Extra-tropical storm,,Storm Xaver,POL,Poland,Eastern Europe,Europe,"Dolnoslaskie, Kujawsko-Pomorskie, Lodzkie, Lubeiskie, Lubuskie, Malopolske, Mazowieckie, Opolskie, Podkarpackie, Podlaskie, Pomorskie, Slaskie, Swietokrzyskie, Warminsko-Mazurskie, Wielkopolskie, Zachodnio-Pomorskie provinces",,,No,No,No,,,Kph,,,,2013,12,7,2013,12,7,4,53,,,53,,,,,,,76.454145985163,"[{""adm1_code"":2370,""adm1_name"":""Dolnoslaskie""},{""adm1_code"":2371,""adm1_name"":""Kujawsko-Pomorskie""},{""adm1_code"":2372,""adm1_name"":""Lodzkie""},{""adm1_code"":2373,""adm1_name"":""Lubeiskie""},{""adm1_code"":2374,""adm1_name"":""Lubuskie""},{""adm1_code"":2375,""adm1_name"":""Malopolske""},{""adm1_code"":2376,""adm1_name"":""Mazowieckie""},{""adm1_code"":2377,""adm1_name"":""Opolskie""},{""adm1_code"":2378,""adm1_name"":""Podkarpackie""},{""adm1_code"":2379,""adm1_name"":""Podlaskie""},{""adm1_code"":2380,""adm1_name"":""Pomorskie""},{""adm1_code"":2381,""adm1_name"":""Slaskie""},{""adm1_code"":2382,""adm1_name"":""Swietokrzyskie""},{""adm1_code"":2383,""adm1_name"":""Warminsko-Mazurskie""},{""adm1_code"":2384,""adm1_name"":""Wielkopolskie""},{""adm1_code"":2385,""adm1_name"":""Zachodnio-Pomorskie""}]",2013-12-09,2023-09-25
2013-0517-SWE,No,nat-met-sto-ext,Natural,Meteorological,Storm,Extra-tropical storm,,Storm Xaver,SWE,Sweden,Northern Europe,Europe,"Blekinge Laen, Dalarnas Laen, Gaevleborgs Laen, Gotlands Laen, Hallands Laen, Jaemtlands Laen, Joenkoepings Laen, Kalmar Laen, Kronobergs Laen, Norrbottens Laen, Oerebro Laen, Oestergoetlands Laen, Skaane Laen, Soedermanlands Laen, Stockholms Laen, Uppsala Laen, Vaermlands Laen, Vaesterbottens Laen, Vaesternorrlands Laen, Vaestmanlands Laen, Vaestra Goetalands Laen provinces",,,No,No,No,,,Kph,,,,2013,12,7,2013,12,7,7,,,,,,,,,,,76.454145985163,"[{""adm1_code"":2786,""adm1_name"":""Blekinge Laen""},{""adm1_code"":2787,""adm1_name"":""Dalarnas Laen""},{""adm1_code"":2788,""adm1_name"":""Gaevleborgs Laen""},{""adm1_code"":2789,""adm1_name"":""Gotlands Laen""},{""adm1_code"":2790,""adm1_name"":""Hallands Laen""},{""adm1_code"":2791,""adm1_name"":""Jaemtlands Laen""},{""adm1_code"":2792,""adm1_name"":""Joenkoepings Laen""},{""adm1_code"":2793,""adm1_name"":""Kalmar Laen""},{""adm1_code"":2794,""adm1_name"":""Kronobergs Laen""},{""adm1_code"":2795,""adm1_name"":""Norrbottens Laen""},{""adm1_code"":2796,""adm1_name"":""Oerebro Laen""},{""adm1_code"":2797,""adm1_name"":""Oestergoetlands Laen""},{""adm1_code"":2798,""adm1_name"":""Skaane Laen""},{""adm1_code"":2799,""adm1_name"":""Soedermanlands Laen""},{""adm1_code"":2800,""adm1_name"":""Stockholms Laen""},{""adm1_code"":2801,""adm1_name"":""Uppsala Laen""},{""adm1_code"":2802,""adm1_name"":""Vaermlands Laen""},{""adm1_code"":2803,""adm1_name"":""Vaesterbottens Laen""},{""adm1_code"":2804,""adm1_name"":""Vaesternorrlands Laen""},{""adm1_code"":2805,""adm1_name"":""Vaestmanlands Laen""},{""adm1_code"":2806,""adm1_name"":""Vaestra Goetalands Laen""}]",2013-12-09,2023-09-25
2013-0530-BEL,No,nat-met-sto-ext,Natural,Meteorological,Storm,Extra-tropical storm,,Storm Dirk,BEL,Belgium,Western Europe,Europe,"Region de Bruxelles-Capitale, Vlaams Gewest, Region wallonne provinces",,,No,No,No,,,Kph,,,,2013,12,26,2013,12,26,,,,,,,,,,,,76.454145985163,"[{""adm1_code"":600,""adm1_name"":""Region de Bruxelles-Capitale / Brussels Hoofdstedelijk Gewes""},{""adm1_code"":601,""adm1_name"":""Vlaams Gewest""},{""adm1_code"":602,""adm1_name"":""Region wallonne""}]",2014-01-08,2023-09-25
2013-0530-CHE,No,nat-met-sto-ext,Natural,Meteorological,Storm,Extra-tropical storm,,Storm Dirk,CHE,Switzerland,Western Europe,Europe,"Aargau, Appenzell Ausser-rhoden, Appenzell Inner-rhoden, Basel-landschaft, Basel-stadt, Bern, Fribourg, Geneve, Glarus, Graubunden, Jura, Luzern, Neuchatel, Nidwalden, Obwalden, Sankt Gallen, Schaffhausen, Schwyz, Solothurn, Thurgau, Ticino, Uri, Valais, Vaud, Zug, Zurich provinces",,,No,No,No,,,Kph,,,,2013,12,24,2013,12,24,,,,,,,,,,,,76.454145985163,"[{""adm1_code"":2807,""adm1_name"":""Aargau""},{""adm1_code"":2808,""adm1_name"":""Appenzell Ausser-rhoden""},{""adm1_code"":2809,""adm1_name"":""Appenzell Inner-rhoden""},{""adm1_code"":2810,""adm1_name"":""Basel-landschaft""},{""adm1_code"":2811,""adm1_name"":""Basel-stadt""},{""adm1_code"":2812,""adm1_name"":""Bern""},{""adm1_code"":2813,""adm1_name"":""Fribourg""},{""adm1_code"":2814,""adm1_name"":""Geneve""},{""adm1_code"":2815,""adm1_name"":""Glarus""},{""adm1_code"":2816,""adm1_name"":""Graubunden""},{""adm1_code"":2817,""adm1_name"":""Jura""},{""adm1_code"":2818,""adm1_name"":""Luzern""},{""adm1_code"":2819,""adm1_name"":""Neuchatel""},{""adm1_code"":2820,""adm1_name"":""Nidwalden""},{""adm1_code"":2821,""adm1_name"":""Obwalden""},{""adm1_code"":2822,""adm1_name"":""Sankt Gallen""},{""adm1_code"":2823,""adm1_name"":""Schaffhausen""},{""adm1_code"":2824,""adm1_name"":""Schwyz""},{""adm1_code"":2825,""adm1_name"":""Solothurn""},{""adm1_code"":2826,""adm1_name"":""Thurgau""},{""adm1_code"":2827,""adm1_name"":""Ticino""},{""adm1_code"":2828,""adm1_name"":""Uri""},{""adm1_code"":2829,""adm1_name"":""Valais""},{""adm1_code"":2830,""adm1_name"":""Vaud""},{""adm1_code"":2831,""adm1_name"":""Zug""},{""adm1_code"":2832,""adm1_name"":""Zurich""}]",2013-12-26,2023-09-25
2013-0530-ESP,No,nat-met-sto-ext,Natural,Meteorological,Storm,Extra-tropical storm,,Storm Dirk,ESP,Spain,Southern Europe,Europe,"Bilbao city (Bizkaia district, País Vasco/Euskadi province) ; Galicia province",,Rain,No,No,No,,,Kph,,,,2013,12,24,2013,12,25,,,,,,,,,,,,76.454145985163,"[{""adm1_code"":2728,""adm1_name"":""Galicia""},{""adm2_code"":25826,""adm2_name"":""Bizkaia""}]",2014-01-02,2023-09-25
2013-0530-FRA,No,nat-met-sto-ext,Natural,Meteorological,Storm,Extra-tropical storm,,Storm Dirk,FRA,France,Western Europe,Europe,"Alpes-Maritimes district (Provence-Alpes-Cote-d'Azur province) ; Valée du Rhône (Rhone-Alpes province) ; Auvergne, Alsace, Bretagne, Normandie provinces",,Flood|Rain,No,No,No,,150,Kph,,,,2013,12,23,2013,12,25,1,,,,,,,,,,,76.454145985163,"[{""adm1_code"":1248,""adm1_name"":""Alsace""},{""adm1_code"":1250,""adm1_name"":""Auvergne""},{""adm1_code"":1251,""adm1_name"":""Basse-Normandie""},{""adm1_code"":1253,""adm1_name"":""Bretagne""},{""adm1_code"":1258,""adm1_name"":""Haute-Normandie""},{""adm1_code"":1260,""adm1_name"":""Languedoc-Rousillon""},{""adm1_code"":1270,""adm1_name"":""Rhone-Alpes""},{""adm2_code"":16321,""adm2_name"":""Alpes-maritimes""}]",2014-01-02,2023-09-25
2013-0530-GBR,No,nat-met-sto-ext,Natural,Meteorological,Storm,Extra-tropical storm,,Storm Dirk,GBR,United Kingdom of Great Britain and Northern Ireland,Northern Europe,Europe,"East Sussex, West Sussex (Sussex), Kent district (England province) ; Leatherhead, Dorking cities (Surrey district, England province)",,Flood|Rain,No,No,No,,130,Kph,,,,2013,12,26,2013,12,26,5,,,,,,,,,,,76.454145985163,"[{""adm2_code"":40107,""adm2_name"":""East Sussex""},{""adm2_code"":40117,""adm2_name"":""Kent""},{""adm2_code"":40133,""adm2_name"":""Surrey""},{""adm2_code"":40137,""adm2_name"":""West Sussex""}]",2014-01-02,2023-09-25
2013-0530-NLD,No,nat-met-sto-ext,Natural,Meteorological,Storm,Extra-tropical storm,,Storm Dirk,NLD,Netherlands (Kingdom of the),Western Europe,Europe,"Friesland, Groningen, Noord-brabant, Noord-holland, Zeeland, Zuid-holland provinces",,,No,No,No,,,Kph,,,,2013,12,24,2013,12,24,,,,,,,,,,,,76.454145985163,"[{""adm1_code"":2160,""adm1_name"":""Friesland""},{""adm1_code"":2162,""adm1_name"":""Groningen""},{""adm1_code"":2164,""adm1_name"":""Noord-brabant""},{""adm1_code"":2165,""adm1_name"":""Noord-holland""},{""adm1_code"":2168,""adm1_name"":""Zeeland""},{""adm1_code"":2169,""adm1_name"":""Zuid-holland""}]",2013-12-26,2023-09-25
2013-0530-PRT,No,nat-met-sto-ext,Natural,Meteorological,Storm,Extra-tropical storm,,Storm Dirk,PRT,Portugal,Southern Europe,Europe,"Lisboa, Santarém provinces",,,No,No,No,,,Kph,,,,2013,12,24,2013,12,25,,,,,,,,,,,,76.454145985163,"[{""adm1_code"":2406,""adm1_name"":""Lisboa""},{""adm1_code"":2409,""adm1_name"":""Santarem""}]",2013-12-26,2023-09-25
2013-0547-DEU,No,nat-met-sto-hai,Natural,Meteorological,Storm,Hail,,,DEU,Germany,Western Europe,Europe,Wassel village (Niedersachsen province) ; Baden-Württemberg province,,,No,No,No,,,Kph,,,,2013,7,27,2013,7,28,,,,,,,,3700000,4839502,4800000,6278273,76.454145985163,"[{""adm1_code"":1308,""adm1_name"":""Baden-Wuerttemberg""},{""adm1_code"":1316,""adm1_name"":""Niedersachsen""}]",2014-03-21,2023-09-25
2013-0549-GBR,No,nat-met-ext-hea,Natural,Meteorological,Extreme temperature,Heat wave,,,GBR,United Kingdom of Great Britain and Northern Ireland,Northern Europe,Europe,"England, Wales provinces",,,No,No,No,,40,°C,,,,2013,7,,2013,7,,760,,,,,,,,,,,76.454145985163,"[{""adm1_code"":3182,""adm1_name"":""England""},{""adm1_code"":3186,""adm1_name"":""Wales""}]",2014-04-04,2023-09-25
2013-0572-GBR,No,nat-hyd-flo-riv,Natural,Hydrological,Flood,Riverine flood,,,GBR,United Kingdom of Great Britain and Northern Ireland,Northern Europe,Europe,"Oxford city (Oxfordshire district), Devon city (Devonshire district) (England province) ; Wales, Scotland provinces",Heavy rains,,No,No,No,,126149.79,Km2,53.2732,-1.51,,2013,12,27,2014,1,,2,,600,,600,,,,,1500000,1961960,76.454145985163,"[{""adm1_code"":3184,""adm1_name"":""Scotland""},{""adm1_code"":3186,""adm1_name"":""Wales""},{""adm2_code"":40104,""adm2_name"":""Devonshire""},{""adm2_code"":40127,""adm2_name"":""Oxfordshire""}]",2014-02-10,2023-09-25
2013-0587-GBR,No,tec-tra-air-air,Technological,Transport,Air,Air,,Helicopter,GBR,United Kingdom of Great Britain and Northern Ireland,Northern Europe,Europe,Glasgow,,,No,No,No,,,,,,,2013,11,29,2013,11,29,10,,,,,,,,,,,76.454145985163,,2014-03-25,2023-09-25
2013-0589-MLT,No,tec-tra-wat-wat,Technological,Transport,Water,Water,,,MLT,Malta,Southern Europe,Europe,,,,No,No,No,,,,,,,2013,10,10,2013,10,10,27,,,,,,,,,,,76.454145985163,,2014-03-26,2023-09-25
2013-0591-FRA,No,tec-tra-rai-rai,Technological,Transport,Rail,Rail,,,FRA,France,Western Europe,Europe,Brétigny-sur-Orge,,,No,No,No,,,,,,,2013,7,12,2013,7,12,6,192,,,192,,,,,,,76.454145985163,,2014-03-26,2023-09-25
2014-0008-ESP,No,nat-met-sto-sto,Natural,Meteorological,Storm,Storm (General),,,ESP,Spain,Southern Europe,Europe,Galicia province,,,No,No,No,,,Kph,,,,2014,1,7,2014,1,7,3,,,,,,,,,,,77.6944061345599,"[{""adm1_code"":2728,""adm1_name"":""Galicia""}]",2014-01-15,2023-09-25
2014-0008-FRA,No,nat-met-sto-sto,Natural,Meteorological,Storm,Storm (General),,,FRA,France,Western Europe,Europe,"Biarritz city (Pyrenees-Atlantique district, Aquitaine province)",,,No,No,No,,,Kph,,,,2014,1,7,2014,1,7,2,,,,,,,,,,,77.6944061345599,"[{""adm2_code"":16244,""adm2_name"":""Pyrenees-Atlantique""}]",2014-01-15,2023-09-25
2014-0008-PRT,No,nat-met-sto-sto,Natural,Meteorological,Storm,Storm (General),,,PRT,Portugal,Southern Europe,Europe,Porto province,,,No,No,No,,,Kph,,,,2014,1,4,2014,1,7,,4,50,,54,,,,,,,77.6944061345599,"[{""adm1_code"":2408,""adm1_name"":""Porto""}]",2014-01-16,2023-09-25
2014-0026-ITA,No,nat-hyd-flo-fla,Natural,Hydrological,Flood,Flash flood,,,ITA,Italy,Southern Europe,Europe,"Bastiglia, Carpi, Medolla, Mirandoli cities (Modena district, Emilia-romagna province), Genova, La Spezia districts (Liguria province), Pisa, Volterra cities (Pisa district, Toscana province), Bologna district (Emilia-romagna province)",Heavy rains,"Slide (land, mud, snow, rock)",No,No,No,,,Km2,43.9958,7.1,Secchia,2014,1,18,2014,1,31,2,1,600,1000,1601,,,,,120000,154451,77.6944061345599,"[{""adm2_code"":18334,""adm2_name"":""Bologna""},{""adm2_code"":18337,""adm2_name"":""Modena""},{""adm2_code"":18352,""adm2_name"":""Genova""},{""adm2_code"":18354,""adm2_name"":""La Spezia""},{""adm2_code"":18405,""adm2_name"":""Pisa""}]",2014-05-14,2023-09-25
2014-0027-FRA,No,nat-hyd-flo-riv,Natural,Hydrological,Flood,Riverine flood,,,FRA,France,Western Europe,Europe,"Hyeres, Lavandou city (Var district, Provence-Alpes-Cote-d'Azur province) ; Cote d'Azur region (Alpes Maritimes district, Provence-Alpes-Cote-d'Azur province)",Heavy rains,,No,No,No,,82989.45,Km2,43.9958,7.1,,2014,1,19,2014,2,7,4,,1000,,1000,,,,,,,77.6944061345599,"[{""adm2_code"":16321,""adm2_name"":""Alpes-maritimes""},{""adm2_code"":16324,""adm2_name"":""Var""}]",2014-05-14,2023-09-25
2014-0029-BLR,No,nat-met-ext-sev,Natural,Meteorological,Extreme temperature,Severe winter conditions,GLIDE:CW-2014-000007,,BLR,Belarus,Eastern Europe,Europe,"Minsk, Grodno, Vitebsk, Mogilev provinces",,,No,No,No,,-35,°C,,,,2014,1,18,2014,1,29,2,1500,30000,,31500,,,,,,,77.6944061345599,"[{""adm1_code"":595,""adm1_name"":""Grodno""},{""adm1_code"":596,""adm1_name"":""Minsk""},{""adm1_code"":598,""adm1_name"":""Mogilev""},{""adm1_code"":599,""adm1_name"":""Vitebsk""}]",2014-07-22,2023-09-25
2014-0030-POL,No,nat-met-ext-col,Natural,Meteorological,Extreme temperature,Cold wave,,,POL,Poland,Eastern Europe,Europe,"Dolnoslaskie, Kujawsko-Pomorskie, Lodzkie, Lubeiskie, Lubuskie, Malopolske, Mazowieckie, Opolskie, Podkarpackie, Podlaskie, Pomorskie, Slaskie, Swietokrzyskie, Warminsko-Mazurskie, Wielkopolskie, Zachodnio-Pomorskie provinces",,,No,No,No,,-24,°C,,,,2014,1,23,2014,1,27,78,,,,,,,,,,,77.6944061345599,"[{""adm1_code"":2370,""adm1_name"":""Dolnoslaskie""},{""adm1_code"":2371,""adm1_name"":""Kujawsko-Pomorskie""},{""adm1_code"":2372,""adm1_name"":""Lodzkie""},{""adm1_code"":2373,""adm1_name"":""Lubeiskie""},{""adm1_code"":2374,""adm1_name"":""Lubuskie""},{""adm1_code"":2375,""adm1_name"":""Malopolske""},{""adm1_code"":2376,""adm1_name"":""Mazowieckie""},{""adm1_code"":2377,""adm1_name"":""Opolskie""},{""adm1_code"":2378,""adm1_name"":""Podkarpackie""},{""adm1_code"":2379,""adm1_name"":""Podlaskie""},{""adm1_code"":2380,""adm1_name"":""Pomorskie""},{""adm1_code"":2381,""adm1_name"":""Slaskie""},{""adm1_code"":2382,""adm1_name"":""Swietokrzyskie""},{""adm1_code"":2383,""adm1_name"":""Warminsko-Mazurskie""},{""adm1_code"":2384,""adm1_name"":""Wielkopolskie""},{""adm1_code"":2385,""adm1_name"":""Zachodnio-Pomorskie""}]",2014-02-05,2023-09-25
2014-0030-ROU,No,nat-met-ext-col,Natural,Meteorological,Extreme temperature,Cold wave,,,ROU,Romania,Eastern Europe,Europe,Bucarest province,,,No,No,No,,-18,°C,,,,2014,1,26,2014,1,31,13,,,,,,,,,,,77.6944061345599,"[{""adm1_code"":2455,""adm1_name"":""Bucuresti""}]",2014-02-05,2023-09-25
2014-0039-GBR,No,nat-hyd-flo-riv,Natural,Hydrological,Flood,Riverine flood,,,GBR,United Kingdom of Great Britain and Northern Ireland,Northern Europe,Europe,"Muchelney village (Somerset levels area, Somersetshire district, England province) ; Devon East area (Devonshire district, England province) ; Kent district (Southern England, England province)",Heavy rains,,No,No,No,,,Km2,,,,2014,1,,2014,2,,,,540,,540,,,530000,682160,624000,803147,77.6944061345599,"[{""adm2_code"":40104,""adm2_name"":""Devonshire""},{""adm2_code"":40117,""adm2_name"":""Kent""},{""adm2_code"":40129,""adm2_name"":""Somersetshire""}]",2014-02-07,2023-09-25
2014-0043-UKR,No,tec-tra-rai-rai,Technological,Transport,Rail,Rail,,,UKR,Ukraine,Eastern Europe,Europe,Soumy region,,,No,No,No,,,,,,,2014,2,4,2014,2,4,12,5,,,5,,,,,,,77.6944061345599,,2014-02-05,2023-09-25
2014-0045-ITA,No,nat-hyd-flo-riv,Natural,Hydrological,Flood,Riverine flood,,,ITA,Italy,Southern Europe,Europe,"Ponsacco, San Miniato towns (Pisa district, Toscane province); Roma, Ostie, Fiumicino towns (Roma district, Lazio province), Noto town (Siracusa district, Sicila province), Catania, Messina districts (Sicilia province), Monasterace town (Reggio Calabria district, Calabria province), Frosinone district (Lazio province).",,"Slide (land, mud, snow, rock)",No,No,No,,,Km2,,,"Tibre, Arno",2014,1,31,2014,2,1,4,,80,,80,,,,,294000,378406,77.6944061345599,"[{""adm2_code"":18326,""adm2_name"":""Reggio Calabria""},{""adm2_code"":18347,""adm2_name"":""Frosinone""},{""adm2_code"":18350,""adm2_name"":""Roma""},{""adm2_code"":18392,""adm2_name"":""Catania""},{""adm2_code"":18394,""adm2_name"":""Messina""},{""adm2_code"":18397,""adm2_name"":""Siracusa""},{""adm2_code"":18405,""adm2_name"":""Pisa""}]",2014-02-05,2024-08-27
2014-0046-SVN,No,nat-met-ext-sev,Natural,Meteorological,Extreme temperature,Severe winter conditions,GLIDE:CW-2014-000018,,SVN,Slovenia,Southern Europe,Europe,Notranjsko-kraska province,,,Yes,No,Yes,,,°C,,,,2014,1,31,2014,2,2,1,,50000,,50000,,,,,,,77.6944061345599,"[{""adm1_code"":2679,""adm1_name"":""Notranjsko-kraska""}]",2014-07-29,2023-09-25
2014-0049-GRC,No,nat-geo-ear-gro,Natural,Geophysical,Earthquake,Ground movement,USGS:usb000m8ch,,GRC,Greece,Southern Europe,Europe,"Lixouri, Kounopetra, Fiskardo villages (Kefalonia Isl., Kefallinias district, Ionioi Nisoi province)",,,No,No,Yes,,6.1,Moment Magnitude,38.2082,20.4528,,2014,1,26,2014,2,3,,23,2000,,2023,,,8000,10297,178000,229103,77.6944061345599,"[{""adm2_code"":16688,""adm2_name"":""Kefallinias""}]",2014-02-28,2023-09-25
2014-0067-FRA,No,nat-met-sto-ext,Natural,Meteorological,Storm,Extra-tropical storm,,Ulla,FRA,France,Western Europe,Europe,Bretagne province,,,No,No,No,,150,Kph,,,,2014,2,14,2014,2,14,,,,,,,,,,,,77.6944061345599,"[{""adm1_code"":1253,""adm1_name"":""Bretagne""}]",2014-02-17,2023-09-25
2014-0067-GBR,No,nat-met-sto-ext,Natural,Meteorological,Storm,Extra-tropical storm,,Ulla,GBR,United Kingdom of Great Britain and Northern Ireland,Northern Europe,Europe,All country selected/affected (no data),,Flood,No,No,No,,130,Kph,,,Thmes river valley,2014,2,14,2014,2,15,5,,18000,,18000,,,,,100000,128709,77.6944061345599,"[{""adm1_code"":3182,""adm1_name"":""England""},{""adm1_code"":3183,""adm1_name"":""Northern Ireland""},{""adm1_code"":3184,""adm1_name"":""Scotland""},{""adm1_code"":3186,""adm1_name"":""Wales""}]",2014-03-06,2023-09-25
2014-0067-IRL,No,nat-met-sto-ext,Natural,Meteorological,Storm,Extra-tropical storm,,Ulla,IRL,Ireland,Northern Europe,Europe,"Dublin, Kildare, Laois, Longford, Meath, Offaly, Westmeath, Wicklow, Carlow, Cavan, Clare, Cork, Donegal, Galway, Kerry, Kilkenny, Leitrim, Limerick, Louth, Mayo, Monaghan, Munster, Roscommon, Sligo, Tipperary, Waterford, Wexford provinces",,,No,No,No,,,Kph,,,,2014,2,12,2014,2,14,1,,,,,,,,,,,77.6944061345599,"[{""adm1_code"":1582,""adm1_name"":""Carlow""},{""adm1_code"":1583,""adm1_name"":""Cavan""},{""adm1_code"":1584,""adm1_name"":""Clare""},{""adm1_code"":1585,""adm1_name"":""Cork""},{""adm1_code"":1586,""adm1_name"":""Donegal""},{""adm1_code"":1587,""adm1_name"":""Dublin""},{""adm1_code"":1588,""adm1_name"":""Galway""},{""adm1_code"":1589,""adm1_name"":""Kerry""},{""adm1_code"":1590,""adm1_name"":""Kildare""},{""adm1_code"":1591,""adm1_name"":""Kilkenny""},{""adm1_code"":1592,""adm1_name"":""Laois""},{""adm1_code"":1593,""adm1_name"":""Leitrim""},{""adm1_code"":1594,""adm1_name"":""Limerick""},{""adm1_code"":1595,""adm1_name"":""Longford""},{""adm1_code"":1596,""adm1_name"":""Louth""},{""adm1_code"":1597,""adm1_name"":""Mayo""},{""adm1_code"":1598,""adm1_name"":""Meath""},{""adm1_code"":1599,""adm1_name"":""Monaghan""},{""adm1_code"":1600,""adm1_name"":""Munster""},{""adm1_code"":1601,""adm1_name"":""Offaly""},{""adm1_code"":1602,""adm1_name"":""Roscommon""},{""adm1_code"":1603,""adm1_name"":""Sligo""},{""adm1_code"":1604,""adm1_name"":""Tipperary""},{""adm1_code"":1605,""adm1_name"":""Waterford""},{""adm1_code"":1606,""adm1_name"":""Westmeath""},{""adm1_code"":1607,""adm1_name"":""Wexford""},{""adm1_code"":1608,""adm1_name"":""Wicklow""}]",2014-02-17,2023-09-25
2014-0067-PRT,No,nat-met-sto-ext,Natural,Meteorological,Storm,Extra-tropical storm,,Ulla,PRT,Portugal,Southern Europe,Europe,Ilha Da Madeira province,,,No,No,No,,,Kph,,,,2014,2,15,2014,2,16,1,,,,,,,,,,,77.6944061345599,"[{""adm1_code"":1886,""adm1_name"":""Ilha Da Madeira (madeira)""}]",2014-06-11,2023-09-25
2014-0069-RUS,No,tec-tra-roa-roa,Technological,Transport,Road,Road,,,RUS,Russian Federation,Eastern Europe,Europe,Leningrad region,,,No,No,No,,,,,,,2014,2,15,2014,2,15,10,3,,,3,,,,,,,77.6944061345599,,2014-02-17,2023-09-25
2014-0080-SRB,No,nat-met-ext-sev,Natural,Meteorological,Extreme temperature,Severe winter conditions,GLIDE:CW-2014-000017,,SRB,Serbia,Southern Europe,Europe,"Backa Topola city (Severno-backi province), Zrenjanin city (Srednje-banatski province), Kikinda city (Severno-banatski province), Juzno-backi province",,,No,No,Yes,,,°C,,,,2014,1,28,2014,2,2,,,3000,,3000,,,,,,,77.6944061345599,"[{""adm1_code"":25375,""adm1_name"":""Juzno-backi""},{""adm1_code"":25392,""adm1_name"":""Severno-backi""},{""adm1_code"":25393,""adm1_name"":""Severno-banatski""},{""adm1_code"":25394,""adm1_name"":""Srednje-banatski""}]",2014-02-28,2023-09-25
2014-0116-RUS,No,tec-mis-mis-mis,Technological,Miscellaneous accident,Miscellaneous accident (General),Miscellaneous accident (General),,Alcool poisoning,RUS,Russian Federation,Eastern Europe,Europe,Krasny Velikan (Zabaïkalsk),,,No,No,No,,,,,,,2014,3,16,2014,3,16,14,11,,,11,,,,,,,77.6944061345599,,2014-04-15,2023-09-25
2014-0128-BGR,No,nat-hyd-flo-riv,Natural,Hydrological,Flood,Riverine flood,GLIDE:FF-2014-000059,,BGR,Bulgaria,Eastern Europe,Europe,"Belogradchick district (Vidin province), Montana district (Montana province)",Heavy rains and melting snow,,No,No,Yes,,,Km2,44.0617,24.49,"Yantra, Pyce, Struma, Midde Maritza",2014,4,17,2014,5,1,,,,,,,,,,,,77.6944061345599,"[{""adm2_code"":11936,""adm2_name"":""Montana""},{""adm2_code"":12089,""adm2_name"":""Belogradchik""}]",2014-05-13,2023-09-25
2014-0128-BIH,No,nat-hyd-flo-riv,Natural,Hydrological,Flood,Riverine flood,GLIDE:FF-2014-000059,,BIH,Bosnia and Herzegovina,Southern Europe,Europe,"Delibasino city (Banja Luka district, Republika Srpska province)",,,No,No,No,,,Km2,,,Vrbas,2014,4,19,2014,4,24,,,,,,,,,,,,77.6944061345599,"[{""adm2_code"":6251,""adm2_name"":""Banja Luka""}]",2014-10-20,2023-09-25
2014-0128-ROU,No,nat-hyd-flo-riv,Natural,Hydrological,Flood,Riverine flood,GLIDE:FF-2014-000059,,ROU,Romania,Eastern Europe,Europe,"Alba, Arges, Braila, Brasov, Bucuresti, Buzau, Calarasi, Caras-severin, Constanta, Covasna, Dimbovita, Dolj, Galati, Giurgiu, Gorj, Hunedoara, Ialomita, Mehedinti, Olt, Prahova, Sibiu, Teleorman, Timis, Tulcea, Vilcea, Vrancea provinces",Heavy rains and melting snow,,No,No,Yes,,,Km2,44.0617,24.49,Vedea,2014,4,19,2014,4,22,,,525,,525,,,,,,,77.6944061345599,"[{""adm1_code"":2446,""adm1_name"":""Alba""},{""adm1_code"":2448,""adm1_name"":""Arges""},{""adm1_code"":2453,""adm1_name"":""Braila""},{""adm1_code"":2454,""adm1_name"":""Brasov""},{""adm1_code"":2455,""adm1_name"":""Bucuresti""},{""adm1_code"":2456,""adm1_name"":""Buzau""},{""adm1_code"":2457,""adm1_name"":""Calarasi""},{""adm1_code"":2458,""adm1_name"":""Caras-severin""},{""adm1_code"":2460,""adm1_name"":""Constanta""},{""adm1_code"":2461,""adm1_name"":""Covasna""},{""adm1_code"":2462,""adm1_name"":""Dimbovita""},{""adm1_code"":2463,""adm1_name"":""Dolj""},{""adm1_code"":2464,""adm1_name"":""Galati""},{""adm1_code"":2465,""adm1_name"":""Giurgiu""},{""adm1_code"":2466,""adm1_name"":""Gorj""},{""adm1_code"":2468,""adm1_name"":""Hunedoara""},{""adm1_code"":2469,""adm1_name"":""Ialomita""},{""adm1_code"":2472,""adm1_name"":""Mehedinti""},{""adm1_code"":2475,""adm1_name"":""Olt""},{""adm1_code"":2476,""adm1_name"":""Prahova""},{""adm1_code"":2479,""adm1_name"":""Sibiu""},{""adm1_code"":2481,""adm1_name"":""Teleorman""},{""adm1_code"":2482,""adm1_name"":""Timis""},{""adm1_code"":2483,""adm1_name"":""Tulcea""},{""adm1_code"":2485,""adm1_name"":""Vilcea""},{""adm1_code"":2486,""adm1_name"":""Vrancea""}]",2014-05-13,2023-09-25
2014-0128-SRB,No,nat-hyd-flo-riv,Natural,Hydrological,Flood,Riverine flood,GLIDE:FF-2014-000059,,SRB,Serbia,Southern Europe,Europe,"Lucani municipality (Moravicki province), Zitoradja, Prokuplje, Kursumilja municipalities (Toplicki province), Zajecar municipality (Zajecarski province), Zagubica municipality (Branicevski province), Doljevac municiplality (Nisavski province)",Heavy rains and melting snow,"Slide (land, mud, snow, rock)",No,No,Yes,,,Km2,44.0617,24.49,,2014,4,16,2014,4,17,,,3000,,3000,,,,,,,77.6944061345599,"[{""adm1_code"":25372,""adm1_name"":""Branicevski""},{""adm1_code"":25382,""adm1_name"":""Moravicki""},{""adm1_code"":25383,""adm1_name"":""Nisavski""},{""adm1_code"":25397,""adm1_name"":""Toplicki""},{""adm1_code"":25398,""adm1_name"":""Zajecarski""}]",2014-05-13,2023-09-25
2014-0151-GRC,No,tec-tra-wat-wat,Technological,Transport,Water,Water,,,GRC,Greece,Southern Europe,Europe,IlÃ´t de Farmakonissi (Samos),,,No,No,No,,,,,,,2014,1,,2014,1,,12,,,,,,,,,,,77.6944061345599,,2014-05-07,2023-09-25
2014-0152-GRC,No,tec-tra-wat-wat,Technological,Transport,Water,Water,,,GRC,Greece,Southern Europe,Europe,"Mer Egee, Samos",,,No,No,No,,,,,,,2014,5,5,2014,5,5,22,,,,,,,,,,,77.6944061345599,,2014-05-07,2023-09-25
2014-0164-BIH,No,nat-hyd-flo-riv,Natural,Hydrological,Flood,Riverine flood,GLIDE:FF-2014-000059,,BIH,Bosnia and Herzegovina,Southern Europe,Europe,"Sanski Most municipality (Unsko-sanski district), Srpski Sanski Most municipality (Sanski Most discrict), Banja Luka municipality (Banja Luka district), Celinac municipality (Celinac district), Kotor Varos municipality (Kotor Varos district), Zenica, Zepce, Maglaj, Vares, Kakanj, Visoko, Olovo, Doboj-Jug, Breza, Doboj-Jug municipalities (Zenicko-Dobojski district), Tuzla, Celic, Srebrenik, Gracanica, Gradacac, Kladanj, Lukavac, Sapna, Brcko, Doboj-Istok municipalities (Tuzlansko-podrinjski, Tuzla, Kladanj, Gracanica districts), Bijeljina municipality (Bijeljina disctict), Brcko municipality (Brcko district),Petrovo municipality (Maglaj, Gracanica districts), Doboj municipality (Doboj, Tesanj districts), Modrica municipality (Modrica district), Samac municipality (Bosanski Samac district), Domaljevac-Samac municipality (Posavski district), Zvornik municipality (Zvornik district), Bratunac municipality (Bratunac district), Srebrenica municipality (Srebrenica district), Stari Grad Sarajevo municipality (Sarajevo district), Sekovici municipality (Sekovici district)",Heavy rains,"Slide (land, mud, snow, rock)",Yes,No,Yes,,,Km2,,,Miljacka,2014,5,13,2014,5,20,25,,1000000,,1000000,,,,,436580,561919,77.6944061345599,"[{""adm2_code"":6243,""adm2_name"":""Posavski""},{""adm2_code"":6244,""adm2_name"":""Sarajevo""},{""adm2_code"":6246,""adm2_name"":""Tuzlansko-podrinjski""},{""adm2_code"":6247,""adm2_name"":""Unsko-sanski""},{""adm2_code"":6250,""adm2_name"":""Zenicko-dobojski""},{""adm2_code"":6251,""adm2_name"":""Banja Luka""},{""adm2_code"":6252,""adm2_name"":""Bijeljina""},{""adm2_code"":6260,""adm2_name"":""Bosanski Samac""},{""adm2_code"":6261,""adm2_name"":""Bratunac""},{""adm2_code"":6262,""adm2_name"":""Brcko""},{""adm2_code"":6264,""adm2_name"":""Celinac""},{""adm2_code"":6266,""adm2_name"":""Doboj""},{""adm2_code"":6272,""adm2_name"":""Gracanica""},{""adm2_code"":6280,""adm2_name"":""Kladanj""},{""adm2_code"":6283,""adm2_name"":""Kotor Varos""},{""adm2_code"":6289,""adm2_name"":""Maglaj""},{""adm2_code"":6290,""adm2_name"":""Modrica""},{""adm2_code"":6303,""adm2_name"":""Sanski Most""},{""adm2_code"":6304,""adm2_name"":""Sekovici""},{""adm2_code"":6308,""adm2_name"":""Srebrenica""},{""adm2_code"":6311,""adm2_name"":""Tesanj""},{""adm2_code"":6317,""adm2_name"":""Tuzla""},{""adm2_code"":6321,""adm2_name"":""Zvornik""}]",2014-05-15,2023-09-25
2014-0164-HRV,No,nat-hyd-flo-riv,Natural,Hydrological,Flood,Riverine flood,GLIDE:FF-2014-000059,,HRV,Croatia,Southern Europe,Europe,Vukovar-Srijem province,,,No,No,Yes,,,Km2,,,,2014,5,15,2014,5,20,3,,7116,,7116,,,,,,,77.6944061345599,"[{""adm1_code"":1006,""adm1_name"":""Vukovar-srijem""}]",2014-05-22,2023-09-25
2014-0164-SRB,No,nat-hyd-flo-riv,Natural,Hydrological,Flood,Riverine flood,GLIDE:FF-2014-000059,,SRB,Serbia,Southern Europe,Europe,"Ljig, Valjevo municipalities (Kolubarski province), Krupanj, Mali Zvornik, Loznica, Sabac, Ljubovija municipalities (Macvanski province), Gornji Milanovac, Cacak municipalities (Moravicki province), Grocka, Lazarevac, Obrenovac, Belgrade municipalities (Grad Beograd province), Bajina Basta municipality (Zlatiborski province)",Heavy rains,"Slide (land, mud, snow, rock)",Yes,No,Yes,,,Km2,,,"Sava, Drina, Morava rivers",2014,5,13,2014,5,20,51,,49600,,49600,,,,,2048262,2636306,77.6944061345599,"[{""adm1_code"":25373,""adm1_name"":""Grad Beograd""},{""adm1_code"":25377,""adm1_name"":""Kolubarski""},{""adm1_code"":25381,""adm1_name"":""Macvanski""},{""adm1_code"":25382,""adm1_name"":""Moravicki""},{""adm1_code"":25400,""adm1_name"":""Zlatiborski""}]",2014-05-15,2023-09-25
2014-0168-RUS,No,tec-tra-air-air,Technological,Transport,Air,Air,,Helicopter Mi-8,RUS,Russian Federation,Eastern Europe,Europe,"Lake Mounozero, Mourmansk region",,,No,No,No,,,,,,,2014,5,31,2014,5,31,16,2,,,2,,,,,,,77.6944061345599,,2014-06-03,2023-09-25
2014-0170-RUS,No,tec-tra-roa-roa,Technological,Transport,Road,Road,,,RUS,Russian Federation,Eastern Europe,Europe,Ouest de Makhatchkala (Daguestan),Landslides due to heavy rains,,No,No,No,,,,,,,2014,6,4,2014,6,4,10,6,,,6,,,,,,,77.6944061345599,,2014-06-10,2023-09-25
2014-0174-GRC,No,nat-geo-ear-gro,Natural,Geophysical,Earthquake,Ground movement,USGS:usb000r2hc,,GRC,Greece,Southern Europe,Europe,"Limnos Island (Lesvou district, Voreio Aigaio province), Samothrace Island (Evrou district, Anatoliki Makedonnia Kai Thraki province)",,,No,No,No,,6.9,Moment Magnitude,40.2893,25.3889,,2014,5,24,2014,5,24,3,2,75000,,75002,,,,,450000,579192,77.6944061345599,"[{""adm2_code"":16676,""adm2_name"":""Evrou""},{""adm2_code"":16725,""adm2_name"":""Lesvou""}]",2014-06-11,2023-09-25
2014-0193-RUS,No,nat-hyd-flo-riv,Natural,Hydrological,Flood,Riverine flood,GLIDE:FL-2014-000073,,RUS,Russian Federation,Eastern Europe,Europe,"Altayskiy Kray, Altay Rep., Tyva Rep., Khakasiya Rep., Adygeya Rep. provinces",Torrential rains,,No,No,No,,1829701,Km2,,,,2014,5,29,2014,6,10,6,2000,22545,,24545,,,,,8000,10297,77.6944061345599,"[{""adm1_code"":2487,""adm1_name"":""Adygeya Rep.""},{""adm1_code"":2489,""adm1_name"":""Altay Rep.""},{""adm1_code"":2490,""adm1_name"":""Altayskiy Kray""},{""adm1_code"":2517,""adm1_name"":""Khakasiya Rep.""},{""adm1_code"":2567,""adm1_name"":""Tyva Rep.""}]",2014-07-09,2023-09-25
2014-0202-POL,No,tec-tra-air-air,Technological,Transport,Air,Air,,,POL,Poland,Eastern Europe,Europe,Czestochowa,,,No,No,No,,,,,,,2014,7,5,2014,7,5,11,1,,,1,,,,,,,77.6944061345599,,2014-07-07,2023-09-25
2014-0208-RUS,No,tec-tra-air-air,Technological,Transport,Air,Air,,Helicopter Mi-8,RUS,Russian Federation,Eastern Europe,Europe,"Near Tchekounda (Khabarovsk region, Extreme Orient)",,,No,No,No,,,,,,,2014,6,30,2014,6,30,14,,,,,,,,,,,77.6944061345599,,2014-07-07,2023-09-25
2014-0209-BEL,No,nat-met-sto-lig,Natural,Meteorological,Storm,Lightning/Thunderstorms,,,BEL,Belgium,Western Europe,Europe,"Region de Bruxelles-Capitale, Vlaams Gewest, Region wallonne provinces",,,No,No,No,,,Kph,,,,2014,6,8,2014,6,10,,,,,,,,,,,,77.6944061345599,"[{""adm1_code"":600,""adm1_name"":""Region de Bruxelles-Capitale / Brussels Hoofdstedelijk Gewes""},{""adm1_code"":601,""adm1_name"":""Vlaams Gewest""},{""adm1_code"":602,""adm1_name"":""Region wallonne""}]",2014-07-09,2023-09-25
2014-0209-DEU,No,nat-met-sto-lig,Natural,Meteorological,Storm,Lightning/Thunderstorms,,,DEU,Germany,Western Europe,Europe,"Koeln city (Koeln district), Dusseldorf,Krefeld, Essen cities (Dusseldorf district) (Nordrhein-Westfalen provinces)",,,No,No,No,,,Kph,,,,2014,6,8,2014,6,10,6,,,,,,,,,,,77.6944061345599,"[{""adm2_code"":16551,""adm2_name"":""Duesseldorf""},{""adm2_code"":16552,""adm2_name"":""Koeln""}]",2014-07-09,2023-09-25
2014-0209-FRA,No,nat-met-sto-lig,Natural,Meteorological,Storm,Lightning/Thunderstorms,,,FRA,France,Western Europe,Europe,"Bordeaux city (Gironde district, Aquitaine province), Cognac city (Charente district, Poitou-Charentes province) ; Languedoc region (Languedoc-Rousillon province)",,,No,No,No,,,Kph,,,,2014,6,8,2014,6,10,,,,,,,,,,,,77.6944061345599,"[{""adm1_code"":1260,""adm1_name"":""Languedoc-Rousillon""},{""adm2_code"":16241,""adm2_name"":""Gironde""},{""adm2_code"":16316,""adm2_name"":""Charente""}]",2014-07-09,2023-09-25
2014-0210-BGR,No,nat-hyd-flo-riv,Natural,Hydrological,Flood,Riverine flood,DFO:4536,,BGR,Bulgaria,Eastern Europe,Europe,"Varna, Dobrich, Velkiko Tarnovo, Burgas, Montana, Kustendil, Plovdiv, Haskovo, Jambol, Sofia, Sofia-city provinces",Torrential rains,Hail|Storm,No,No,Yes,,24415,Km2,,,,2014,6,19,2014,6,25,15,,,1260,1260,,,,,377000,485234,77.6944061345599,"[{""adm1_code"":703,""adm1_name"":""Burgas""},{""adm1_code"":704,""adm1_name"":""Dobrich""},{""adm1_code"":706,""adm1_name"":""Haskovo""},{""adm1_code"":707,""adm1_name"":""Jambol""},{""adm1_code"":709,""adm1_name"":""Kustendil""},{""adm1_code"":711,""adm1_name"":""Montana""},{""adm1_code"":715,""adm1_name"":""Plovdiv""},{""adm1_code"":722,""adm1_name"":""Sofia""},{""adm1_code"":723,""adm1_name"":""Sofia-city""},{""adm1_code"":726,""adm1_name"":""Varna""},{""adm1_code"":727,""adm1_name"":""Veliko Tarnovo""}]",2014-07-09,2023-09-25
2014-0219-RUS,No,tec-tra-rai-rai,Technological,Transport,Rail,Rail,,Subway,RUS,Russian Federation,Eastern Europe,Europe,Moscow,,,No,No,No,,,,,,,2014,7,15,2014,7,15,21,100,,,100,,,,,,,77.6944061345599,,2014-07-16,2023-09-25
2014-0229-DEU,No,tec-tra-roa-roa,Technological,Transport,Road,Road,,,DEU,Germany,Western Europe,Europe,Near Dresde,,,No,No,No,,,,,,,2014,7,19,2014,7,19,11,69,,,69,,,,,,,77.6944061345599,,2014-07-22,2023-09-25
2014-0230-ITA,No,tec-tra-wat-wat,Technological,Transport,Water,Water,,Migrants,ITA,Italy,Southern Europe,Europe,Near Lampedusa,,,No,No,No,,,,,,,2014,7,19,2014,7,19,29,2,,,2,,,,,,,77.6944061345599,,2014-07-22,2023-09-25
2014-0252-ITA,No,nat-hyd-flo-fla,Natural,Hydrological,Flood,Flash flood,,,ITA,Italy,Southern Europe,Europe,"Senigallia, Chiaravalle towns (Ancona district, Marche province)",Torrential rain,,No,No,No,,11256,Km2,,,"Triponzio, Misa",2014,5,2,2014,5,10,3,,8010,,8010,,,,,120000,154451,77.6944061345599,"[{""adm2_code"":18367,""adm2_name"":""Ancona""}]",2014-07-25,2023-09-25
2014-0280-BGR,No,nat-hyd-flo-riv,Natural,Hydrological,Flood,Riverine flood,GLIDE:FL-2014-000113,,BGR,Bulgaria,Eastern Europe,Europe,"Mizija, Borovan, Bjala Slatina districts (Vratca province) ; Sofia, Plovdic, Montana provinces",Heavy rains,Broken Dam/Burst bank,No,No,No,,,Km2,,,Skat rivers,2014,7,31,2014,8,2,2,,7247,,7247,,,,,,,77.6944061345599,"[{""adm1_code"":711,""adm1_name"":""Montana""},{""adm1_code"":715,""adm1_name"":""Plovdiv""},{""adm1_code"":723,""adm1_name"":""Sofia-city""},{""adm2_code"":12100,""adm2_name"":""Bjala Slatina""},{""adm2_code"":12101,""adm2_name"":""Borovan""},{""adm2_code"":12107,""adm2_name"":""Mizija""}]",2014-09-01,2023-09-25
2014-0280-ROU,No,nat-hyd-flo-riv,Natural,Hydrological,Flood,Riverine flood,GLIDE:FL-2014-000113,,ROU,Romania,Eastern Europe,Europe,"Vilcea, Caras-severin, Dolj, Gorj, Mehedinti, Olt province",Heavy rains,,No,No,No,,,Km2,,,,2014,7,31,2014,7,31,4,,,,,,,,,,,77.6944061345599,"[{""adm1_code"":2458,""adm1_name"":""Caras-severin""},{""adm1_code"":2463,""adm1_name"":""Dolj""},{""adm1_code"":2466,""adm1_name"":""Gorj""},{""adm1_code"":2472,""adm1_name"":""Mehedinti""},{""adm1_code"":2475,""adm1_name"":""Olt""},{""adm1_code"":2485,""adm1_name"":""Vilcea""}]",2014-09-04,2023-09-25
2014-0306-BIH,No,nat-hyd-flo-riv,Natural,Hydrological,Flood,Riverine flood,,,BIH,Bosnia and Herzegovina,Southern Europe,Europe,"Banja Luka municipality (Banja Luka district), Tuzla municipality (Tuzla,Tuzlansko-podrinjski districts) , Bijeljina municipality (Bijeljina district), Zepce municipality (Zenicko-dobojski district)",Torrential rain,,No,No,Yes,,,Km2,,,,2014,8,6,2014,8,6,1,,600,,600,,,,,,,77.6944061345599,"[{""adm2_code"":6246,""adm2_name"":""Tuzlansko-podrinjski""},{""adm2_code"":6250,""adm2_name"":""Zenicko-dobojski""},{""adm2_code"":6251,""adm2_name"":""Banja Luka""},{""adm2_code"":6252,""adm2_name"":""Bijeljina""},{""adm2_code"":6317,""adm2_name"":""Tuzla""}]",2014-09-22,2023-09-25
2014-0306-SRB,No,nat-hyd-flo-riv,Natural,Hydrological,Flood,Riverine flood,,,SRB,Serbia,Southern Europe,Europe,Banja Koviljaca city (Macvanski province),Torrential rains,,No,No,No,,,Km2,,,,2014,8,6,2014,8,6,1,,,,,,,,,,,77.6944061345599,"[{""adm1_code"":25381,""adm1_name"":""Macvanski""}]",2014-09-22,2023-09-25
2014-0326-HUN,No,nat-hyd-flo-riv,Natural,Hydrological,Flood,Riverine flood,GLIDE:FL-2014-000130,,HUN,Hungary,Eastern Europe,Europe,"Vas, Zala, Gyor-Moson-Sopron, Jasz-Nagykun-Szolnok, Veszprem, Baranya, Bacs-Kiskun, Nograd, Fejer provinces",Heavy and unseasonal rain,,No,No,No,,,Km2,,,"Drava, Lajta, Mura, Raba, Zala",2014,9,14,2014,9,26,,,6500,,6500,,,,,,,77.6944061345599,"[{""adm1_code"":1440,""adm1_name"":""Bacs-kiskun""},{""adm1_code"":1441,""adm1_name"":""Baranya""},{""adm1_code"":1446,""adm1_name"":""Fejer""},{""adm1_code"":1447,""adm1_name"":""Gyor-moson-sopron""},{""adm1_code"":1450,""adm1_name"":""Jasz-nagykun-szolnok""},{""adm1_code"":1452,""adm1_name"":""Nograd""},{""adm1_code"":1457,""adm1_name"":""Vas""},{""adm1_code"":1458,""adm1_name"":""Veszprem""},{""adm1_code"":1459,""adm1_name"":""Zala""}]",2014-09-30,2023-09-25
2014-0329-BIH,No,nat-hyd-flo-fla,Natural,Hydrological,Flood,Flash flood,GLIDE:FF-2014-000129,,BIH,Bosnia and Herzegovina,Southern Europe,Europe,Cazin municipality (Unsko-sanski district),,,No,No,No,,,Km2,,,,2014,9,14,2014,9,15,,,,,,,,,,,,77.6944061345599,"[{""adm2_code"":6247,""adm2_name"":""Unsko-sanski""}]",2014-10-02,2023-09-25
2014-0329-HRV,No,nat-hyd-flo-fla,Natural,Hydrological,Flood,Flash flood,GLIDE:FF-2014-000129,,HRV,Croatia,Southern Europe,Europe,"Sisak, Hrvatska Kostajnica cities (Sisak-moslavina province), Karlovac city (Karlovac province), Nedelisce (Medimurje province)",Heavy rains,,No,No,No,,,Km2,,,,2014,9,14,2014,9,15,,,2000,,2000,,,,,,,77.6944061345599,"[{""adm1_code"":992,""adm1_name"":""Karlovac""},{""adm1_code"":996,""adm1_name"":""Medimurje""},{""adm1_code"":1001,""adm1_name"":""Sisak-moslavina""}]",2014-10-02,2023-09-25
2014-0329-SRB,No,nat-hyd-flo-fla,Natural,Hydrological,Flood,Flash flood,GLIDE:FF-2014-000129,,SRB,Serbia,Southern Europe,Europe,"Klavodo, Majdanpek, Negotin, Tekija municipalities (Borski province)",Massive rainfalls,"Slide (land, mud, snow, rock)",No,No,Yes,,,Km2,,,Danube,2014,9,15,2014,9,16,4,,7000,,7000,,,,,,,77.6944061345599,"[{""adm1_code"":25371,""adm1_name"":""Borski""}]",2014-09-30,2023-09-25
2014-0359-SVN,No,nat-hyd-flo-riv,Natural,Hydrological,Flood,Riverine flood,,,SVN,Slovenia,Southern Europe,Europe,"Vransko municipality (Zalec district, Savinjska province)",Torrential rains,"Slide (land, mud, snow, rock)",No,No,No,,,Km2,,,"Krka, Sava",2014,9,13,2014,9,13,3,,2550,,2550,,,,,,,77.6944061345599,"[{""adm2_code"":25644,""adm2_name"":""Zalec""}]",2014-10-01,2023-09-25
2014-0364-BGR,No,tec-ind-exp-exp,Technological,Industrial accident,Explosion (Industrial),Explosion (Industrial),,Explosive factory,BGR,Bulgaria,Eastern Europe,Europe,Garni Lom,,,No,No,No,,,m3,,,,2014,10,2,2014,10,2,15,,,,,,,,,,,77.6944061345599,,2014-10-02,2023-09-25
2014-0368-BGR,No,nat-hyd-flo-riv,Natural,Hydrological,Flood,Riverine flood,,,BGR,Bulgaria,Eastern Europe,Europe,"Burgas, Primorsko districts (Burgas province), Lovetch district (Lovetch province), Harmanli, Simeongrad, Dimitrovgrad districts (Haskovo province) Radnevo, Galabovo districts (Stara Zagora province), Mizija district (Vratca province)",Severe thunderstorm and heavy rainfall,,No,No,Yes,,7804,Km2,,,Ropotamo riber,2014,9,4,2014,9,6,3,,,,,,,,,10000,12871,77.6944061345599,"[{""adm2_code"":11864,""adm2_name"":""Burgas""},{""adm2_code"":11871,""adm2_name"":""Primorsko""},{""adm2_code"":11888,""adm2_name"":""Dimitrovgrad""},{""adm2_code"":11889,""adm2_name"":""Harmanli""},{""adm2_code"":11895,""adm2_name"":""Simeonovgrad""},{""adm2_code"":11923,""adm2_name"":""Lovech""},{""adm2_code"":12053,""adm2_name"":""Galabovo""},{""adm2_code"":12060,""adm2_name"":""Radnevo""},{""adm2_code"":12107,""adm2_name"":""Mizija""}]",2014-10-02,2023-09-25
2014-0379-ITA,No,tec-tra-wat-wat,Technological,Transport,Water,Water,,Migrants,ITA,Italy,Southern Europe,Europe,Near Catana,,,No,No,No,,,,,,,2014,7,2,2014,7,2,75,,27,,27,,,,,,,77.6944061345599,,2014-10-09,2023-09-25
2014-0380-GRC,No,tec-tra-wat-wat,Technological,Transport,Water,Water,,,GRC,Greece,Southern Europe,Europe,Near Samos Isl.,,,No,No,No,,,,,,,2014,7,11,2014,7,11,22,,15,,15,,,,,,,77.6944061345599,,2014-10-09,2024-08-27
2014-0381-DEU,No,nat-met-sto-lig,Natural,Meteorological,Storm,Lightning/Thunderstorms,,,DEU,Germany,Western Europe,Europe,Nordrhein-Westfalen province,,,No,No,No,,,Kph,,,,2014,7,28,2014,7,29,2,1,,,1,,,190000,244548,400000,514838,77.6944061345599,"[{""adm1_code"":1317,""adm1_name"":""Nordrhein-Westfalen""}]",2014-10-09,2023-09-25
2014-0388-FRA,No,nat-met-sto-lig,Natural,Meteorological,Storm,Lightning/Thunderstorms,,,FRA,France,Western Europe,Europe,"Lamalou-les-Bains city (Herault district, Languedoc-Rousillon province) ; Aveyron distric (Midi-Pyrénées province), Gard district (Languedoc-Rousillon province) Ardeche district (Rhone-Alpes province)",,"Flood|Slide (land, mud, snow, rock)",No,No,No,,,Kph,,,,2014,9,18,2014,9,18,6,,,,,,,145000,186629,182000,234251,77.6944061345599,"[{""adm2_code"":16286,""adm2_name"":""Gard""},{""adm2_code"":16287,""adm2_name"":""Herault""},{""adm2_code"":16299,""adm2_name"":""Aveyron""},{""adm2_code"":16327,""adm2_name"":""Ardeche""}]",2014-10-10,2023-09-25
2014-0404-BGR,No,nat-met-sto-hai,Natural,Meteorological,Storm,Hail,,,BGR,Bulgaria,Eastern Europe,Europe,Sofia-city province,,,No,No,No,,,Kph,,,,2014,7,8,2014,7,8,1,40,,,40,,,73000,93958,545000,701466,77.6944061345599,"[{""adm1_code"":723,""adm1_name"":""Sofia-city""}]",2014-10-15,2023-09-25
2014-0419-GRC,No,nat-hyd-flo-fla,Natural,Hydrological,Flood,Flash flood,,,GRC,Greece,Southern Europe,Europe,"Athens city (Attikis district, Attiki province), Pireas, Ilion, Archarnes, Peristeri, Perama, Menidi, Aegaleo, Aghioi Anargoiri villages (Attikis district, Attiki province)",Depression 'Gonzalo',Storm,No,No,Yes,,,Km2,,,,2014,10,24,2014,10,24,,,,,,,,,,,,77.6944061345599,"[{""adm2_code"":16680,""adm2_name"":""Attikis""}]",2014-10-27,2023-09-25
2014-0448-ITA,No,nat-hyd-flo-fla,Natural,Hydrological,Flood,Flash flood,,,ITA,Italy,Southern Europe,Europe,"Genova district (Liguria province), Torino district (Piemonte province), Parma district (Emilia-romagna province), Padova district (Veneto province), Brescia district (Lombardia province)",Torrential rain,"Slide (land, mud, snow, rock)",No,No,No,,,Km2,,,,2014,10,8,2014,10,11,1,,,,,,,,,303000,389989,77.6944061345599,"[{""adm2_code"":18338,""adm2_name"":""Parma""},{""adm2_code"":18352,""adm2_name"":""Genova""},{""adm2_code"":18357,""adm2_name"":""Brescia""},{""adm2_code"":18378,""adm2_name"":""Torino""},{""adm2_code"":18415,""adm2_name"":""Padova""}]",2014-11-07,2023-09-25
2014-0451-ESP,No,tec-tra-roa-roa,Technological,Transport,Road,Road,,,ESP,Spain,Southern Europe,Europe,Murcie,,,No,No,No,,,,,,,2014,11,8,2014,11,8,14,28,,,28,,,,,,,77.6944061345599,,2014-11-10,2023-09-25
2014-0458-CHE,No,nat-met-sto-lig,Natural,Meteorological,Storm,Lightning/Thunderstorms,,,CHE,Switzerland,Western Europe,Europe,Ticino province,,,No,No,No,,,Kph,,,,2014,11,15,2014,11,15,2,,,,,,,,,,,77.6944061345599,"[{""adm1_code"":2827,""adm1_name"":""Ticino""}]",2015-01-15,2023-09-25
2014-0458-ITA,No,nat-met-sto-lig,Natural,Meteorological,Storm,Lightning/Thunderstorms,,,ITA,Italy,Southern Europe,Europe,"Moscazzano town (Cremona district, Lombardia province), Crevacuore town (Biella district, Piemonte province), Milano district (Lombardia province)",,"Flood|Slide (land, mud, snow, rock)",No,No,No,,,Kph,,,"Seveso, Lambro",2014,11,12,2014,11,16,5,,,,,,,,,250000,321773,77.6944061345599,"[{""adm2_code"":18359,""adm2_name"":""Cremona""},{""adm2_code"":18363,""adm2_name"":""Milano""},{""adm2_code"":18375,""adm2_name"":""Biella""}]",2014-11-21,2023-09-25
2014-0462-FRA,No,nat-hyd-flo-riv,Natural,Hydrological,Flood,Riverine flood,,,FRA,France,Western Europe,Europe,"Gard, Lozere, Herault districts (Languedoc-Rousillon province)",Heavy rains,,No,No,Yes,,39709,Km2,,,,2014,11,13,2014,11,16,5,,,,,,,,,,,77.6944061345599,"[{""adm2_code"":16286,""adm2_name"":""Gard""},{""adm2_code"":16287,""adm2_name"":""Herault""},{""adm2_code"":16288,""adm2_name"":""Lozere""}]",2014-11-21,2024-10-25
2014-0488-FRA,No,nat-hyd-flo-fla,Natural,Hydrological,Flood,Flash flood,,,FRA,France,Western Europe,Europe,"Argeles city (Pyrénées-Orientales district, Languedoc-Rousillon province); Pyrénées-Orientales, Aude, Gar districts (Languedoc-Rousillon province), Var district (Provence-Alpes-Cote-d'Azur province)",Heavy rains,Lightening,No,No,No,,123269,Km2,,,,2014,11,29,2014,12,5,5,,3000,,3000,,,242000,311477,303000,389989,77.6944061345599,"[{""adm2_code"":16286,""adm2_name"":""Gard""},{""adm2_code"":16289,""adm2_name"":""Pyrenees-Orientales""},{""adm2_code"":16290,""adm2_name"":""Aude""},{""adm2_code"":16324,""adm2_name"":""Var""}]",2014-12-23,2023-09-25
2014-0489-RUS,No,tec-tra-wat-wat,Technological,Transport,Water,Water,,Fishing vessel,RUS,Russian Federation,Eastern Europe,Europe,Bering detroit,,,No,No,No,,,,,,,2014,12,1,2014,12,1,53,,7,,7,,,,,,,77.6944061345599,,2014-12-23,2023-09-25
2014-0496-MKD,No,nat-met-ext-sev,Natural,Meteorological,Extreme temperature,Severe winter conditions,GLIDE:CW-2014-000171,,MKD,North Macedonia,Southern Europe,Europe,"Velmej, Brezhani, Mramorec, Turje, Ozdoleni i Soshani, Vrbjani cities (Belcista district, Ohrid province), Leskovec, Sirula, Kuratica cities (Kosel district, Ohrid province), Mislodezhda, Delogozhda, Koroshishta, Dzepin cities (Delogozdi district, Struga province), Selci, Zbazhdi, Lokov, R'janovo, Burinec cities (Lukovo district, Struga province), Gorna Belica city (Vevcani district, Struga province), Dolna Belitsa city (Velesta district, Struga province), Mali Vlaj, Radozhda cities (Struga district, Struga province), Dolno Tateshi city (Velesta district, Struga province), Dzepiste, Dolno i Gorno Kosovrasti cities (Debar district, Debar province) , Kodzadzik city (Centar Zupa district, Debar province), Tanusevci city (Cucer-Sandevo district, Skopje province), Tomino Selo, Slatina, Inche cities (Makedonski Brod district, Brod province), Benche city (Samokov district, Brod province), D. Dusegubica, G. Dusegubica cities (Drugovo district, Kicevo province), Kumanovo province",Heavy snow falls,,No,No,No,,,°C,,,,2014,12,28,2015,1,3,,,8800,,8800,,,,,,,77.6944061345599,"[{""adm1_code"":2929,""adm1_name"":""Brod""},{""adm1_code"":2930,""adm1_name"":""Debar""},{""adm1_code"":2936,""adm1_name"":""Kicevo""},{""adm1_code"":2941,""adm1_name"":""Kumanovo""},{""adm1_code"":2943,""adm1_name"":""Ohrid""},{""adm1_code"":2948,""adm1_name"":""Skopje""},{""adm1_code"":2950,""adm1_name"":""Struga""}]",2015-01-05,2023-09-25
2014-0502-ITA,No,tec-tra-wat-wat,Technological,Transport,Water,Water,,Ferry 'Norman Atlantic',ITA,Italy,Southern Europe,Europe,Near Bari,,,No,No,No,,,,,,,2014,12,28,2014,12,28,31,,477,,477,,,,,,,77.6944061345599,,2015-01-05,2023-09-25
2014-0561-ITA,No,tec-tra-wat-wat,Technological,Transport,Water,Water,,Migrants,ITA,Italy,Southern Europe,Europe,Mediterranean Sea,,,No,No,No,,,,,,,2014,8,23,2014,8,23,28,,,,,,,,,,,77.6944061345599,,2015-04-02,2023-09-25
2014-0563-GRC,No,tec-tra-wat-wat,Technological,Transport,Water,Water,,Ferry,GRC,Greece,Southern Europe,Europe,Corfu,,,No,No,No,,,,,,,2014,12,28,2014,12,28,27,,,,,,,,,,,77.6944061345599,,2015-04-02,2023-09-25
2015-0008-UKR,No,tec-tra-roa-roa,Technological,Transport,Road,Road,,,UKR,Ukraine,Eastern Europe,Europe,Near Minkivka,,,No,No,No,,,,,,,2015,1,5,2015,1,5,13,17,,,17,,,,,,,77.7865676599234,,2015-01-12,2023-09-25
2015-0019-ESP,No,tec-tra-air-air,Technological,Transport,Air,Air,,F-16,ESP,Spain,Southern Europe,Europe,Los Llanos,,,No,No,No,,,,,,,2015,1,27,2015,1,27,11,9,,,9,,,,,,,77.7865676599234,,2015-01-28,2023-09-25
2015-0023-ALB,No,nat-hyd-flo-riv,Natural,Hydrological,Flood,Riverine flood,GLIDE:FL-2015-000009,,ALB,Albania,Southern Europe,Europe,"Berat, Kucove, Skrapar provinces (Berat prefecture), Vlore, Delvine, Sarande provinces (Vlore prefecture), Fier, Lushnje, Mallakaster provinces (Fier prefecture) Elbasan, Gramsh, Librazhd, Peqin provinces (Elbasan prefecture) , Gjirokaster, Permet, Tepelene provinces (Gjirokaster prefecture)",Heavy rains,"Slide (land, mud, snow, rock)",No,No,No,,,Km2,,,"Vjosa, Devoll, Osum, Serman rivers",2015,2,1,2015,2,2,,,42000,,42000,,,,,,,77.7865676599234,"[{""adm1_code"":305,""adm1_name"":""Berat""},{""adm1_code"":307,""adm1_name"":""Delvine""},{""adm1_code"":311,""adm1_name"":""Elbasan""},{""adm1_code"":312,""adm1_name"":""Fier""},{""adm1_code"":313,""adm1_name"":""Gjirokaster""},{""adm1_code"":314,""adm1_name"":""Gramsh""},{""adm1_code"":320,""adm1_name"":""Kucove""},{""adm1_code"":324,""adm1_name"":""Librazhd""},{""adm1_code"":325,""adm1_name"":""Lushnje""},{""adm1_code"":327,""adm1_name"":""Mallakaster""},{""adm1_code"":330,""adm1_name"":""Peqin""},{""adm1_code"":331,""adm1_name"":""Permet""},{""adm1_code"":334,""adm1_name"":""Sarande""},{""adm1_code"":336,""adm1_name"":""Skrapar""},{""adm1_code"":337,""adm1_name"":""Tepelene""},{""adm1_code"":340,""adm1_name"":""Vlore""}]",2015-02-03,2023-09-25
2015-0023-MKD,No,nat-hyd-flo-riv,Natural,Hydrological,Flood,Riverine flood,GLIDE:FL-2015-000009,,MKD,North Macedonia,Southern Europe,Europe,"Konce, Radovis districts (Radovis province), Cesinovo, Oblesevo districts (Kocani province); Stip, Karbinci districts (Stip province), Mogila, Novaci, Bitola districts (Bitola province), Kumanovo district (Kumanovo province), Strumica, Bosilevo districts (Strumica province), Prilep, Krivogashtani districts (Prilep province); Kicevo district (Kicevo province), Sveti Nikole district (Sveti Nikole province), Gazi Baba district (Skopje province), Gostivar district (Gostivar province), Ohrid district (Ohrid province), Struga district (Struga province), Resen district (Resen province)",Heavy rains,,No,No,No,,,Km2,,,,2015,1,31,2015,2,3,,,100000,,100000,,,,,,,77.7865676599234,"[{""adm2_code"":27200,""adm2_name"":""Bitola""},{""adm2_code"":27204,""adm2_name"":""Mogila""},{""adm2_code"":27205,""adm2_name"":""Novaci""},{""adm2_code"":27221,""adm2_name"":""Gostivar""},{""adm2_code"":27232,""adm2_name"":""Kicevo""},{""adm2_code"":27236,""adm2_name"":""Cesinovo""},{""adm2_code"":27239,""adm2_name"":""Oblesovo""},{""adm2_code"":27248,""adm2_name"":""Kumanovo""},{""adm2_code"":27257,""adm2_name"":""Ohrid""},{""adm2_code"":27259,""adm2_name"":""Krivogastani""},{""adm2_code"":27260,""adm2_name"":""Prilep""},{""adm2_code"":27265,""adm2_name"":""Konce""},{""adm2_code"":27267,""adm2_name"":""Radovis""},{""adm2_code"":27268,""adm2_name"":""Resen""},{""adm2_code"":27274,""adm2_name"":""Gazi Baba""},{""adm2_code"":27285,""adm2_name"":""Karbinci""},{""adm2_code"":27286,""adm2_name"":""Stip""},{""adm2_code"":27290,""adm2_name"":""Struga""},{""adm2_code"":27293,""adm2_name"":""Bosilovo""},{""adm2_code"":27297,""adm2_name"":""Strumica""},{""adm2_code"":27300,""adm2_name"":""Sveti Nokole""}]",2015-02-03,2023-09-25
2015-0038-ALB,No,nat-hyd-flo-riv,Natural,Hydrological,Flood,Riverine flood,,,ALB,Albania,Southern Europe,Europe,"Fier, Vlore, Kukes provinces",,,No,No,No,,,Km2,,,,2015,1,31,2015,2,2,1,,8000,,8000,,,,,,,77.7865676599234,"[{""adm1_code"":312,""adm1_name"":""Fier""},{""adm1_code"":321,""adm1_name"":""Kukes""},{""adm1_code"":340,""adm1_name"":""Vlore""}]",2016-04-27,2025-02-28
2015-0038-BGR,No,nat-hyd-flo-riv,Natural,Hydrological,Flood,Riverine flood,,,BGR,Bulgaria,Eastern Europe,Europe,"Blagoevgrad, Petrich districts (Blagoevgrad province), Burgas district (Burgas province), Smoljan, Devin districts (Smoljan province), Dalgopol, Avren districts (Varna province), Topolovgrad district (Haskovo province), Strazhitca district (Veliko Tarnovo province), Boljarovo district (Jambol province), Vurshetc district (Montana province), Dobrich, Kardzhali provinces",Heavy rains and strong winds,,No,No,No,,,Km2,,,,2015,2,1,2015,2,4,5,,,,,,,,,5800,7456,77.7865676599234,"[{""adm1_code"":704,""adm1_name"":""Dobrich""},{""adm1_code"":708,""adm1_name"":""Kardzhali""},{""adm2_code"":11851,""adm2_name"":""Blagoevgrad""},{""adm2_code"":11857,""adm2_name"":""Petrich""},{""adm2_code"":11864,""adm2_name"":""Burgas""},{""adm2_code"":11898,""adm2_name"":""Topolovgrad""},{""adm2_code"":11899,""adm2_name"":""Boljarovo""},{""adm2_code"":11938,""adm2_name"":""Vurshetc""},{""adm2_code"":12021,""adm2_name"":""Devin""},{""adm2_code"":12026,""adm2_name"":""Smoljan""},{""adm2_code"":12068,""adm2_name"":""Avren""},{""adm2_code"":12071,""adm2_name"":""Dalgopol""},{""adm2_code"":12084,""adm2_name"":""Strazhitca""}]",2015-02-12,2024-10-25
2015-0038-GRC,No,nat-hyd-flo-riv,Natural,Hydrological,Flood,Riverine flood,,,GRC,Greece,Southern Europe,Europe,"Nafpaktos city (Aitolias Kai Akarnanias district, Dytiki Ellada province), Ioannina airport (Ioanninon district, Ipeiros province), Artis district (Ipeiros province), Evrytanias district (Sterea Ellada province), Thessalia, Anatoliki Makedonia Kai Thraki, Dytiki Makedonia provinces",,,No,No,No,,,Km2,,,,2015,1,30,2015,2,1,,,,,,,,,,,,77.7865676599234,"[{""adm1_code"":1336,""adm1_name"":""Anatoliki Makedonia Kai Thraki""},{""adm1_code"":1339,""adm1_name"":""Dytiki Makedonia""},{""adm1_code"":1347,""adm1_name"":""Thessalia""},{""adm2_code"":16682,""adm2_name"":""Aitolias Kai Akarnanias""},{""adm2_code"":16692,""adm2_name"":""Artis""},{""adm2_code"":16693,""adm2_name"":""Ioanninon""},{""adm2_code"":16715,""adm2_name"":""Evrytanias""}]",2016-04-27,2024-10-25
2015-0047-ITA,No,tec-tra-wat-wat,Technological,Transport,Water,Water,,Migrants,ITA,Italy,Southern Europe,Europe,Au large de Lampedusa,,,No,No,No,,,,,,,2015,2,8,2015,2,8,329,,,,,,,,,,,77.7865676599234,,2015-02-18,2023-09-25
2015-0064-ITA,No,tec-tra-wat-wat,Technological,Transport,Water,Water,,Migrants,ITA,Italy,Southern Europe,Europe,Near Sicilia,,,No,No,No,,,,,,,2015,3,4,2015,3,4,50,,127,,127,,,,,,,77.7865676599234,,2015-03-04,2023-09-25
2015-0065-UKR,No,tec-ind-exp-exp,Technological,Industrial accident,Explosion (Industrial),Explosion (Industrial),,Coal mine,UKR,Ukraine,Eastern Europe,Europe,Zassiadko (Donetsk),,,No,No,No,,,m3,,,,2015,3,4,2015,3,4,33,,,,,,,,,,,77.7865676599234,,2015-03-04,2023-09-25
2015-0066-RUS,No,tec-tra-roa-roa,Technological,Transport,Road,Road,,,RUS,Russian Federation,Eastern Europe,Europe,On the border with Ukraine,,,No,No,No,,,,,,,2015,2,4,2015,2,4,10,6,,,6,,,,,,,77.7865676599234,,2015-03-04,2023-09-25
2015-0081-ITA,No,nat-met-sto-sev,Natural,Meteorological,Storm,Severe weather,,,ITA,Italy,Southern Europe,Europe,"Milano district (Lombardia province), Toscane, Liguria, Abruzzi, Umbria, Marche, Puglia, Campania, Emilia-Romagna provinces",,Flood|Snow/ice,No,No,No,,200,Kph,,,,2015,3,2,2015,3,9,3,,,,,,,276000,354817,869000,1117159,77.7865676599234,"[{""adm1_code"":1616,""adm1_name"":""Abruzzi""},{""adm1_code"":1620,""adm1_name"":""Emilia-romagna""},{""adm1_code"":1623,""adm1_name"":""Liguria""},{""adm1_code"":1625,""adm1_name"":""Marche""},{""adm1_code"":1628,""adm1_name"":""Puglia""},{""adm1_code"":1631,""adm1_name"":""Toscana""},{""adm1_code"":1633,""adm1_name"":""Umbria""},{""adm2_code"":18363,""adm2_name"":""Milano""}]",2015-03-11,2023-09-25
2015-0089-RUS,No,tec-mis-fir-fir,Technological,Miscellaneous accident,Fire (Miscellaneous),Fire (Miscellaneous),,Shopping center,RUS,Russian Federation,Eastern Europe,Europe,Kazan,,,No,No,No,,,,,,,2015,3,11,2015,3,11,17,55,,,55,,,,,,,77.7865676599234,,2015-03-13,2023-09-25
2015-0137-RUS,No,nat-cli-wil-lan,Natural,Climatological,Wildfire,"Land fire (Brush, Bush, Pasture)",GLIDE:FR-2015-000046,,RUS,Russian Federation,Eastern Europe,Europe,"Khakasiya Rep., Chitinskaya Oblast, Aginskiy Buryatskiy A. Okrug provinces","extremely dry weather, high air temperatures and heavy wind",,No,No,No,,,Km2,,,,2015,4,12,2015,4,15,30,977,5000,,5977,,,,,136820,175892,77.7865676599234,"[{""adm1_code"":2488,""adm1_name"":""Aginskiy Buryatskiy A. Okrug""},{""adm1_code"":2500,""adm1_name"":""Chitinskaya Oblast""},{""adm1_code"":2517,""adm1_name"":""Khakasiya Rep.""}]",2015-04-14,2023-09-25
2015-0141-MKD,No,tec-tra-rai-rai,Technological,Transport,Rail,Rail,,,MKD,North Macedonia,Southern Europe,Europe,Veles,,,No,No,No,,,,,,,2015,4,24,2015,4,24,14,,,,,,,,,,,77.7865676599234,,2015-04-28,2023-09-25
2015-0182-ITA,No,tec-tra-wat-wat,Technological,Transport,Water,Water,,Migrants,ITA,Italy,Southern Europe,Europe,Near Catane (Sicilia),,,No,No,No,,,,,,,2015,5,5,2015,5,5,40,,,,,,,,,,,77.7865676599234,,2015-05-21,2023-09-25
2015-0195-RUS,No,tec-tra-wat-wat,Technological,Transport,Water,Water,,Dalni Vostok,RUS,Russian Federation,Eastern Europe,Europe,Okhosk sea,,,No,No,No,,,,,,,2015,4,1,2015,4,1,69,,63,,63,,,,,,,77.7865676599234,,2015-06-02,2023-09-25
2015-0203-ROU,No,nat-hyd-flo-flo,Natural,Hydrological,Flood,Flood (General),DFO:4257,,ROU,Romania,Eastern Europe,Europe,"Salaj, Maramures, Satu Mare provinces",Heavy rains,,No,No,No,,197785,Km2,46.8147,22.86,,2015,5,27,2015,6,2,1,,1500,,1500,,,,,,,77.7865676599234,"[{""adm1_code"":2471,""adm1_name"":""Maramures""},{""adm1_code"":2477,""adm1_name"":""Salaj""},{""adm1_code"":2478,""adm1_name"":""Satu Mare""}]",2015-06-04,2023-09-25
2015-0234-RUS,No,tec-tra-roa-roa,Technological,Transport,Road,Road,,,RUS,Russian Federation,Eastern Europe,Europe,Omsk (West Siberia),,,No,No,No,,,,,,,2015,6,24,2015,6,24,16,11,,,11,,,,,,,77.7865676599234,,2015-06-25,2023-09-25
2015-0235-RUS,No,nat-hyd-flo-riv,Natural,Hydrological,Flood,Riverine flood,,,RUS,Russian Federation,Eastern Europe,Europe,Sotchi city (Krasnodarskiy Kray province),,,No,No,Yes,,,Km2,,,Kherota river,2015,6,25,2015,6,25,1,,1500,,1500,,,,,,,77.7865676599234,"[{""adm1_code"":2524,""adm1_name"":""Krasnodarskiy Kray""}]",2015-06-26,2023-09-25
2015-0241-RUS,No,tec-mis-col-col,Technological,Miscellaneous accident,Collapse (Miscellaneous),Collapse (Miscellaneous),,Military house,RUS,Russian Federation,Eastern Europe,Europe,"Svetly (near Omsk, Siberia)",,,No,No,No,,,,,,,2015,7,12,2015,7,12,23,,,,,,,,,,,77.7865676599234,,2015-07-14,2023-09-25
2015-0263-POL,No,nat-met-sto-sev,Natural,Meteorological,Storm,Severe weather,,,POL,Poland,Eastern Europe,Europe,"Cracovie, Wroclau, Baltic coast (Zachodnie Pomorskie, Pomorskie, Warminsko Mazurskie)",,,No,No,No,,100,Kph,,,,2015,7,19,2015,7,19,1,17,1200,,1217,,,,,,,77.7865676599234,"[{""adm1_code"":2370,""adm1_name"":""Dolnoslaskie""},{""adm1_code"":2375,""adm1_name"":""Malopolske""},{""adm1_code"":2380,""adm1_name"":""Pomorskie""},{""adm1_code"":2383,""adm1_name"":""Warminsko-Mazurskie""},{""adm1_code"":2385,""adm1_name"":""Zachodnio-Pomorskie""}]",2015-07-23,2023-09-25
2015-0264-RUS,No,tec-tra-roa-roa,Technological,Transport,Road,Road,,,RUS,Russian Federation,Eastern Europe,Europe,Near Krasnoïarsk,,,No,No,No,,,,,,,2015,7,22,2015,7,22,11,28,,,28,,,,,,,77.7865676599234,,2015-07-23,2023-09-25
2015-0265-RUS,No,tec-tra-roa-roa,Technological,Transport,Road,Road,,,RUS,Russian Federation,Eastern Europe,Europe,Venedo district (Daguestan),,,No,No,No,,,,,,,2015,7,21,2015,7,22,11,,,,,,,,,,,77.7865676599234,,2015-07-23,2023-09-25
2015-0266-RUS,No,tec-tra-roa-roa,Technological,Transport,Road,Road,,,RUS,Russian Federation,Eastern Europe,Europe,Krasnoïarsk region,,,No,No,No,,,,,,,2015,7,10,2015,7,10,11,,,,,,,,,,,77.7865676599234,,2015-07-23,2023-09-25
2015-0274-GRC,No,tec-tra-wat-wat,Technological,Transport,Water,Water,,Migrants,GRC,Greece,Southern Europe,Europe,Egee sea,,,No,No,No,,,,,,,2015,7,7,2015,7,7,18,,,,,,,,,,,77.7865676599234,,2015-07-23,2023-09-25
2015-0276-ITA,No,tec-tra-wat-wat,Technological,Transport,Water,Water,,Migrants,ITA,Italy,Southern Europe,Europe,Sicilia,,,No,No,No,,,,,,,2015,7,11,2015,7,11,12,,,,,,,,,,,77.7865676599234,,2015-07-23,2023-09-25
2015-0304-ITA,No,tec-ind-exp-exp,Technological,Industrial accident,Explosion (Industrial),Explosion (Industrial),,Firework factory,ITA,Italy,Southern Europe,Europe,Near Bari,,,No,No,No,,,m3,,,,2015,7,24,2015,7,24,10,,,,,,,,,,,77.7865676599234,,2015-07-31,2023-09-25
2015-0318-MKD,No,nat-hyd-flo-fla,Natural,Hydrological,Flood,Flash flood,DFO:4284|GLIDE:FF-2015-000115,,MKD,North Macedonia,Southern Europe,Europe,"Sipkotvitsa, Dzepciste district (Tetovo province); Mala Rechitsa, Golema Rechitsa, Poroj villages, Tetovo city (Tetovo district, Tetovo province)",Torrential rain,"Slide (land, mud, snow, rock)|Storm",No,No,No,,5957.41,Km2,41.7575,21.19,Pena river,2015,8,3,2015,8,5,7,30,5000,,5030,,,,,87000,111845,77.7865676599234,"[{""adm2_code"":27303,""adm2_name"":""Dzepiste""},{""adm2_code"":27306,""adm2_name"":""Sipkovica""},{""adm2_code"":27308,""adm2_name"":""Tetovo""}]",2015-08-04,2023-09-25
2015-0321-RUS,No,tec-tra-roa-roa,Technological,Transport,Road,Road,,,RUS,Russian Federation,Eastern Europe,Europe,Khabarovsk (Extrême Orient),,,No,No,No,,,,,,,2015,8,5,2015,8,5,16,56,,,56,,,,,,,77.7865676599234,,2015-08-05,2023-09-25
2015-0356-ITA,No,tec-tra-wat-wat,Technological,Transport,Water,Water,,Migrants,ITA,Italy,Southern Europe,Europe,Near Lempedusa,,,No,No,No,,,,,,,2015,8,13,2015,8,13,60,,,,,,,,,,,77.7865676599234,,2015-08-13,2023-09-25
2015-0376-AUT,No,tec-tra-roa-roa,Technological,Transport,Road,Road,,Migants,AUT,Austria,Western Europe,Europe,Burgenland,,,No,No,No,,,,,,,2015,8,28,2015,8,28,70,,,,,,,,,,,77.7865676599234,,2015-08-28,2023-09-25
2015-0378-ITA,No,tec-tra-wat-wat,Technological,Transport,Water,Water,,Migrants,ITA,Italy,Southern Europe,Europe,,,,No,No,No,,,,,,,2015,8,26,2015,8,26,55,,,,,,,,,,,77.7865676599234,,2015-08-28,2023-09-25
2015-0384-GRC,No,nat-hyd-flo-flo,Natural,Hydrological,Flood,Flood (General),DFO:4221,,GRC,Greece,Southern Europe,Europe,Evrou district (Anatoliki Makedonia Kai Thraki province),Heavy rain,,No,No,No,,151104.5,Km2,41.4571,26.6,,2015,2,1,2015,2,9,3,,500,,500,,,,,,,77.7865676599234,"[{""adm2_code"":16676,""adm2_name"":""Evrou""}]",2015-08-31,2023-09-25
2015-0404-ITA,No,tec-tra-wat-wat,Technological,Transport,Water,Water,,Migrants,ITA,Italy,Southern Europe,Europe,,,,No,No,No,,,,,,,2015,9,3,2015,9,3,31,,91,,91,,,,,,,77.7865676599234,,2015-09-04,2024-08-27
2015-0410-BEL,No,nat-met-ext-hea,Natural,Meteorological,Extreme temperature,Heat wave,,,BEL,Belgium,Western Europe,Europe,"Vlaams Gewest, Region de Bruxelles-Capitale / Brussels Hoofdstedelijk Gewes, Region wallonne provinces",,,No,No,No,,,°C,,,,2015,6,30,2015,7,5,410,,,,,,,,,,,77.7865676599234,"[{""adm1_code"":600,""adm1_name"":""Region de Bruxelles-Capitale / Brussels Hoofdstedelijk Gewes""},{""adm1_code"":601,""adm1_name"":""Vlaams Gewest""},{""adm1_code"":602,""adm1_name"":""Region wallonne""}]",2015-09-09,2023-09-25
2015-0410-FRA,No,nat-met-ext-hea,Natural,Meteorological,Extreme temperature,Heat wave,,,FRA,France,Western Europe,Europe,"Alsace, Aquitaine, Auvergne, Basse-Normandie, Bourgogne, Bretagne, Centre, Champagne-Ardenne, Corse, Franche-Compte, Haute-Normandie, Ile-de-France, Languedoc-Rousillon, Limousin, Lorraine, Nord-Pas-de-Calais, Pays-de-la-Loire, Picardie, Poitou-Charentes, Provence-Alpes-Côte-D'azur, Rhône-Alpes, Midi-Pyrénées provinces",,,No,No,No,,40,°C,,,,2015,6,29,2015,8,9,3275,,,,,,,,,,,77.7865676599234,"[{""adm1_code"":1248,""adm1_name"":""Alsace""},{""adm1_code"":1249,""adm1_name"":""Aquitaine""},{""adm1_code"":1250,""adm1_name"":""Auvergne""},{""adm1_code"":1251,""adm1_name"":""Basse-Normandie""},{""adm1_code"":1252,""adm1_name"":""Bourgogne""},{""adm1_code"":1253,""adm1_name"":""Bretagne""},{""adm1_code"":1254,""adm1_name"":""Centre""},{""adm1_code"":1255,""adm1_name"":""Champagne-Ardenne""},{""adm1_code"":1256,""adm1_name"":""Corse""},{""adm1_code"":1257,""adm1_name"":""Franche-Comte""},{""adm1_code"":1258,""adm1_name"":""Haute-Normandie""},{""adm1_code"":1259,""adm1_name"":""Ile-de-France""},{""adm1_code"":1260,""adm1_name"":""Languedoc-Rousillon""},{""adm1_code"":1262,""adm1_name"":""Limousin""},{""adm1_code"":1263,""adm1_name"":""Lorraine""},{""adm1_code"":1264,""adm1_name"":""Midi-Pyrenees""},{""adm1_code"":1265,""adm1_name"":""Nord-Pas-de-Calais""},{""adm1_code"":1266,""adm1_name"":""Pays-de-la-Loire""},{""adm1_code"":1267,""adm1_name"":""Picardie""},{""adm1_code"":1268,""adm1_name"":""Poitou-Charentes""},{""adm1_code"":1269,""adm1_name"":""Provence-Alpes-Cote-d'Azur""},{""adm1_code"":1270,""adm1_name"":""Rhone-Alpes""}]",2015-09-09,2023-09-25
2015-0420-GRC,No,tec-tra-wat-wat,Technological,Transport,Water,Water,,Migrants,GRC,Greece,Southern Europe,Europe,Near Farmakonisi Isl.,,,No,No,No,,,,,,,2015,9,13,2015,9,13,34,,98,,98,,,,,,,77.7865676599234,,2015-09-28,2023-09-25
2015-0434-FRA,No,nat-met-sto-sto,Natural,Meteorological,Storm,Storm (General),,,FRA,France,Western Europe,Europe,"Aube, Ardennes districts (Champagne-Ardenne province), Ain district (Rhone-Alpes province)",,,No,No,No,,130,Kph,,,,2015,9,16,2015,9,16,3,,750,,750,,,,,,,77.7865676599234,"[{""adm2_code"":16266,""adm2_name"":""Ardennes""},{""adm2_code"":16267,""adm2_name"":""Aube""},{""adm2_code"":16326,""adm2_name"":""Ain""}]",2015-09-30,2023-09-25
2015-0447-ESP,No,nat-hyd-flo-fla,Natural,Hydrological,Flood,Flash flood,,,ESP,Spain,Southern Europe,Europe,"Valencia/València, Alicante districts (Comunitat Valenciana province), Murcia district (Región de Murcia province), Almería, Granada districts (Andalucía province)",,,No,No,No,,,Km2,,,,2015,9,7,2015,9,7,4,,150,,150,,,,,2000,2571,77.7865676599234,"[{""adm2_code"":25776,""adm2_name"":""Almería""},{""adm2_code"":25779,""adm2_name"":""Granada""},{""adm2_code"":25811,""adm2_name"":""Alicante/Alacant""},{""adm2_code"":25813,""adm2_name"":""Valencia/València""},{""adm2_code"":25822,""adm2_name"":""Murcia""}]",2015-10-09,2023-09-25
2015-0451-FRA,No,nat-hyd-flo-fla,Natural,Hydrological,Flood,Flash flood,DFO:4296,,FRA,France,Western Europe,Europe,"Cote d'Azur region (Alpes-maritimes, Var districts, Provence-Alpes-Cote-d'Azur province)",Torrential rain,,No,No,No,,2895.95,Km2,43.377,6.53,,2015,10,3,2015,10,4,20,,,,,,,652000,838191,924000,1187866,77.7865676599234,"[{""adm2_code"":16321,""adm2_name"":""Alpes-maritimes""},{""adm2_code"":16324,""adm2_name"":""Var""}]",2015-10-13,2023-09-25
2015-0463-FRA,No,tec-tra-roa-roa,Technological,Transport,Road,Road,,,FRA,France,Western Europe,Europe,Puisseguin (Gironde),,,No,No,No,,,,,,,2015,10,23,2015,10,23,43,5,,,5,,,,,,,77.7865676599234,,2015-10-23,2023-09-25
2015-0465-BIH,No,nat-hyd-flo-fla,Natural,Hydrological,Flood,Flash flood,,,BIH,Bosnia and Herzegovina,Southern Europe,Europe,"Bosanska Dubica district (Knezica village, Kozarska Dubica town and municipality), Prijedor district, Bosanski Novi district(Novi Grad city, Kostajnica city), Bosanska Gradiska district (Gradiska city) (Republika Srpska province), Unsko-sanski district (Bihac city) (Federacija Bosne I Hercegovine province)",,,No,No,No,,,Km2,,,Una,2015,10,14,2015,10,16,,,,,,,,,,,,77.7865676599234,"[{""adm2_code"":6247,""adm2_name"":""Unsko-sanski""},{""adm2_code"":6254,""adm2_name"":""Bosanska Dubica""},{""adm2_code"":6255,""adm2_name"":""Bosanska Gradiska""},{""adm2_code"":6258,""adm2_name"":""Bosanski Novi""},{""adm2_code"":6299,""adm2_name"":""Prijedor""}]",2015-11-09,2023-09-25
2015-0465-HRV,No,nat-hyd-flo-fla,Natural,Hydrological,Flood,Flash flood,,,HRV,Croatia,Southern Europe,Europe,"Karlovac, Sisak-moslavina provinces",,,No,No,No,,,Km2,,,"Korona, Kupa, Vojlovica rivers",2015,10,14,2015,10,16,,,1200,,1200,,,,,,,77.7865676599234,"[{""adm1_code"":992,""adm1_name"":""Karlovac""},{""adm1_code"":1001,""adm1_name"":""Sisak-moslavina""}]",2015-11-09,2023-09-25
2015-0465-ITA,No,nat-hyd-flo-fla,Natural,Hydrological,Flood,Flash flood,,,ITA,Italy,Southern Europe,Europe,"L'Aquila district (Abruzzi province), Tivoli city (Roma district, Lazio province), Frosinone district (Lazio province); Benevento (Campania region); Palermo, Messina, Trapani districts (Sicilia province)",Heavy rains,"Slide (land, mud, snow, rock)",No,No,No,,,Km2,,,,2015,10,14,2015,10,16,4,,50,,50,,,,,163000,209548,77.7865676599234,"[{""adm2_code"":18318,""adm2_name"":""L'Aquila""},{""adm2_code"":18329,""adm2_name"":""Benevento""},{""adm2_code"":18347,""adm2_name"":""Frosinone""},{""adm2_code"":18394,""adm2_name"":""Messina""},{""adm2_code"":18395,""adm2_name"":""Palermo""},{""adm2_code"":18398,""adm2_name"":""Trapani""}]",2015-10-23,2023-09-25
2015-0468-UKR,No,tec-tra-wat-wat,Technological,Transport,Water,Water,,"""Ivolga""",UKR,Ukraine,Eastern Europe,Europe,Odessa region,Storm and lack of securtity measures,,No,No,No,,,,,,,2015,10,17,2015,10,17,16,18,,,18,,,,,,,77.7865676599234,,2015-10-23,2023-09-25
2015-0474-GBR,No,tec-tra-air-air,Technological,Transport,Air,Air,,Monoplace Hwaker Hunter,GBR,United Kingdom of Great Britain and Northern Ireland,Northern Europe,Europe,Shoreham,,,No,No,No,,,,,,,2015,8,24,2015,8,24,11,,,,,,,,,,,77.7865676599234,,2015-10-26,2023-09-25
2015-0483-GRC,No,tec-tra-wat-wat,Technological,Transport,Water,Water,,Migrants,GRC,Greece,Southern Europe,Europe,"Egean sea, near Kalymnos",,,No,No,No,,,,,,,2015,10,29,2015,10,30,22,,138,,138,,,,,,,77.7865676599234,,2015-10-30,2023-09-25
2015-0495-ROU,No,tec-mis-fir-fir,Technological,Miscellaneous accident,Fire (Miscellaneous),Fire (Miscellaneous),,Discotheque,ROU,Romania,Eastern Europe,Europe,Bucarest,Fireworks,,No,No,No,,,,,,,2015,10,30,2015,10,30,56,166,,,166,,,,,,,77.7865676599234,,2015-11-09,2023-09-25
2015-0501-FRA,No,tec-tra-rai-rai,Technological,Transport,Rail,Rail,,,FRA,France,Western Europe,Europe,Eckwersheim,High speed,,No,No,No,,,,,,,2015,11,14,2015,11,14,11,42,,,42,,,,,,,77.7865676599234,,2015-11-16,2023-09-25
2015-0508-GRC,No,tec-tra-wat-wat,Technological,Transport,Water,Water,,Migrants,GRC,Greece,Southern Europe,Europe,Near Kos Isl.,,,No,No,No,,,,,,,2015,11,16,2015,11,17,11,,,,,,,,,,,77.7865676599234,,2015-11-18,2023-09-25
2015-0513-RUS,No,tec-tra-air-air,Technological,Transport,Air,Air,,Helicoper Mi-8,RUS,Russian Federation,Eastern Europe,Europe,Near Igarka (Siberie occidentale),,,No,No,No,,,,,,,2015,11,26,2015,11,26,15,10,,,10,,,,,,,77.7865676599234,,2015-12-01,2023-09-25
2015-0525-GBR,No,nat-met-sto-sto,Natural,Meteorological,Storm,Storm (General),,Storm Desmond (Ted),GBR,United Kingdom of Great Britain and Northern Ireland,Northern Europe,Europe,"Lancashire, Cumbria district (England province); Kendal, Keswick, Appleby cities (Cumbria district) Hexham (Northumberland district) (England province)",,Flood,No,No,No,,,Kph,,,,2015,12,4,2015,12,6,3,,15600,,15600,,,884000,1136443,1200000,1542683,77.7865676599234,"[{""adm2_code"":40102,""adm2_name"":""Cumbria""},{""adm2_code"":40118,""adm2_name"":""Lancashire""},{""adm2_code"":40125,""adm2_name"":""Northumberland""}]",2015-12-07,2023-09-25
2015-0525-IRL,No,nat-met-sto-sto,Natural,Meteorological,Storm,Storm (General),,Storm Desmond (Ted),IRL,Ireland,Northern Europe,Europe,Monaghan province,,Flood,No,No,No,,,Kph,,,,2015,12,6,2015,12,6,1,,,,,,,,,,,77.7865676599234,"[{""adm1_code"":1599,""adm1_name"":""Monaghan""}]",2015-12-09,2023-09-25
2015-0532-ESP,No,nat-hyd-flo-fla,Natural,Hydrological,Flood,Flash flood,,,ESP,Spain,Southern Europe,Europe,"Agramunt municipality (Lleida district, Cataluña/Catalunya province)",,,No,No,No,,,Km2,,,Sio river,2015,11,1,2015,11,3,4,,,,,,,,,,,77.7865676599234,"[{""adm2_code"":25808,""adm2_name"":""Lleida""}]",2015-12-10,2024-10-25
2015-0532-ITA,No,nat-hyd-flo-fla,Natural,Hydrological,Flood,Flash flood,,,ITA,Italy,Southern Europe,Europe,"Reggio Calabria, Catanzaro districts (Calabria province); Messina, Catania districts (Sicilia province)",,,No,No,No,,,Km2,,,,2015,11,1,2015,11,13,2,,,,,,,,,,,77.7865676599234,"[{""adm2_code"":18323,""adm2_name"":""Catanzaro""},{""adm2_code"":18326,""adm2_name"":""Reggio Calabria""},{""adm2_code"":18392,""adm2_name"":""Catania""},{""adm2_code"":18394,""adm2_name"":""Messina""}]",2015-12-10,2024-10-25
2015-0532-PRT,No,nat-hyd-flo-fla,Natural,Hydrological,Flood,Flash flood,,,PRT,Portugal,Southern Europe,Europe,Faro province,,,No,No,No,,,Km2,,,,2015,11,1,2015,11,3,1,,,,,,,,,,,77.7865676599234,"[{""adm1_code"":2393,""adm1_name"":""Faro""}]",2015-12-10,2024-10-25
2015-0537-RUS,No,tec-mis-fir-fir,Technological,Miscellaneous accident,Fire (Miscellaneous),Fire (Miscellaneous),,Psychiatric hospital,RUS,Russian Federation,Eastern Europe,Europe,Alferokva (Voronej region),,,No,No,No,,,,,,,2015,12,13,2015,12,13,23,24,,,24,,,,,,,77.7865676599234,,2015-12-14,2023-09-25
2015-0542-ALB,No,nat-hyd-flo-riv,Natural,Hydrological,Flood,Riverine flood,DFO:4313,,ALB,Albania,Southern Europe,Europe,"Kukes, Has, Tropoje provinces (Kukes prefecture), Diber, Bulqize, Mat (Diber prefecture), Durres, Kruje provinces (Durres prefecture), Shkoder, Malesi E Madhe, Puke (Shkoder prefecture) (North); Gjirokaster, Permet, Tepelene (Gjirokaster prefecture) (South), Tirane province",Heavy rain,,No,No,No,,11409.69,Km2,41.287,19.966,,2015,11,21,2015,12,4,1,,300,,300,,,,,,,77.7865676599234,"[{""adm1_code"":306,""adm1_name"":""Bulqize""},{""adm1_code"":309,""adm1_name"":""Diber""},{""adm1_code"":310,""adm1_name"":""Durres""},{""adm1_code"":313,""adm1_name"":""Gjirokaster""},{""adm1_code"":315,""adm1_name"":""Has""},{""adm1_code"":319,""adm1_name"":""Kruje""},{""adm1_code"":321,""adm1_name"":""Kukes""},{""adm1_code"":326,""adm1_name"":""Malesi E Madhe""},{""adm1_code"":328,""adm1_name"":""Mat""},{""adm1_code"":331,""adm1_name"":""Permet""},{""adm1_code"":333,""adm1_name"":""Puke""},{""adm1_code"":335,""adm1_name"":""Shkoder""},{""adm1_code"":337,""adm1_name"":""Tepelene""},{""adm1_code"":338,""adm1_name"":""Tirane""},{""adm1_code"":339,""adm1_name"":""Tropoje""}]",2015-12-15,2025-02-28
2015-0561-GBR,No,nat-hyd-flo-riv,Natural,Hydrological,Flood,Riverine flood,,,GBR,United Kingdom of Great Britain and Northern Ireland,Northern Europe,Europe,"York city (North Yorkshire district, England province) ; Lancashire, Greater Manchester districts (England province), Humberside, North Yorkshire, South Yorkshire, West Yorkshire district (Yorkshire, England province)","Heavy rains, Storms Eva ad Franck",,No,No,No,,,Km2,,,"Calder, Ribble, Nidd, Irwell, Ouse, Foss, Aire rivers",2015,12,26,2015,12,26,,,48000,,48000,,,1000000,1285569,1200000,1542683,77.7865676599234,"[{""adm2_code"":40111,""adm2_name"":""Greater Manchest""},{""adm2_code"":40115,""adm2_name"":""Humberside""},{""adm2_code"":40118,""adm2_name"":""Lancashire""},{""adm2_code"":40123,""adm2_name"":""North Yorkshire""},{""adm2_code"":40130,""adm2_name"":""South Yorkshire""}]",2016-01-06,2023-09-25
2015-0577-POL,No,nat-met-ext-col,Natural,Meteorological,Extreme temperature,Cold wave,,,POL,Poland,Eastern Europe,Europe,"Dolnoslaskie, Kujawsko-Pomorskie, Lodzkie, Lubeiskie, Lubuskie, Malopolske, Mazowieckie, Opolskie, Podkarpackie, Podlaskie, Pomorskie, Slaskie, Swietokrzyskie, Warminsko-Mazurskie, Wielkopolskie, Zachodnio-Pomorskie provinces",,,No,No,No,,,°C,,,,2015,1,,2015,1,,77,,,,,,,,,,,77.7865676599234,"[{""adm1_code"":2370,""adm1_name"":""Dolnoslaskie""},{""adm1_code"":2371,""adm1_name"":""Kujawsko-Pomorskie""},{""adm1_code"":2372,""adm1_name"":""Lodzkie""},{""adm1_code"":2373,""adm1_name"":""Lubeiskie""},{""adm1_code"":2374,""adm1_name"":""Lubuskie""},{""adm1_code"":2375,""adm1_name"":""Malopolske""},{""adm1_code"":2376,""adm1_name"":""Mazowieckie""},{""adm1_code"":2377,""adm1_name"":""Opolskie""},{""adm1_code"":2378,""adm1_name"":""Podkarpackie""},{""adm1_code"":2379,""adm1_name"":""Podlaskie""},{""adm1_code"":2380,""adm1_name"":""Pomorskie""},{""adm1_code"":2381,""adm1_name"":""Slaskie""},{""adm1_code"":2382,""adm1_name"":""Swietokrzyskie""},{""adm1_code"":2383,""adm1_name"":""Warminsko-Mazurskie""},{""adm1_code"":2384,""adm1_name"":""Wielkopolskie""},{""adm1_code"":2385,""adm1_name"":""Zachodnio-Pomorskie""}]",2016-02-02,2023-09-25
2015-0586-UKR,No,tec-ind-fir-fir,Technological,Industrial accident,Fire (Industrial),Fire (Industrial),,Ammunition depot,UKR,Ukraine,Eastern Europe,Europe,Svatovo,,Explosion,No,No,No,,,m3,,,,2015,10,19,2015,10,19,4,54,,3082,3136,,,,,,,77.7865676599234,,2016-04-05,2023-09-25
2015-0598-ITA,No,nat-hyd-flo-fla,Natural,Hydrological,Flood,Flash flood,,,ITA,Italy,Southern Europe,Europe,"Corigiano Calabro, Rossano Calabro (Cosenza province, Calabria)",Heavy rains,,No,No,Yes,,,Km2,,,,2015,8,11,2015,8,12,,,500,,500,,,,,111000,142698,77.7865676599234,"[{""adm2_code"":18324,""adm2_name"":""Cosenza""}]",2016-04-06,2023-09-25
2016-0001-POL,No,nat-met-ext-col,Natural,Meteorological,Extreme temperature,Cold wave,,,POL,Poland,Eastern Europe,Europe,"Dolnoslaskie, Kujawsko-Pomorskie, Lodzkie, Lubeiskie, Lubuskie, Malopolske, Mazowieckie, Opolskie, Podkarpackie, Podlaskie, Slaskie, Swietokrzyskie, Warminsko-Mazurskie, Wielkopolskie, Zachodnio-Pomorskie provinces",,,No,No,No,,-20,°C,,,,2016,1,2,2016,1,4,21,,,,,,,,,,,78.7679229975209,"[{""adm1_code"":2370,""adm1_name"":""Dolnoslaskie""},{""adm1_code"":2371,""adm1_name"":""Kujawsko-Pomorskie""},{""adm1_code"":2372,""adm1_name"":""Lodzkie""},{""adm1_code"":2373,""adm1_name"":""Lubeiskie""},{""adm1_code"":2374,""adm1_name"":""Lubuskie""},{""adm1_code"":2375,""adm1_name"":""Malopolske""},{""adm1_code"":2376,""adm1_name"":""Mazowieckie""},{""adm1_code"":2377,""adm1_name"":""Opolskie""},{""adm1_code"":2378,""adm1_name"":""Podkarpackie""},{""adm1_code"":2379,""adm1_name"":""Podlaskie""},{""adm1_code"":2380,""adm1_name"":""Pomorskie""},{""adm1_code"":2381,""adm1_name"":""Slaskie""},{""adm1_code"":2382,""adm1_name"":""Swietokrzyskie""},{""adm1_code"":2383,""adm1_name"":""Warminsko-Mazurskie""},{""adm1_code"":2384,""adm1_name"":""Wielkopolskie""},{""adm1_code"":2385,""adm1_name"":""Zachodnio-Pomorskie""}]",2016-01-12,2023-09-25
2016-0001-UKR,No,nat-met-ext-col,Natural,Meteorological,Extreme temperature,Cold wave,,,UKR,Ukraine,Eastern Europe,Europe,"Cherkas'ka, Chernihivs'ka, Chernivets'ka, Dnipropetrovs'ka, Donets'ka, Ivano-frankivs'ka, Kharkivs'ka, Khersons'ka, Khmel'nyts'ka, Kirovohrads'ka, Krym, Kyyivs'ka, L'vivs'ka, Luhans'ka, Mykolayivs'ka, Odes'ka, Poltavs'ka, Rivnens'ka, Sums'ka, Ternopil's'ka, Vinnyts'ka, Volyns'ka, Zakarpats'ka, Zaporiz'ka, Zhytomyrs'ka",,,No,No,No,,,°C,,,,2016,1,1,2016,1,12,37,,,,,,,,,,,78.7679229975209,"[{""adm1_code"":3148,""adm1_name"":""Cherkas'ka""},{""adm1_code"":3149,""adm1_name"":""Chernihivs'ka""},{""adm1_code"":3150,""adm1_name"":""Chernivets'ka""},{""adm1_code"":3151,""adm1_name"":""Dnipropetrovs'ka""},{""adm1_code"":3152,""adm1_name"":""Donets'ka""},{""adm1_code"":3153,""adm1_name"":""Ivano-frankivs'ka""},{""adm1_code"":3154,""adm1_name"":""Kharkivs'ka""},{""adm1_code"":3155,""adm1_name"":""Khersons'ka""},{""adm1_code"":3156,""adm1_name"":""Khmel'nyts'ka""},{""adm1_code"":3157,""adm1_name"":""Kirovohrads'ka""},{""adm1_code"":3158,""adm1_name"":""Krym""},{""adm1_code"":3159,""adm1_name"":""Kyyivs'ka""},{""adm1_code"":3160,""adm1_name"":""L'vivs'ka""},{""adm1_code"":3161,""adm1_name"":""Luhans'ka""},{""adm1_code"":3162,""adm1_name"":""Mykolayivs'ka""},{""adm1_code"":3163,""adm1_name"":""Odes'ka""},{""adm1_code"":3164,""adm1_name"":""Poltavs'ka""},{""adm1_code"":3165,""adm1_name"":""Rivnens'ka""},{""adm1_code"":3166,""adm1_name"":""Sums'ka""},{""adm1_code"":3167,""adm1_name"":""Ternopil's'ka""},{""adm1_code"":3168,""adm1_name"":""Vinnyts'ka""},{""adm1_code"":3169,""adm1_name"":""Volyns'ka""},{""adm1_code"":3170,""adm1_name"":""Zakarpats'ka""},{""adm1_code"":3171,""adm1_name"":""Zaporiz'ka""},{""adm1_code"":3172,""adm1_name"":""Zhytomyrs'ka""}]",2017-03-31,2023-09-25
2016-0006-GRC,No,tec-tra-wat-wat,Technological,Transport,Water,Water,,Migrants,GRC,Greece,Southern Europe,Europe,Egean sea,,,No,No,No,,,,,,,2016,1,30,2016,1,30,37,,75,,75,,,,,,,78.7679229975209,,2016-02-01,2023-09-25
2016-0007-RUS,No,tec-mis-fir-fir,Technological,Miscellaneous accident,Fire (Miscellaneous),Fire (Miscellaneous),,Factory,RUS,Russian Federation,Eastern Europe,Europe,Moscou,,,No,No,No,,,,,,,2016,1,31,2016,1,31,11,,,,,,,,,,,78.7679229975209,,2016-02-02,2023-09-25
2016-0008-GRC,No,tec-tra-wat-wat,Technological,Transport,Water,Water,,Migrants,GRC,Greece,Southern Europe,Europe,Near Samos Isl. (Egean sea),,,No,No,No,,,,,,,2016,1,28,2016,1,28,24,11,,,11,,,,,,,78.7679229975209,,2016-02-02,2023-09-25
2016-0025-GRC,No,tec-tra-wat-wat,Technological,Transport,Water,Water,,Migrants,GRC,Greece,Southern Europe,Europe,Near Kalilimnos Isl.,,,No,No,No,,,,,,,2016,1,22,2016,1,22,44,,26,,26,,,,,,,78.7679229975209,,2016-02-03,2023-09-25
2016-0044-DEU,No,tec-tra-rai-rai,Technological,Transport,Rail,Rail,,,DEU,Germany,Western Europe,Europe,Bavière; ligne Rosenheim et Holzkirchen,,,No,No,No,,,,,,,2016,2,9,2016,2,9,12,89,,,89,,,,,,,78.7679229975209,,2016-02-22,2023-09-25
2016-0064-RUS,No,tec-ind-exp-exp,Technological,Industrial accident,Explosion (Industrial),Explosion (Industrial),,Coal mine,RUS,Russian Federation,Eastern Europe,Europe,Severnaïa,,,No,No,No,,,m3,,,,2016,2,25,2016,2,28,36,,,,,,,,,,,78.7679229975209,,2016-03-21,2023-09-25
2016-0076-SRB,No,nat-hyd-flo-fla,Natural,Hydrological,Flood,Flash flood,GLIDE:FL-2016-000025,,SRB,Serbia,Southern Europe,Europe,"Pozega town (Zlatiborski province), Moravicki province",Torrential rains,,No,No,Yes,,,Km2,,,"Bjelica, Zapadna Morava",2016,3,6,2016,3,7,,,7000,,7000,,,,,100000,126955,78.7679229975209,"[{""adm1_code"":25382,""adm1_name"":""Moravicki""},{""adm1_code"":25400,""adm1_name"":""Zlatiborski""}]",2016-03-21,2024-04-09
2016-0079-RUS,No,tec-mis-fir-fir,Technological,Miscellaneous accident,Fire (Miscellaneous),Fire (Miscellaneous),,Rehablitation centre,RUS,Russian Federation,Eastern Europe,Europe,Sterlitamak town (Bashkortostan Rep. province),,,No,No,No,,,,,,,2016,3,14,2016,3,15,12,,,,,,,,,,,78.7679229975209,"[{""adm1_code"":2494,""adm1_name"":""Bashkortostan Rep.""}]",2016-03-21,2023-09-25
2016-0080-RUS,No,tec-tra-air-air,Technological,Transport,Air,Air,,Boeing 737,RUS,Russian Federation,Eastern Europe,Europe,Rostov-sur-le-Don town (Rostovskaya Oblast province),,,No,No,No,,,,,,,2016,3,19,2016,3,19,62,,,,,,,,,,,78.7679229975209,"[{""adm1_code"":2549,""adm1_name"":""Rostovskaya Oblast""}]",2016-03-21,2023-09-25
2016-0082-ESP,No,tec-tra-roa-roa,Technological,Transport,Road,Road,,,ESP,Spain,Southern Europe,Europe,"Freginals village (Tarragona district, Catalogna province)",,,No,No,No,,,,,,,2016,3,20,2016,3,20,13,34,,,34,,,,,,,78.7679229975209,"[{""adm2_code"":25809,""adm2_name"":""Tarragona""}]",2016-03-21,2023-09-25
2016-0109-FRA,No,tec-tra-roa-roa,Technological,Transport,Road,Road,,,FRA,France,Western Europe,Europe,"Moulins town (Allier district, Auvergne province)",Collision with a truck,,No,No,No,,,,,,,2016,3,24,2016,3,24,12,,,,,,,,,,,78.7679229975209,"[{""adm2_code"":16245,""adm2_name"":""Allier""}]",2016-04-18,2023-09-25
2016-0128-RUS,No,nat-hyd-flo-flo,Natural,Hydrological,Flood,Flood (General),DFO:4349,,RUS,Russian Federation,Eastern Europe,Europe,"Vologodskaya Oblast, Tyumenskaya Oblast, Sverdlovskaya Oblast provinces","Snwomelt, Ice jams and rising temperatures",,No,No,No,,1834048.3,Km2,61.967,59.803,,2016,4,16,2016,4,22,,,3200,,3200,,,,,2000,2539,78.7679229975209,"[{""adm1_code"":2559,""adm1_name"":""Sverdlovskaya Oblast""},{""adm1_code"":2566,""adm1_name"":""Tyumenskaya Oblast""},{""adm1_code"":2573,""adm1_name"":""Vologodskaya Oblast""}]",2016-05-10,2023-09-25
2016-0157-RUS,No,tec-ind-exp-exp,Technological,Industrial accident,Explosion (Industrial),Explosion (Industrial),,Coal mine,RUS,Russian Federation,Eastern Europe,Europe,Lougansk (Ukraine),,,No,No,No,,,m3,,,,2016,5,4,2016,5,4,10,,,,,,,,,,,78.7679229975209,,2016-05-19,2023-09-25
2016-0166-NOR,No,tec-tra-air-air,Technological,Transport,Air,Air,,Helicopter,NOR,Norway,Northern Europe,Europe,Tyroy IsL (Bergen region),,,No,No,No,,,,,,,2016,4,29,2016,4,29,13,,,,,,,,,,,78.7679229975209,,2016-05-20,2023-09-25
2016-0179-AUT,No,nat-hyd-flo-flo,Natural,Hydrological,Flood,Flood (General),DFO:4360|DFO:4366,,AUT,Austria,Western Europe,Europe,"Salzburg province, Braunau am Inn district (Oberosterreich province)",Heavy rains,,No,No,No,,,Km2,,,,2016,6,1,2016,6,1,,,,,,,,,,,,78.7679229975209,"[{""adm1_code"":482,""adm1_name"":""Salzburg""},{""adm2_code"":5618,""adm2_name"":""Braunau am Inn""}]",2016-06-06,2023-09-25
2016-0179-BEL,No,nat-hyd-flo-flo,Natural,Hydrological,Flood,Flood (General),DFO:4360|DFO:4366,,BEL,Belgium,Western Europe,Europe,"Harsin area (Nassogne commune, Luxembourg district, Region wallonne province)",Thunderstorms,,No,No,No,,,Km2,,,,2016,6,2,2016,6,8,1,,,,,,,,,,,78.7679229975209,"[{""adm2_code"":5852,""adm2_name"":""Luxembourg""}]",2016-06-29,2023-09-25
2016-0179-DEU,No,nat-hyd-flo-flo,Natural,Hydrological,Flood,Flood (General),DFO:4360|DFO:4366,,DEU,Germany,Western Europe,Europe,"Simbach am Inn, Triften, Tann, Regen cities (Niederbayern district, Bayern province)",Heavy rains,,No,No,No,,91554.92,Km2,48.407,10.22,,2016,5,31,2016,6,7,7,,,,,,,830000,1053728,2000000,2539105,78.7679229975209,"[{""adm2_code"":16531,""adm2_name"":""Niederbayern""}]",2016-06-06,2023-09-25
2016-0179-FRA,No,nat-hyd-flo-flo,Natural,Hydrological,Flood,Flood (General),DFO:4360|DFO:4366,,FRA,France,Western Europe,Europe,"Yvelines, Paris districts (Ile-de-France province), Marne district (Champagne-Ardenne), Manche, Calvados districts (Basse-Normandie province), Orne, Eure, Seine-Maritime (Haute-Normandie province)",Heavy rains,Lightening,No,No,No,,,Km2,,,"Seine, Loing, Yonne",2016,5,31,2016,6,5,5,24,,,24,,,1300000,1650418,2400000,3046926,78.7679229975209,"[{""adm2_code"":16249,""adm2_name"":""Calvados""},{""adm2_code"":16250,""adm2_name"":""Manche""},{""adm2_code"":16251,""adm2_name"":""Orne""},{""adm2_code"":16269,""adm2_name"":""Marne""},{""adm2_code"":16276,""adm2_name"":""Eure""},{""adm2_code"":16277,""adm2_name"":""Seine-Maritime""},{""adm2_code"":16280,""adm2_name"":""Paris""},{""adm2_code"":16285,""adm2_name"":""Yvelines""}]",2016-06-06,2023-09-25
2016-0179-POL,No,nat-hyd-flo-flo,Natural,Hydrological,Flood,Flood (General),DFO:4360|DFO:4366,,POL,Poland,Eastern Europe,Europe,"Nowy Targ district (Mount Sokolica region, Malopolske province), Sucha Beskidzka district (Mount Babia Gora region, Malopolske province), Szcyrk city (Czechowice-Dziedzice district, Slaskie province)",,Lightening,No,No,No,,,Km2,,,,2016,5,28,2016,5,28,2,3,,,3,,,,,,,78.7679229975209,"[{""adm2_code"":24408,""adm2_name"":""Nowy Targ""},{""adm2_code"":24412,""adm2_name"":""Sucha Beskidzka""},{""adm2_code"":24538,""adm2_name"":""Czechowice-Dziedzice""}]",2016-06-06,2023-09-25
2016-0179-ROU,No,nat-hyd-flo-flo,Natural,Hydrological,Flood,Flood (General),DFO:4360|DFO:4366,,ROU,Romania,Eastern Europe,Europe,"Livezi village (Bacau province), Ruginesti village (Vrancea province)",Heavy rains,,No,No,No,,,Km2,,,,2016,6,2,2016,6,2,2,,,,,,,,,,,78.7679229975209,"[{""adm1_code"":2449,""adm1_name"":""Bacau""},{""adm1_code"":2486,""adm1_name"":""Vrancea""}]",2016-06-29,2023-09-25
2016-0180-UKR,No,tec-mis-fir-fir,Technological,Miscellaneous accident,Fire (Miscellaneous),Fire (Miscellaneous),,Elderly house,UKR,Ukraine,Eastern Europe,Europe,Litochki (Kiev region),,,No,No,No,,,,,,,2016,5,29,2016,5,29,17,5,,,5,,,,,,,78.7679229975209,,2016-06-06,2023-09-25
2016-0202-GRC,No,tec-tra-wat-wat,Technological,Transport,Water,Water,,Migrants,GRC,Greece,Southern Europe,Europe,Near Crete,,,No,No,No,,,,,,,2016,6,3,2016,6,3,358,,,,,,,,,,,78.7679229975209,,2016-06-29,2023-09-25
2016-0211-BEL,No,nat-met-sto-lig,Natural,Meteorological,Storm,Lightning/Thunderstorms,,,BEL,Belgium,Western Europe,Europe,"Manage village (Mons region, Hainaut district, Region wallonne province), Jodoigne city (Brabant wallon district, Region wallonne province), Brussels airport, Atomium monument (Area without administrative 2nd division, Region de Bruxelles-Capitale/Brussels Hoofdstedelijk Gewes province)",,Flood,No,No,No,,,Kph,,,,2016,6,23,2016,6,24,1,,,,,,,,,,,78.7679229975209,"[{""adm2_code"":5844,""adm2_name"":""Area without administration at 2nd level""},{""adm2_code"":5850,""adm2_name"":""Hainaut""},{""adm2_code"":5854,""adm2_name"":""Brabant wallon""}]",2016-07-06,2023-09-25
2016-0211-NLD,No,nat-met-sto-lig,Natural,Meteorological,Storm,Lightning/Thunderstorms,,,NLD,Netherlands (Kingdom of the),Western Europe,Europe,Utrecht province and South Holland,,Flood|Hail,No,No,No,,,Kph,,,,2016,6,23,2016,6,24,,,,,,,,527000,669054,844000,1071502,78.7679229975209,"[{""adm1_code"":2167,""adm1_name"":""Utrecht""},{""adm1_code"":2169,""adm1_name"":""Zuid-holland""}]",2016-07-11,2024-04-09
2016-0217-RUS,No,tec-tra-wat-wat,Technological,Transport,Water,Water,,,RUS,Russian Federation,Eastern Europe,Europe,Siamozero lake (Carelie),,,No,No,No,,,,,,,2016,6,19,2016,6,19,14,,36,,36,,,,,,,78.7679229975209,,2016-07-06,2023-09-25
2016-0227-RUS,No,nat-hyd-flo-flo,Natural,Hydrological,Flood,Flood (General),,,RUS,Russian Federation,Eastern Europe,Europe,"Dagestan Rep., Chechnya Rep., Severnaya Osetiya-alaniya Rep. provinces",Torrential rains,"Slide (land, mud, snow, rock)|Storm",No,No,No,,,Km2,,,,2016,6,4,2016,6,10,,,8196,,8196,,,,,10000,12696,78.7679229975209,"[{""adm1_code"":2498,""adm1_name"":""Chechnya Rep.""},{""adm1_code"":2503,""adm1_name"":""Dagestan Rep.""},{""adm1_code"":2556,""adm1_name"":""Severnaya Osetiya-alaniya Rep.""}]",2016-07-11,2023-09-25
2016-0253-RUS,No,tec-tra-air-air,Technological,Transport,Air,Air,,Iliouchine IL-76,RUS,Russian Federation,Eastern Europe,Europe,Irkoutsk,,,No,No,No,,,,,,,2016,7,1,2016,7,1,10,,,,,,,,,,,78.7679229975209,,2016-08-02,2023-09-25
2016-0258-ITA,No,tec-tra-rai-rai,Technological,Transport,Rail,Rail,,,ITA,Italy,Southern Europe,Europe,Pouilles,,,No,No,No,,,,,,,2016,7,12,2016,7,12,25,52,,,52,,,,,,,78.7679229975209,,2016-08-03,2023-09-25
2016-0279-FRA,No,tec-mis-fir-fir,Technological,Miscellaneous accident,Fire (Miscellaneous),Fire (Miscellaneous),,Bar,FRA,France,Western Europe,Europe,Rouen,,,No,No,No,,,,,,,2016,8,6,2016,8,6,13,6,,,6,,,,,,,78.7679229975209,,2016-08-08,2023-09-25
2016-0282-MKD,No,nat-hyd-flo-fla,Natural,Hydrological,Flood,Flash flood,GLIDE:FF-2016-000079,,MKD,North Macedonia,Southern Europe,Europe,"Chento, Indzikovo, Singelich, Stajkovci, Smilkovci, Creshevo, Viniche, Strachinci, Stajkovci, Aracinovo villages and communities (Skopje province), Shipkovica, Brodec, Veshala, Poroj villages (Tetovo province)",,"Slide (land, mud, snow, rock)|Storm",Yes,No,No,,,Km2,,,,2016,8,6,2016,8,7,22,60,33522,,33582,,,,,50000,63478,78.7679229975209,"[{""adm1_code"":2948,""adm1_name"":""Skopje""},{""adm1_code"":2953,""adm1_name"":""Tetovo""}]",2016-08-08,2023-09-25
2016-0285-PRT,No,nat-cli-wil-for,Natural,Climatological,Wildfire,Forest fire,,,PRT,Portugal,Southern Europe,Europe,"Silves district (Faro province), Funchal (Ilha Da Madeira (madeira) province, Madere Isl.)",,,Yes,No,No,,,Km2,,,,2016,8,8,2016,8,13,4,200,699,462,1361,,,,,157000,199320,78.7679229975209,"[{""adm2_code"":24789,""adm2_name"":""Funchal""},{""adm2_code"":24770,""adm2_name"":""Silves""}]",2016-08-10,2025-03-17
2016-0295-RUS,No,nat-hyd-flo-flo,Natural,Hydrological,Flood,Flood (General),,,RUS,Russian Federation,Eastern Europe,Europe,"Moscou city (Moskva province and Moskovskaya Oblast province), Koursk city (Kurskaya Oblast province), Orel city (Orlovskaya Oblast province), Belgorod city (Belgorodskaya Oblast province)",Heavy rains,Lightening,No,No,No,,,Km2,,,,2016,8,15,2016,8,15,,,300,,300,,,,,,,78.7679229975209,"[{""adm1_code"":2495,""adm1_name"":""Belgorodskaya Oblast""},{""adm1_code"":2527,""adm1_name"":""Kurskaya Oblast""},{""adm1_code"":2534,""adm1_name"":""Moskovskaya Oblast""},{""adm1_code"":2535,""adm1_name"":""Moskva""},{""adm1_code"":2544,""adm1_name"":""Orlovskaya Oblast""}]",2016-08-16,2023-09-25
2016-0313-ITA,No,nat-geo-ear-gro,Natural,Geophysical,Earthquake,Ground movement,GLIDE:EQ-2016-000095,,ITA,Italy,Southern Europe,Europe,"Amatrice, Accumoli, Pescara del Tronto, Arquataa, Posta (Rieti and Ascoli Piceno provinces)",,,No,No,Yes,,6.2,Moment Magnitude,42.723,13.187,,2016,8,24,2016,8,24,296,400,4454,,4854,,,75000,95216,5000000,6347762,78.7679229975209,"[{""adm2_code"":18349,""adm2_name"":""Rieti""},{""adm2_code"":18368,""adm2_name"":""Ascoli Piceno""}]",2016-08-29,2023-09-25
2016-0314-RUS,No,tec-ind-fir-fir,Technological,Industrial accident,Fire (Industrial),Fire (Industrial),,Warehouse,RUS,Russian Federation,Eastern Europe,Europe,Moscou,,,No,No,No,,,m3,,,,2016,8,27,2016,8,27,16,,,,,,,,,,,78.7679229975209,,2016-08-29,2023-09-25
2016-0334-GRC,No,nat-hyd-flo-flo,Natural,Hydrological,Flood,Flood (General),DFO:4398,,GRC,Greece,Southern Europe,Europe,"Kalamata, Thessaloniki cities (Peloponnesse)",Torrential rains,,No,No,No,,20422.01,Km2,37.418,22.292,,2016,9,5,2016,9,8,4,,200,,200,,,,,56000,71095,78.7679229975209,"[{""adm2_code"":16703,""adm2_name"":""Thessalonikis""}]",2016-10-31,2023-09-25
2016-0335-MKD,No,nat-geo-ear-gro,Natural,Geophysical,Earthquake,Ground movement,,,MKD,North Macedonia,Southern Europe,Europe,Skopje province,,,No,No,No,,5.1,Moment Magnitude,42.009,21.49,,2016,9,11,2016,9,11,,100,,,100,,,,,10000,12696,78.7679229975209,"[{""adm1_code"":2948,""adm1_name"":""Skopje""}]",2016-10-31,2023-09-25
2016-0357-ITA,No,nat-geo-ear-gro,Natural,Geophysical,Earthquake,Ground movement,,,ITA,Italy,Southern Europe,Europe,"Visso, Ussita (Macerata district, Marche province)",,,No,No,No,,6.1,Moment Magnitude,42.934,13.043,,2016,10,26,2016,10,26,1,24,3003,,3027,,,,,200000,253910,78.7679229975209,"[{""adm2_code"":18369,""adm2_name"":""Macerata""}]",2016-11-16,2023-09-25
2016-0358-ITA,No,nat-geo-ear-gro,Natural,Geophysical,Earthquake,Ground movement,,,ITA,Italy,Southern Europe,Europe,"Norcia (Perugia district, Umbria province)",,,No,No,No,,6.5,Moment Magnitude,42.855,13.088,,2016,10,30,2016,10,30,,20,22272,,22292,,,,,200000,253910,78.7679229975209,"[{""adm2_code"":18411,""adm2_name"":""Perugia""}]",2016-11-16,2023-09-25
2016-0406-RUS,No,tec-tra-air-air,Technological,Transport,Air,Air,,Helicopter MI-8,RUS,Russian Federation,Eastern Europe,Europe,Novy Urengoy (Siberia),,,No,No,No,,,,,,,2016,10,22,2016,10,22,19,,,,,,,,,,,78.7679229975209,,2016-11-18,2023-09-25
2016-0420-ALB,No,nat-hyd-flo-flo,Natural,Hydrological,Flood,Flood (General),DFO:4417|GLIDE:FL-2016-000117,,ALB,Albania,Southern Europe,Europe,"Vlora, Fier provinces, Klos district (Mat province), Kelcyre district (Permet province), Tirane district (Tirane province)",Heavy rains,,No,No,No,,16543.1,Km2,42.254,19.446,"Fierza, Koman, Vau i Dejes, Ulza, Shkopet, Drini, Mat, Vjosa, Elbasani, Berat, Gjirokastra, Vlora",2016,11,7,2016,11,10,2,,4500,,4500,,,,,,,78.7679229975209,"[{""adm1_code"":312,""adm1_name"":""Fier""},{""adm1_code"":340,""adm1_name"":""Vlore""},{""adm2_code"":4013,""adm2_name"":""Klos""},{""adm2_code"":4038,""adm2_name"":""Kelcyre""},{""adm2_code"":4123,""adm2_name"":""Tirane""}]",2016-11-21,2023-09-25
2016-0426-ROU,No,nat-hyd-flo-riv,Natural,Hydrological,Flood,Riverine flood,DFO:4408,,ROU,Romania,Eastern Europe,Europe,"Slobozia-Conachi, Cuza Voda, Pechea (Galati province), Bucuresti, Bacau, Botosani provinces",Heavy rains,,No,No,No,,57182.5,Km2,45.151,27.562,"Geru, Suhu",2016,10,9,2016,10,16,1,,300,,300,,,,,,,78.7679229975209,"[{""adm1_code"":2449,""adm1_name"":""Bacau""},{""adm1_code"":2452,""adm1_name"":""Botosani""},{""adm1_code"":2455,""adm1_name"":""Bucuresti""},{""adm1_code"":2464,""adm1_name"":""Galati""}]",2016-11-21,2023-09-25
2016-0427-UKR,No,nat-hyd-flo-flo,Natural,Hydrological,Flood,Flood (General),DFO:4406,,UKR,Ukraine,Eastern Europe,Europe,Odessa province,Heavy rains,Storm,No,No,No,,19889.49,Km2,47.256,31.348,,2016,10,12,2016,10,16,3,,200,,200,,,,,,,78.7679229975209,"[{""adm1_code"":3163,""adm1_name"":""Odes'ka""}]",2016-11-21,2023-09-25
2016-0446-SRB,No,nat-hyd-flo-fla,Natural,Hydrological,Flood,Flash flood,GLIDE:FL-2016-000122,,SRB,Serbia,Southern Europe,Europe,"Gjakova city (Pecki province), Rahovec, Malisheva cities (Prizremski province), Podujeva, Vushtrri cities (Kosovski province)",Heavy rains,,No,No,No,,,Km2,,,,2016,11,7,2016,11,7,,,1655,,1655,,,,,,,78.7679229975209,"[{""adm1_code"":25378,""adm1_name"":""Kosovski""},{""adm1_code"":25385,""adm1_name"":""Pecki""},{""adm1_code"":25389,""adm1_name"":""Prizremski""}]",2016-11-25,2023-09-25
2016-0453-ITA,No,nat-hyd-flo-riv,Natural,Hydrological,Flood,Riverine flood,,,ITA,Italy,Southern Europe,Europe,"Piémont, Liguria provinces",Heavy rains,,No,No,No,,,Km2,,,"Po, Tanaro, Bormida, Pellice and Dora Riparia rivers",2016,11,23,2016,11,25,2,,400,,400,,,,,100000,126955,78.7679229975209,"[{""adm1_code"":1623,""adm1_name"":""Liguria""},{""adm1_code"":1627,""adm1_name"":""Piemonte""}]",2016-11-28,2023-09-25
2016-0461-HUN,No,nat-hyd-flo-flo,Natural,Hydrological,Flood,Flood (General),GLIDE:ST-2016-000065,,HUN,Hungary,Eastern Europe,Europe,"Rozsály, Garbolc, Nagyhódos, Méhtelek, Zajta Uszka (Szabolcs-Szatmár-Bereg province)",,Hail,No,No,No,,,Km2,,,,2016,6,21,2016,6,21,,,2282,,2282,,,,,,,78.7679229975209,"[{""adm1_code"":1455,""adm1_name"":""Szabolcs-szatmar-bereg""}]",2016-11-29,2023-09-25
2016-0467-RUS,No,tec-tra-roa-roa,Technological,Transport,Road,Road,,,RUS,Russian Federation,Eastern Europe,Europe,Siberia,,,No,No,No,,,,,,,2016,12,4,2016,12,4,11,21,,,21,,,,,,,78.7679229975209,,2016-12-05,2023-09-25
2016-0496-ESP,No,nat-hyd-flo-fla,Natural,Hydrological,Flood,Flash flood,,,ESP,Spain,Southern Europe,Europe,"Los Alcázare, Murcia, San Javier cities (Murcia district, Aragon province), Valencia, Castello district (Comunitat Valenciana province), Balears Isl. district (Illes Balears province); Granada, Almeria, Alicante,Terual,",Heavy rains,,No,No,No,,,Km2,,,,2016,12,17,2016,12,19,5,,150,,150,,,,,50000,63478,78.7679229975209,"[{""adm2_code"":25776,""adm2_name"":""Almería""},{""adm2_code"":25779,""adm2_name"":""Granada""},{""adm2_code"":25785,""adm2_name"":""Teruel""},{""adm2_code"":25788,""adm2_name"":""Illes Balears""},{""adm2_code"":25811,""adm2_name"":""Alicante/Alacant""},{""adm2_code"":25812,""adm2_name"":""Castellón/Castelló""},{""adm2_code"":25813,""adm2_name"":""Valencia/València""},{""adm2_code"":25822,""adm2_name"":""Murcia""}]",2016-12-20,2023-09-25
2016-0504-RUS,No,tec-tra-air-air,Technological,Transport,Air,Air,,Tupolev,RUS,Russian Federation,Eastern Europe,Europe,Adler (Near Sotchi),Pilot error,,No,No,No,,,,,,,2016,12,25,2016,12,25,92,,,,,,,,,,,78.7679229975209,,2017-01-02,2023-09-25
2016-0560-RUS,No,tec-mis-exp-exp,Technological,Miscellaneous accident,Explosion (Miscellaneous),Explosion (Miscellaneous),,Apartment block,RUS,Russian Federation,Eastern Europe,Europe,Yaroslovl,,,No,No,No,,,,,,,2016,2,16,2016,2,16,,,,,,,,,,,,78.7679229975209,,2017-04-28,2023-09-25
2017-0010-ALB,No,nat-met-ext-sev,Natural,Meteorological,Extreme temperature,Severe winter conditions,GLIDE:CW-2017-000005|GLIDE:CW-2017-000007,,ALB,Albania,Southern Europe,Europe,"Peshkopi, Bulqiza, Kukes, Puka, Skhodra, Mirdita and Pogradec",,Snow/ice,No,No,No,,,°C,,,,2017,1,20,2017,1,20,6,,,,,,,,,,,80.4457792619455,"[{""adm1_code"":306,""adm1_name"":""Bulqize""},{""adm1_code"":321,""adm1_name"":""Kukes""},{""adm1_code"":329,""adm1_name"":""Mirdite""},{""adm1_code"":332,""adm1_name"":""Pogradec""},{""adm1_code"":333,""adm1_name"":""Puke""},{""adm1_code"":335,""adm1_name"":""Shkoder""},{""adm2_code"":3813,""adm2_name"":""Peshkopi""}]",2017-01-20,2023-09-25
2017-0010-BLR,No,nat-met-ext-sev,Natural,Meteorological,Extreme temperature,Severe winter conditions,GLIDE:CW-2017-000005|GLIDE:CW-2017-000007,,BLR,Belarus,Eastern Europe,Europe,"Vitebsk, Minsk, Gomel, Grodno, Brest, Mogilev provinces",,Snow/ice,No,No,No,,-31,°C,,,,2017,1,5,2017,1,20,43,539,50000,,50539,,,,,,,80.4457792619455,"[{""adm1_code"":593,""adm1_name"":""Brest""},{""adm1_code"":594,""adm1_name"":""Gomel""},{""adm1_code"":595,""adm1_name"":""Grodno""},{""adm1_code"":596,""adm1_name"":""Minsk""},{""adm1_code"":597,""adm1_name"":""Minsk City""},{""adm1_code"":598,""adm1_name"":""Mogilev""},{""adm1_code"":599,""adm1_name"":""Vitebsk""}]",2017-02-08,2023-09-25
2017-0010-GRC,No,nat-met-ext-sev,Natural,Meteorological,Extreme temperature,Severe winter conditions,GLIDE:CW-2017-000005|GLIDE:CW-2017-000007,,GRC,Greece,Southern Europe,Europe,Aegean Islands,,Snow/ice,No,No,No,,,°C,,,,2017,1,20,2017,1,20,,,,,,,,,,,,80.4457792619455,"[{""adm1_code"":1348,""adm1_name"":""Voreio Aigaio""},{""adm1_code"":40766,""adm1_name"":""Notio Aigaio""}]",2017-01-20,2023-09-25
2017-0010-MKD,No,nat-met-ext-sev,Natural,Meteorological,Extreme temperature,Severe winter conditions,GLIDE:CW-2017-000005|GLIDE:CW-2017-000007,,MKD,North Macedonia,Southern Europe,Europe,"Skopje, Negotino, Kavadarci, Kumanovo, Bitola, Gostivar, Kriva Palanka, Debar, Sveti Nikole, Struga, Stip, Ohrid provinces, Makedonski Brod district (Brod province), Kivecho (?)",,Snow/ice,No,No,No,,-25,°C,,,,2017,1,5,2017,1,20,3,,2220,,2220,,,,,,,80.4457792619455,"[{""adm1_code"":2928,""adm1_name"":""Bitola""},{""adm1_code"":2930,""adm1_name"":""Debar""},{""adm1_code"":2934,""adm1_name"":""Gostivar""},{""adm1_code"":2935,""adm1_name"":""Kavadarci""},{""adm1_code"":2936,""adm1_name"":""Kicevo""},{""adm1_code"":2939,""adm1_name"":""Kriva Palanka""},{""adm1_code"":2941,""adm1_name"":""Kumanovo""},{""adm1_code"":2942,""adm1_name"":""Negotino""},{""adm1_code"":2943,""adm1_name"":""Ohrid""},{""adm1_code"":2948,""adm1_name"":""Skopje""},{""adm1_code"":2949,""adm1_name"":""Stip""},{""adm1_code"":2950,""adm1_name"":""Struga""},{""adm1_code"":2952,""adm1_name"":""Sveti Nikole""},{""adm2_code"":27207,""adm2_name"":""Makedonski Brod""}]",2017-01-20,2023-09-25
2017-0010-SRB,No,nat-met-ext-sev,Natural,Meteorological,Extreme temperature,Severe winter conditions,GLIDE:CW-2017-000005|GLIDE:CW-2017-000007,,SRB,Serbia,Southern Europe,Europe,Belgrade,,Snow/ice,No,No,No,,,°C,,,,2017,1,20,2017,1,20,6,,,,,,,,,,,80.4457792619455,"[{""adm1_code"":25373,""adm1_name"":""Grad Beograd""}]",2017-01-20,2023-09-25
2017-0010-UKR,No,nat-met-ext-sev,Natural,Meteorological,Extreme temperature,Severe winter conditions,GLIDE:CW-2017-000005|GLIDE:CW-2017-000007,,UKR,Ukraine,Eastern Europe,Europe,Eastern Ukraine,,Cold wave|Snow/ice,No,No,No,,,°C,,,,2017,1,,2017,1,13,37,,,,,,,,,,,80.4457792619455,"[{""adm1_code"":3148,""adm1_name"":""Cherkas'ka""},{""adm1_code"":3149,""adm1_name"":""Chernihivs'ka""},{""adm1_code"":3150,""adm1_name"":""Chernivets'ka""},{""adm1_code"":3151,""adm1_name"":""Dnipropetrovs'ka""},{""adm1_code"":3152,""adm1_name"":""Donets'ka""},{""adm1_code"":3153,""adm1_name"":""Ivano-frankivs'ka""},{""adm1_code"":3154,""adm1_name"":""Kharkivs'ka""},{""adm1_code"":3155,""adm1_name"":""Khersons'ka""},{""adm1_code"":3156,""adm1_name"":""Khmel'nyts'ka""},{""adm1_code"":3157,""adm1_name"":""Kirovohrads'ka""},{""adm1_code"":3158,""adm1_name"":""Krym""},{""adm1_code"":3159,""adm1_name"":""Kyyivs'ka""},{""adm1_code"":3160,""adm1_name"":""L'vivs'ka""},{""adm1_code"":3161,""adm1_name"":""Luhans'ka""},{""adm1_code"":3162,""adm1_name"":""Mykolayivs'ka""},{""adm1_code"":3163,""adm1_name"":""Odes'ka""},{""adm1_code"":3164,""adm1_name"":""Poltavs'ka""},{""adm1_code"":3165,""adm1_name"":""Rivnens'ka""},{""adm1_code"":3166,""adm1_name"":""Sums'ka""},{""adm1_code"":3167,""adm1_name"":""Ternopil's'ka""},{""adm1_code"":3168,""adm1_name"":""Vinnyts'ka""},{""adm1_code"":3169,""adm1_name"":""Volyns'ka""},{""adm1_code"":3170,""adm1_name"":""Zakarpats'ka""},{""adm1_code"":3171,""adm1_name"":""Zaporiz'ka""},{""adm1_code"":3172,""adm1_name"":""Zhytomyrs'ka""}]",2017-01-13,2023-09-25
2017-0015-ITA,No,nat-geo-ear-gro,Natural,Geophysical,Earthquake,Ground movement,,,ITA,Italy,Southern Europe,Europe,"Avezzano, Campotosto, Montereale, Capitignano, Ortolano di Campoposto, Mopolino (L’Aquila); Csatel Castagna, Csatigkione Messer Raimondo, Prati di Tivo (Teramao); Abruzzo (Pescara), Lazio (Rieti), Marche (Ascoli Piceno, Macerata, Fermo, Ancona) region",,"Avalanche (Snow, Debris)",No,No,No,,5.3,Moment Magnitude,42.601,13.227,13.227,2017,1,18,2017,1,19,29,11,,,11,,,6000,7458,18000,22375,80.4457792619455,"[{""adm1_code"":1633,""adm1_name"":""Umbria""},{""adm2_code"":18318,""adm2_name"":""L'Aquila""},{""adm2_code"":18319,""adm2_name"":""Pescara""},{""adm2_code"":18320,""adm2_name"":""Teramo""},{""adm2_code"":18349,""adm2_name"":""Rieti""},{""adm2_code"":18367,""adm2_name"":""Ancona""},{""adm2_code"":18368,""adm2_name"":""Ascoli Piceno""},{""adm2_code"":18369,""adm2_name"":""Macerata""}]",2017-01-20,2023-09-25
2017-0024-ITA,No,tec-tra-roa-roa,Technological,Transport,Road,Road,,,ITA,Italy,Southern Europe,Europe,San Martino Buon Albergo (near Vérone),,,No,No,No,,,,,,,2017,1,21,2017,1,21,16,13,,,13,,,,,,,80.4457792619455,,2017-01-23,2023-09-25
2017-0086-FRA,No,nat-met-sto-ext,Natural,Meteorological,Storm,Extra-tropical storm,,'Zeus',FRA,France,Western Europe,Europe,"Brittany, Provence, Sud Ouest (Brive), Alpes du Sud, Centre et Sud-Est.",,,No,No,No,,193,Kph,,,,2017,3,6,2017,3,7,2,11,,,11,,,341000,423888,550000,683690,80.4457792619455,"[{""adm1_code"":1249,""adm1_name"":""Aquitaine""},{""adm1_code"":1253,""adm1_name"":""Bretagne""},{""adm1_code"":1260,""adm1_name"":""Languedoc-Rousillon""},{""adm1_code"":1262,""adm1_name"":""Limousin""},{""adm1_code"":1264,""adm1_name"":""Midi-Pyrenees""},{""adm1_code"":1266,""adm1_name"":""Pays-de-la-Loire""},{""adm1_code"":1268,""adm1_name"":""Poitou-Charentes""},{""adm1_code"":1269,""adm1_name"":""Provence-Alpes-Cote-d'Azur""},{""adm1_code"":1270,""adm1_name"":""Rhone-Alpes""}]",2017-03-21,2023-09-25
2017-0117-GRC,No,tec-tra-wat-wat,Technological,Transport,Water,Water,,Migrants,GRC,Greece,Southern Europe,Europe,Near Lebos Isl.,,,No,No,No,,,,,,,2017,4,24,2017,4,24,16,,,,,,,,,,,80.4457792619455,,2017-04-25,2023-09-25
2017-0151-RUS,No,nat-met-sto-sev,Natural,Meteorological,Storm,Severe weather,,,RUS,Russian Federation,Eastern Europe,Europe,Moscow city and greater Moscow region,,Hail,No,No,No,,79.2,Kph,,,,2017,5,29,2017,5,29,16,201,,,201,,,,,2000,2486,80.4457792619455,"[{""adm1_code"":2534,""adm1_name"":""Moskovskaya Oblast""},{""adm1_code"":2535,""adm1_name"":""Moskva""}]",2017-06-01,2023-09-25
2017-0165-BGR,No,tec-tra-roa-roa,Technological,Transport,Road,Road,,,BGR,Bulgaria,Eastern Europe,Europe,Highway near Pazardjik (sud),,,No,No,No,,,,,,,2017,6,4,2017,6,4,10,,,,,,,,,,,80.4457792619455,,2017-06-12,2023-09-25
2017-0167-RUS,No,tec-tra-roa-roa,Technological,Transport,Road,Road,,,RUS,Russian Federation,Eastern Europe,Europe,702km road between Irkoutsk and Tchita,,,No,No,No,,,,,,,2017,6,11,2017,6,11,10,20,,,20,,,,,,,80.4457792619455,,2017-06-12,2023-09-25
2017-0173-GBR,No,tec-mis-fir-fir,Technological,Miscellaneous accident,Fire (Miscellaneous),Fire (Miscellaneous),,Grenfell tower,GBR,United Kingdom of Great Britain and Northern Ireland,Northern Europe,Europe,"London, Kensington",Deficient fridge and inflammable exterior coverage,,No,No,No,,,,,,,2017,6,14,2017,6,14,80,74,,,74,,,,,,,80.4457792619455,"[{""adm2_code"":40110,""adm2_name"":""Greater London""}]",2017-06-14,2023-09-25
2017-0176-PRT,No,nat-cli-wil-for,Natural,Climatological,Wildfire,Forest fire,,,PRT,Portugal,Southern Europe,Europe,"Pedrogao Grande (Leiria),Figueiro dos Vinhos, Nodeirinho, Castanheira de Pera; Coimbra district (Gois, Pampilhosa da Serra, Arganil)","Dry conditions, high temperatures (40°C), lightning",Drought|Heat wave,No,No,No,,300,Km2,,,,2017,6,17,2017,6,21,64,204,500,,704,565000,702336,19000,23618,232000,288393,80.4457792619455,"[{""adm2_code"":24727,""adm2_name"":""Arganil""},{""adm2_code"":24732,""adm2_name"":""Gois""},{""adm2_code"":24738,""adm2_name"":""Pampilhosa Da Serra""},{""adm2_code"":24814,""adm2_name"":""Castanheira De Pera""},{""adm2_code"":24815,""adm2_name"":""Figueiro Dos Vinhos""},{""adm2_code"":24820,""adm2_name"":""Pedrogao Grande""}]",2017-06-19,2023-09-25
2017-0182-GRC,No,nat-geo-ear-gro,Natural,Geophysical,Earthquake,Ground movement,,,GRC,Greece,Southern Europe,Europe,"Vrisa, Plomarion,Plagias, Chios, Kampas, Skala, Polichnitos, Mytilene (Lesbos)",,"Slide (land, mud, snow, rock)",No,No,No,,6.3,Moment Magnitude,38.915,26.371,,2017,6,12,2017,6,12,1,11,720,,731,,,,,,,80.4457792619455,"[{""adm2_code"":16725,""adm2_name"":""Lesvou""}]",2017-06-19,2023-09-25
2017-0228-ESP,No,nat-cli-wil-for,Natural,Climatological,Wildfire,Forest fire,,,ESP,Spain,Southern Europe,Europe,"Near Moguer and Mazagon (Huelva province), Andalousia, Donana National park",,Heat wave,No,No,No,,,Km2,,,,2017,6,24,2017,6,28,,,1500,,1500,,,,,,,80.4457792619455,"[{""adm2_code"":25780,""adm2_name"":""Huelva""}]",2017-06-29,2023-09-25
2017-0230-HUN,No,nat-met-sto-hai,Natural,Meteorological,Storm,Hail,GLIDE:OT-2017-000074,,HUN,Hungary,Eastern Europe,Europe,Megyaszó (Borsod-Abaúj-Zemplén county) and Kecskemét area (Bács-Kiskun County),,Flood,No,No,No,,,Kph,,,,2017,6,21,2017,6,21,,,1298,,1298,,,,,,,80.4457792619455,"[{""adm1_code"":1440,""adm1_name"":""Bacs-kiskun""},{""adm1_code"":1443,""adm1_name"":""Borsod-abauj-zemplen""}]",2017-06-29,2023-09-25
2017-0232-RUS,No,nat-hyd-flo-fla,Natural,Hydrological,Flood,Flash flood,GLIDE:FL-2017-000052,,RUS,Russian Federation,Eastern Europe,Europe,"Cherlaksky, Bolsherechensky, Ust-Ishim (Omsk); Stavropol Kray; Ishim, Abatsky, Vikulovsky districts (Tyumen)",,,No,No,No,,,Km2,,,,2017,5,10,2017,5,23,,,15721,,15721,,,,,,,80.4457792619455,"[{""adm1_code"":2542,""adm1_name"":""Omskaya Oblast""},{""adm1_code"":2566,""adm1_name"":""Tyumenskaya Oblast""}]",2017-06-29,2023-09-25
2017-0240-RUS,No,tec-tra-roa-roa,Technological,Transport,Road,Road,,,RUS,Russian Federation,Eastern Europe,Europe,"Tartastan region, between Samara and Ijevsk",,,No,No,No,,,,,,,2017,7,2,2017,7,2,14,,,,,,,,,,,80.4457792619455,,2017-07-03,2023-09-25
2017-0241-DEU,No,tec-tra-roa-roa,Technological,Transport,Road,Road,,,DEU,Germany,Western Europe,Europe,Near Münchberg,,,No,No,No,,,,,,,2017,7,3,2017,7,3,18,30,,,30,,,,,,,80.4457792619455,,2017-07-03,2023-09-25
2017-0280-GRC,No,nat-geo-ear-gro,Natural,Geophysical,Earthquake,Ground movement,,,GRC,Greece,Southern Europe,Europe,Kos Island,,Tsunami/Tidal wave,No,No,No,,6.7,Moment Magnitude,36.925,27.414,,2017,7,21,2017,7,21,2,120,,,120,,,,,,,80.4457792619455,"[{""adm2_code"":16708,""adm2_name"":""Dodekanisou""}]",2017-07-24,2023-09-25
2017-0292-FRA,No,nat-cli-wil-wil,Natural,Climatological,Wildfire,Wildfire (General),,,FRA,France,Western Europe,Europe,"Near Bormes-les-Mimosas (Var- cote d'Azur); Haute-Corse, Vaucluse, Var, Alpes-Maritimes","Wind, drought",,No,No,No,,72,Km2,,,,2017,7,24,2017,7,25,,12,12000,,12012,,,,,,,80.4457792619455,"[{""adm2_code"":16271,""adm2_name"":""Haute-Corse""},{""adm2_code"":16321,""adm2_name"":""Alpes-maritimes""},{""adm2_code"":16324,""adm2_name"":""Var""},{""adm2_code"":16325,""adm2_name"":""Vaucluse""}]",2017-07-31,2023-09-25
2017-0297-HRV,No,nat-cli-wil-for,Natural,Climatological,Wildfire,Forest fire,,,HRV,Croatia,Southern Europe,Europe,"Split, municipalities of Srinjine, Žrnovnica, Podstrana and Strožanac",,,No,No,No,,45,Km2,,,,2017,7,16,2017,7,18,,80,,,80,,,,,,,80.4457792619455,"[{""adm1_code"":1003,""adm1_name"":""Split-dalmatija""}]",2017-07-31,2023-09-25
2017-0297-MNE,No,nat-cli-wil-for,Natural,Climatological,Wildfire,Forest fire,,,MNE,Montenegro,Southern Europe,Europe,"Lustica (Tivat), Kotor, Tivat, Herceg Novi",,,No,Yes,No,,,Km2,,,,2017,7,16,2017,7,18,,,200,,200,,,,,,,80.4457792619455,"[{""adm1_code"":25357,""adm1_name"":""Herceg Novi""},{""adm1_code"":25359,""adm1_name"":""Kotor""},{""adm1_code"":25368,""adm1_name"":""Tivat""}]",2017-07-31,2023-09-25
2017-0310-DEU,No,nat-hyd-flo-riv,Natural,Hydrological,Flood,Riverine flood,,,DEU,Germany,Western Europe,Europe,"Hildesheim in Niedersachsen, districts surrounding the mountain range of Harz, Goslar district, Rhüden, Goslar, Bad Harzburg, Wernigerode in Harz district, Sachsen-Anhalt, Thuringia",Low pressure Alfred,,No,No,No,,,Km2,,,Gose and Abzucht rivers,2017,7,24,2017,7,27,,,600,,600,,,,,,,80.4457792619455,"[{""adm1_code"":1316,""adm1_name"":""Niedersachsen""},{""adm1_code"":1323,""adm1_name"":""Thueringen""}]",2017-08-02,2023-09-25
2017-0320-FRA,No,nat-hyd-flo-fla,Natural,Hydrological,Flood,Flash flood,DFO:4491,,FRA,France,Western Europe,Europe,Haute-Loire Department (Le Brignon),Torrential rains,,No,No,No,,,Km2,45.486,3.338,,2017,6,13,2017,6,15,1,,160,,160,,,,,,,80.4457792619455,"[{""adm2_code"":16247,""adm2_name"":""Haute-Loire""}]",2017-08-04,2023-09-25
2017-0328-AUT,No,nat-met-sto-sev,Natural,Meteorological,Storm,Severe weather,,,AUT,Austria,Western Europe,Europe,"Tirol, Karnten, Liezen (Sölk, Öblarn, Donnersbachwald), Murtal-Judenburg (Oberzeiring, Kobenz), Murau (Oberwölz) (Steiermark), Grossartal-Sankt Johann imm Pongau (Salzburg), Mayhofem-Schwaz (Zillertal), Steinach am Brenner-Innsbruck-land, Floitental (Schwaz), Oberösterreich (Waldzell-Ried im Innkreis), Niederösterreich, Bruck-Mürzzuschlag-Bruck an der mur, Deutschlandsberg, Wiez, Leoben",,"Flood|Slide (land, mud, snow, rock)",No,No,No,,,Kph,,,,2017,8,5,2017,8,9,3,,210,,210,,,12000,14917,118000,146683,80.4457792619455,"[{""adm1_code"":479,""adm1_name"":""Karnten""},{""adm1_code"":480,""adm1_name"":""Niederosterreich""},{""adm2_code"":5627,""adm2_name"":""Ried im Innkreis""},{""adm2_code"":5639,""adm2_name"":""Sankt Johann im Pongau""},{""adm2_code"":5643,""adm2_name"":""Bruck an der Mur""},{""adm2_code"":5644,""adm2_name"":""Deutschlandsberg""},{""adm2_code"":5650,""adm2_name"":""Judenburg""},{""adm2_code"":5653,""adm2_name"":""Leoben""},{""adm2_code"":5654,""adm2_name"":""Liezen""},{""adm2_code"":5655,""adm2_name"":""Murau""},{""adm2_code"":5658,""adm2_name"":""Wiez""},{""adm2_code"":5661,""adm2_name"":""Innsbruck-Land""},{""adm2_code"":5667,""adm2_name"":""Schwaz""}]",2017-08-16,2025-03-18
2017-0328-ITA,No,nat-met-sto-sev,Natural,Meteorological,Storm,Severe weather,,,ITA,Italy,Southern Europe,Europe,"Tramontina (Pordenone & Udine-Frioul region); Marziai (Belluno-Dolomites), Cortina d'Ampezzo (Belluno), Alto Adige, Lago di Garda (Verona), Adige Valley",,Flood|Hail,No,No,No,,,Kph,,,,2017,8,5,2017,8,6,4,,,,,,,,,3500,4351,80.4457792619455,,2017-08-07,2025-03-18
2017-0341-CZE,No,nat-met-sto-der,Natural,Meteorological,Storm,Derecho,,,CZE,Czechia,Eastern Europe,Europe,"Northern, Southern and Central Moravia, eastern Bohemia (Kromeriz, Bohuslavice)",,,No,No,No,,,Kph,,,,2017,8,10,2017,8,11,,,600,,600,,,,,2900,3605,80.4457792619455,"[{""adm1_code"":1031,""adm1_name"":""Jihomoravsky""},{""adm1_code"":1034,""adm1_name"":""Severomoravsky""},{""adm1_code"":1036,""adm1_name"":""Vychodocesky""}]",2017-11-22,2024-08-27
2017-0341-POL,No,nat-met-sto-der,Natural,Meteorological,Storm,Derecho,,,POL,Poland,Eastern Europe,Europe,"Chojnice district (Suszek, Konarzyny), Pomorskie Voivodeship, Wielkopolskie, Torun, Gniezna, Wrzesnia, Nakla",,,No,No,No,,,Kph,,,,2017,8,10,2017,8,11,6,45,5799,,5844,,,,,275000,341845,80.4457792619455,"[{""adm2_code"":24322,""adm2_name"":""Naklo nad Notecia""},{""adm2_code"":24327,""adm2_name"":""Torun""},{""adm2_code"":24328,""adm2_name"":""Torun I""},{""adm2_code"":24514,""adm2_name"":""Chojnice""},{""adm2_code"":24604,""adm2_name"":""Gniezno""},{""adm2_code"":24635,""adm2_name"":""Wrzesnia""}]",2017-08-17,2023-09-25
2017-0341-SVK,No,nat-met-sto-der,Natural,Meteorological,Storm,Derecho,,,SVK,Slovakia,Eastern Europe,Europe,"western part (Bratislava, Malacky, Dubove-Trnava)",,,No,No,No,,,Kph,,,,2017,8,10,2017,8,11,,,,,,,,,,,,80.4457792619455,"[{""adm2_code"":25441,""adm2_name"":""Malacky""},{""adm2_code"":25442,""adm2_name"":""Okres Bratislava I""},{""adm2_code"":25443,""adm2_name"":""Okres Bratislava II""},{""adm2_code"":25444,""adm2_name"":""Okres Bratislava III""},{""adm2_code"":25445,""adm2_name"":""Okres Bratislava IV""},{""adm2_code"":25446,""adm2_name"":""Okres Bratislava V""},{""adm2_code"":25495,""adm2_name"":""Trnava""}]",2017-11-22,2023-09-25
2017-0349-ITA,No,nat-geo-ear-gro,Natural,Geophysical,Earthquake,Ground movement,,,ITA,Italy,Southern Europe,Europe,"Casamicciola Terme, Lacco Ameno (Ischia Isl.), near Flegrea coast of Campania (Naples province)",,,No,No,No,,4.3,Moment Magnitude,,,,2017,8,23,2017,8,23,2,42,2600,,2642,,,,,,,80.4457792619455,"[{""adm2_code"":18332,""adm2_name"":""Napoli""}]",2017-08-23,2023-09-25
2017-0350-CHE,No,nat-geo-mmd-roc,Natural,Geophysical,Mass movement (dry),Rockfall (dry),,,CHE,Switzerland,Western Europe,Europe,"Bregaglia Valley, Bondo in Graubünden canton",,,No,No,No,,,,,,,2017,8,23,2017,8,23,8,,200,,200,,,,,,,80.4457792619455,"[{""adm1_code"":2816,""adm1_name"":""Graubunden""}]",2017-08-25,2023-09-25
2017-0351-RUS,No,tec-tra-roa-roa,Technological,Transport,Road,Road,,,RUS,Russian Federation,Eastern Europe,Europe,"Taman Pensinsula, Kertch detroit",,,No,No,No,,,,,,,2017,8,25,2017,8,25,18,33,,,33,,,,,,,80.4457792619455,,2017-08-25,2023-09-25
2017-0360-AUT,No,nat-met-sto-sev,Natural,Meteorological,Storm,Severe weather,,,AUT,Austria,Western Europe,Europe,"Sankt Johann am Walde (Braunau am Inn), Salzburg, Bad Ischl (Gmunden)",,,No,No,No,,126,Kph,,,,2017,8,19,2017,8,19,2,120,,,120,,,,,,,80.4457792619455,"[{""adm2_code"":5618,""adm2_name"":""Braunau am Inn""},{""adm2_code"":5621,""adm2_name"":""Gmunden""},{""adm2_code"":5637,""adm2_name"":""Salzburg""}]",2017-08-25,2023-09-25
2017-0360-DEU,No,nat-met-sto-sev,Natural,Meteorological,Storm,Severe weather,,,DEU,Germany,Western Europe,Europe,"Passau district, Freyung-Grafenau (Niederbayern), Altötting (Oberbayern)",Low pressure 'Kolle',Hail,No,No,No,,,Kph,,,,2017,8,18,2017,8,19,3,24,,,24,,,,,159000,197649,80.4457792619455,"[{""adm2_code"":16531,""adm2_name"":""Niederbayern""},{""adm2_code"":16532,""adm2_name"":""Oberbayern""}]",2018-03-08,2023-09-25
2017-0407-ROU,No,nat-met-sto-sev,Natural,Meteorological,Storm,Severe weather,,,ROU,Romania,Eastern Europe,Europe,"Timis (Timisoara), Cluj, Bistrica",,,No,No,No,,100,Kph,,,,2017,9,17,2017,9,17,9,137,,,137,,,,,7300,9074,80.4457792619455,"[{""adm1_code"":2451,""adm1_name"":""Bistrita-nasaud""},{""adm1_code"":2459,""adm1_name"":""Cluj""},{""adm1_code"":2482,""adm1_name"":""Timis""}]",2017-10-05,2023-09-25
2017-0408-HRV,No,nat-met-sto-lig,Natural,Meteorological,Storm,Lightning/Thunderstorms,,,HRV,Croatia,Southern Europe,Europe,"Zadar region, Bibinje, Sukošan, Biograd na Moru, Nin",,Flood,No,No,No,,,Kph,,,,2017,9,11,2017,9,11,,,3500,,3500,,,6000,7458,161000,200135,80.4457792619455,"[{""adm1_code"":1007,""adm1_name"":""Zadar-knin""}]",2017-11-08,2023-09-25
2017-0408-ITA,No,nat-met-sto-lig,Natural,Meteorological,Storm,Lightning/Thunderstorms,,,ITA,Italy,Southern Europe,Europe,"Livourne, Rosignano, Chioma",,"Flood|Slide (land, mud, snow, rock)",No,No,No,,,Kph,,,,2017,9,9,2017,9,10,9,,1000,,1000,,,,,216000,268504,80.4457792619455,"[{""adm2_code"":18402,""adm2_name"":""Livorno""}]",2017-10-05,2023-09-25
2017-0409-RUS,No,tec-tra-rai-rai,Technological,Transport,Rail,Rail,,,RUS,Russian Federation,Eastern Europe,Europe,Pokrov (Vladimir region),,,No,No,No,,,,,,,2017,10,5,2017,10,6,16,5,,,5,,,,,,,80.4457792619455,,2017-10-06,2023-09-25
2017-0417-ESP,No,nat-cli-wil-for,Natural,Climatological,Wildfire,Forest fire,,,ESP,Spain,Southern Europe,Europe,"Galicia (Nigrán, Carballeda de Avia, Vigo), Asturias",,,No,No,No,,,Km2,,,,2017,10,17,2017,10,17,4,,,,,,,,,,,80.4457792619455,"[{""adm1_code"":2718,""adm1_name"":""Principado de Asturias""},{""adm1_code"":2728,""adm1_name"":""Galicia""}]",2017-11-06,2023-09-25
2017-0417-PRT,No,nat-cli-wil-for,Natural,Climatological,Wildfire,Forest fire,,,PRT,Portugal,Southern Europe,Europe,"Coimbra (Penacova, Oliveira do Hospital, Melo, Gouveia), Leiria (Pinhal de Leiria-Marinha Grande), Viseu (Nelas, Tondela, Vouzela), Guarda, Castelo Branco",,,Yes,No,Yes,,2240,Km2,,,,2017,10,15,2017,10,16,45,71,,2700,2771,,,270000,335630,500000,621537,80.4457792619455,"[{""adm1_code"":2390,""adm1_name"":""Castelo Branco""},{""adm1_code"":2391,""adm1_name"":""Coimbra""},{""adm1_code"":2394,""adm1_name"":""Guarda""},{""adm1_code"":2405,""adm1_name"":""Leiria""},{""adm1_code"":2413,""adm1_name"":""Viseu""}]",2017-10-20,2023-09-25
2017-0423-ITA,No,tec-tra-wat-wat,Technological,Transport,Water,Water,,Migrants,ITA,Italy,Southern Europe,Europe,Near Salerne,,,No,No,No,,,,,,,2017,11,5,2017,11,5,23,,,,,,,,,,,80.4457792619455,,2017-11-06,2023-09-25
2017-0444-GRC,No,nat-hyd-flo-fla,Natural,Hydrological,Flood,Flash flood,DFO:4540|GLIDE:FL-2017-000168,,GRC,Greece,Southern Europe,Europe,"Mandra, Nea Peramos, Megara (near Athen-Attikis), Symi, Lefkimmi (Corfu-Kerkyras), Igoumenitsa (Thesprotias), Ionnina (Ioanninon)",Torrential rains,"Slide (land, mud, snow, rock)",No,No,No,,2571.04,Km2,38.261,23.529,,2017,11,11,2017,11,20,23,24,6000,,6024,,,,,,,80.4457792619455,"[{""adm2_code"":16680,""adm2_name"":""Attikis""},{""adm2_code"":16689,""adm2_name"":""Kerkyras""},{""adm2_code"":16693,""adm2_name"":""Ioanninon""},{""adm2_code"":16695,""adm2_name"":""Thesprotias""},{""adm2_code"":40767,""adm2_name"":""Simi""}]",2017-11-15,2023-09-25
2017-0453-RUS,No,tec-tra-roa-roa,Technological,Transport,Road,Road,,,RUS,Russian Federation,Eastern Europe,Europe,Vizimyary(Mari El republic),,,No,No,No,,,,,,,2017,11,16,2017,11,16,14,5,,,5,,,,,,,80.4457792619455,,2017-11-17,2023-09-25
2017-0490-GBR,No,nat-hyd-flo-flo,Natural,Hydrological,Flood,Flood (General),DFO:4543,,GBR,United Kingdom of Great Britain and Northern Ireland,Northern Europe,Europe,"Galgate (Lancashire) ,Lancaster, Appleby-in-Westmorland (Cumbria), Craven ( North Yorkshire), Llangefni, Conwy (Anglesey-Gwynedd)",Heavy rains,,No,No,No,,,Km2,53.102,-6.856,"Conder, Eden",2017,11,22,2017,11,26,,,70,,70,,,,,,,80.4457792619455,"[{""adm2_code"":40102,""adm2_name"":""Cumbria""},{""adm2_code"":40118,""adm2_name"":""Lancashire""},{""adm2_code"":40123,""adm2_name"":""North Yorkshire""},{""adm2_code"":40182,""adm2_name"":""Gwynedd""}]",2017-11-28,2023-09-25
2017-0490-IRL,No,nat-hyd-flo-flo,Natural,Hydrological,Flood,Flood (General),DFO:4543,,IRL,Ireland,Northern Europe,Europe,Mountmellick (Laois),Heavy rains,,No,No,No,,,Km2,,,Barrow,2017,11,22,2017,11,23,,,300,,300,,,,,,,80.4457792619455,"[{""adm1_code"":1592,""adm1_name"":""Laois""}]",2017-12-15,2023-09-25
2017-0504-ALB,No,nat-hyd-flo-fla,Natural,Hydrological,Flood,Flash flood,DFO:4548|GLIDE:FL-2017-000174,,ALB,Albania,Southern Europe,Europe,"Fushë- Krujë, Ura e Gjoles (Fushë- Krujë), Murqine (Bubq), Vore, Kamez, Laprake (Tirane), Darzeze (Pishaj), Jaru, Bishtan (Novosele), Ferras (Frakull), Kashisht (Cakran), Martin, Novosele, Bishan, Mifol (Novosele), Fitore (Miras), Ure Vajgurore, Korce, Gjirokaster, Kashar, Marikaj (Vore), Laknas (Kamez), Bardhaj (Rrethinat), Roskovec, Dropoll",Heavy rains,"Slide (land, mud, snow, rock)",No,Yes,No,,10463.39,Km2,44.885,15.215,"Vjosa, Devoll, Osum, Zeza, Seman rivers",2017,11,30,2017,12,4,1,2,21000,,21002,,,,,8900,11063,80.4457792619455,,2017-12-04,2023-09-25
2017-0544-ITA,No,nat-hyd-flo-riv,Natural,Hydrological,Flood,Riverine flood,DFO:4551,,ITA,Italy,Southern Europe,Europe,"Emilia Romagna (between Sorbolo and Boretto (Parma, Reggio Emilia), Lentigione village, Brescello, Colorno), Tuscany (Lucca)","Snowmelt, Rain",,No,No,No,,27560.36,Km2,45.457,105.881,"Po, Enza, Parma",2017,12,11,2017,12,12,,,1000,,1000,,,48000,59668,125000,155384,80.4457792619455,"[{""adm2_code"":18338,""adm2_name"":""Parma""},{""adm2_code"":18341,""adm2_name"":""Reggio Emilia""},{""adm2_code"":18403,""adm2_name"":""Lucca""}]",2018-01-25,2023-09-25
2017-0565-DEU,No,nat-met-sto-hai,Natural,Meteorological,Storm,Hail,,,DEU,Germany,Western Europe,Europe,"Harburg District in Niedersachsen, Sachsen-Anhalt, Brandenburg, Sachsen",,,No,No,No,,,Kph,,,,2017,6,22,2017,6,23,2,,,,,,,570000,708552,740000,919874,80.4457792619455,"[{""adm1_code"":1311,""adm1_name"":""Brandenburg""},{""adm1_code"":1316,""adm1_name"":""Niedersachsen""},{""adm1_code"":1320,""adm1_name"":""Sachsen""},{""adm1_code"":1321,""adm1_name"":""Sachsen-Anhalt""}]",2018-03-15,2023-09-25
2017-0579-ITA,No,tec-mis-mis-mis,Technological,Miscellaneous accident,Miscellaneous accident (General),Miscellaneous accident (General),,Stampede,ITA,Italy,Southern Europe,Europe,Turin,,,No,No,No,,,,,,,2017,6,3,2017,6,3,1,1500,,,1500,,,,,,,80.4457792619455,,2018-07-11,2023-09-25
2017-9296-ITA,No,nat-cli-dro-dro,Natural,Climatological,Drought,Drought,,,ITA,Italy,Southern Europe,Europe,"Calabria, Abruzzo, Campania, Tuscany, Emilia Romagna (Parma, Piacenza ), Puglia, Sardinia, Lazio, Lombardy, Umbria, Marche, Sicily, Piemonte (Alessandria, Asti, Cuneo), Trentino-South Tyrol (Val di Non, Val Sun, Valsugana)",,,No,No,No,,,Km2,,,,2017,7,,2017,7,,,,,,,,,,,2300000,2859069,80.4457792619455,"[{""adm1_code"":1616,""adm1_name"":""Abruzzi""},{""adm1_code"":1618,""adm1_name"":""Calabria""},{""adm1_code"":1619,""adm1_name"":""Campania""},{""adm1_code"":1620,""adm1_name"":""Emilia-romagna""},{""adm1_code"":1622,""adm1_name"":""Lazio""},{""adm1_code"":1624,""adm1_name"":""Lombardia""},{""adm1_code"":1625,""adm1_name"":""Marche""},{""adm1_code"":1627,""adm1_name"":""Piemonte""},{""adm1_code"":1628,""adm1_name"":""Puglia""},{""adm1_code"":1629,""adm1_name"":""Sardegna""},{""adm1_code"":1630,""adm1_name"":""Sicilia""},{""adm1_code"":1631,""adm1_name"":""Toscana""},{""adm1_code"":1632,""adm1_name"":""Trentino-alto Adige""},{""adm1_code"":1633,""adm1_name"":""Umbria""}]",2017-07-31,2025-03-18
2018-0002-CHE,No,nat-met-sto-sev,Natural,Meteorological,Storm,Severe weather,,Eleanor,CHE,Switzerland,Western Europe,Europe,"Fribourg (west), Bern (Lenk), Luzern, Zurich, Zug, Nidwalden, Schwyz, Pizol (Sankt Gallen)",,Transport accident,No,No,No,,163,Kph,,,,2018,1,3,2018,1,4,,16,,,16,,,16300,19779,,,82.4106679610351,"[{""adm1_code"":2812,""adm1_name"":""Bern""},{""adm1_code"":2813,""adm1_name"":""Fribourg""},{""adm1_code"":2818,""adm1_name"":""Luzern""},{""adm1_code"":2820,""adm1_name"":""Nidwalden""},{""adm1_code"":2822,""adm1_name"":""Sankt Gallen""},{""adm1_code"":2824,""adm1_name"":""Schwyz""},{""adm1_code"":2831,""adm1_name"":""Zug""},{""adm1_code"":2832,""adm1_name"":""Zurich""}]",2018-01-04,2025-03-18
2018-0002-ESP,No,nat-met-sto-sev,Natural,Meteorological,Storm,Severe weather,,Eleanor,ESP,Spain,Southern Europe,Europe,"Pays Basque, Deba, Mutriku",,Surge,No,No,No,,160,Kph,,,,2018,1,3,2018,1,4,2,,,,,,,,,,,82.4106679610351,"[{""adm2_code"":25825,""adm2_name"":""Gipuzkoa""}]",2018-01-04,2025-03-18
2018-0002-FRA,No,nat-met-sto-sev,Natural,Meteorological,Storm,Severe weather,,Eleanor,FRA,France,Western Europe,Europe,"Alps, Morillon (Haute Savoie), Corse, Savoie, Isère, Cambrai (Nord), Paris region (Ile-de-France), Seine Maritime, Pas de Calais, Haute Marne, Manche, Bretagne, Lucenay-Lévêque (Saône et Loire)",,"Slide (land, mud, snow, rock)|Wildfire",No,No,No,,160,Kph,,,"Aube, Moselle",2018,1,3,2018,1,4,6,30,,,30,,,,,200000,242687,82.4106679610351,"[{""adm1_code"":1253,""adm1_name"":""Bretagne""},{""adm1_code"":1256,""adm1_name"":""Corse""},{""adm1_code"":1259,""adm1_name"":""Ile-de-France""},{""adm2_code"":16250,""adm2_name"":""Manche""},{""adm2_code"":16254,""adm2_name"":""Saone-et-Loire""},{""adm2_code"":16268,""adm2_name"":""Haute-Marne""},{""adm2_code"":16277,""adm2_name"":""Seine-Maritime""},{""adm2_code"":16306,""adm2_name"":""Nord""},{""adm2_code"":16307,""adm2_name"":""Pas-de-Calais""},{""adm2_code"":16329,""adm2_name"":""Haute-Savoie""},{""adm2_code"":16330,""adm2_name"":""Isere""},{""adm2_code"":16333,""adm2_name"":""Savoie""}]",2018-01-04,2025-03-18
2018-0002-GBR,No,nat-met-sto-sev,Natural,Meteorological,Storm,Severe weather,,Eleanor,GBR,United Kingdom of Great Britain and Northern Ireland,Northern Europe,Europe,"Northern Ireland, England (Cornwall, Birmingham), Wales, Southern part of Scotland",,Surge,No,No,No,,,Kph,,,,2018,1,2,2018,1,3,,4,,,4,,,,,,,82.4106679610351,"[{""adm1_code"":3182,""adm1_name"":""England""},{""adm1_code"":3183,""adm1_name"":""Northern Ireland""},{""adm1_code"":3184,""adm1_name"":""Scotland""},{""adm1_code"":3186,""adm1_name"":""Wales""}]",2018-01-05,2025-03-18
2018-0002-IRL,No,nat-met-sto-sev,Natural,Meteorological,Storm,Severe weather,,Eleanor,IRL,Ireland,Northern Europe,Europe,"Mayo county (Newport, Castlebar), Galway county (Galway, Oranmore, Maree, Clarinbridge, Moycullen, Headford, Ballyglunin, Lackagh, Salthill), Corck County (Cork), Kerry county (Tralee), Sligo county, Leitrim county, Clare county, Dublin",,Flood,No,No,No,,,Kph,,,Lee,2018,1,2,2018,1,3,2,,,,,,,,,,,82.4106679610351,"[{""adm1_code"":1584,""adm1_name"":""Clare""},{""adm1_code"":1585,""adm1_name"":""Cork""},{""adm1_code"":1587,""adm1_name"":""Dublin""},{""adm1_code"":1588,""adm1_name"":""Galway""},{""adm1_code"":1589,""adm1_name"":""Kerry""},{""adm1_code"":1593,""adm1_name"":""Leitrim""},{""adm1_code"":1597,""adm1_name"":""Mayo""},{""adm1_code"":1603,""adm1_name"":""Sligo""}]",2018-01-04,2025-03-18
2018-0025-BEL,No,nat-met-sto-ext,Natural,Meteorological,Storm,Extra-tropical storm,,'Friederike' (David),BEL,Belgium,Western Europe,Europe,Grez-Doiceau,,,No,No,No,,130,Kph,,,,2018,1,17,2018,1,18,1,,,,,,,,,,,82.4106679610351,"[{""adm2_code"":5854,""adm2_name"":""Brabant wallon""}]",2018-01-22,2023-09-25
2018-0025-DEU,No,nat-met-sto-ext,Natural,Meteorological,Storm,Extra-tropical storm,,'Friederike' (David),DEU,Germany,Western Europe,Europe,"Nordrhein-Westfalen (Emmerich-Elten, Ratingen-Dusseldorf ), Saxe-Anhalt, Thuringen, Brandenburg (Cottbus), Mecklemburg-Vorpommem,",,Transport accident,No,No,No,,130,Kph,,,,2018,1,17,2018,1,18,5,12,,,12,,,,,588475,714076,82.4106679610351,"[{""adm1_code"":1311,""adm1_name"":""Brandenburg""},{""adm1_code"":1315,""adm1_name"":""Mecklenburg-Vorpommern""},{""adm1_code"":1317,""adm1_name"":""Nordrhein-Westfalen""},{""adm1_code"":1321,""adm1_name"":""Sachsen-Anhalt""},{""adm1_code"":1323,""adm1_name"":""Thueringen""}]",2018-01-22,2023-09-25
2018-0025-FRA,No,nat-met-sto-ext,Natural,Meteorological,Storm,Extra-tropical storm,,'Friederike' (David),FRA,France,Western Europe,Europe,"Pas-de-Calais department, Nord",,,No,No,No,,,Kph,,,,2018,1,17,2018,1,18,,,,,,,,,,,,82.4106679610351,"[{""adm2_code"":16306,""adm2_name"":""Nord""},{""adm2_code"":16307,""adm2_name"":""Pas-de-Calais""}]",2018-03-08,2023-09-25
2018-0025-NLD,No,nat-met-sto-ext,Natural,Meteorological,Storm,Extra-tropical storm,,'Friederike' (David),NLD,Netherlands (Kingdom of the),Western Europe,Europe,"Gelderland, Overijssel (Olst, Enschede and Vuren, Zwolle, Enschede)",,,No,No,No,,130,Kph,,,,2018,1,17,2018,1,18,3,,,,,,,,,110011,133491,82.4106679610351,"[{""adm1_code"":2161,""adm1_name"":""Gelderland""},{""adm1_code"":2166,""adm1_name"":""Overijssel""}]",2018-01-22,2023-09-25
2018-0028-RUS,No,tec-tra-wat-wat,Technological,Transport,Water,Water,,'Vostok',RUS,Russian Federation,Eastern Europe,Europe,,,,No,No,No,,,,,,,2018,1,25,2018,1,25,20,,,,,,,,,,,82.4106679610351,,2018-01-26,2023-09-25
2018-0032-PRT,No,tec-mis-fir-fir,Technological,Miscellaneous accident,Fire (Miscellaneous),Fire (Miscellaneous),,Cultural association room,PRT,Portugal,Southern Europe,Europe,Vila Nova da Rainha village (Tondela),,,No,No,No,,,,,,,2018,1,13,2018,1,13,11,,,,,,,,,,,82.4106679610351,,2018-01-30,2023-09-25
2018-0037-FRA,No,nat-hyd-flo-flo,Natural,Hydrological,Flood,Flood (General),DFO:4566,,FRA,France,Western Europe,Europe,Ile-de-France,Heavy rains,,No,No,No,,72015.73,Km2,48.511,1.606,"Seine, Marne, Yonne, Rhône, Saône",2018,1,24,2018,1,29,,,2750,,2750,,,175000,212351,372000,451398,82.4106679610351,"[{""adm1_code"":1259,""adm1_name"":""Ile-de-France""}]",2018-02-19,2023-09-25
2018-0057-RUS,No,tec-tra-air-air,Technological,Transport,Air,Air,,Antonov An-148,RUS,Russian Federation,Eastern Europe,Europe,Near Stepanovskoïe (Ramenski district),,,No,No,No,,,,,,,2018,2,11,2018,2,11,71,,,,,,,,,,,82.4106679610351,,2018-02-27,2023-09-25
2018-0061-CZE,No,nat-met-ext-col,Natural,Meteorological,Extreme temperature,Cold wave,,,CZE,Czechia,Eastern Europe,Europe,,,,No,No,No,,,°C,,,,2018,2,23,2018,2,28,3,,,,,,,,,,,82.4106679610351,,2018-02-28,2023-09-25
2018-0061-EST,No,nat-met-ext-col,Natural,Meteorological,Extreme temperature,Cold wave,,,EST,Estonia,Northern Europe,Europe,,,,No,No,No,,,°C,,,,2018,2,1,2018,2,28,7,,,,,,,,,,,82.4106679610351,,2018-02-28,2023-09-25
2018-0061-FRA,No,nat-met-ext-col,Natural,Meteorological,Extreme temperature,Cold wave,,,FRA,France,Western Europe,Europe,,,,No,No,No,,,°C,,,,2018,2,23,2018,2,28,3,,,,,,,,,,,82.4106679610351,,2018-02-28,2023-09-25
2018-0061-ITA,No,nat-met-ext-col,Natural,Meteorological,Extreme temperature,Cold wave,,,ITA,Italy,Southern Europe,Europe,,,,No,No,No,,,°C,,,,2018,2,23,2018,2,28,1,,,,,,,,,,,82.4106679610351,,2018-02-28,2023-09-25
2018-0061-LTU,No,nat-met-ext-col,Natural,Meteorological,Extreme temperature,Cold wave,,,LTU,Lithuania,Northern Europe,Europe,,,,No,No,No,,,°C,,,,2018,2,23,2018,2,28,5,,,,,,,,,,,82.4106679610351,,2018-02-28,2023-09-25
2018-0061-POL,No,nat-met-ext-col,Natural,Meteorological,Extreme temperature,Cold wave,,,POL,Poland,Eastern Europe,Europe,,,,No,No,No,,,°C,,,,2018,2,23,2018,2,28,9,,,,,,,,,,,82.4106679610351,,2018-02-28,2023-09-25
2018-0061-ROU,No,nat-met-ext-col,Natural,Meteorological,Extreme temperature,Cold wave,,,ROU,Romania,Eastern Europe,Europe,,,,No,No,No,,,°C,,,,2018,2,23,2018,2,28,2,,,,,,,,,,,82.4106679610351,,2018-02-28,2023-09-25
2018-0082-ALB,No,nat-hyd-flo-flo,Natural,Hydrological,Flood,Flood (General),,,ALB,Albania,Southern Europe,Europe,"Obot, Shtiq, Mushan, Fushe-Kruje (Shkodra region)","Heavy rains, elting snow","Broken Dam/Burst bank|Slide (land, mud, snow, rock)",No,No,No,,10316.95,Km2,40.866,19.941,"Drin, Bojana river",2018,3,5,2018,3,9,,,800,,800,,,,,,,82.4106679610351,"[{""adm1_code"":335,""adm1_name"":""Shkoder""}]",2018-03-09,2024-10-25
2018-0087-HRV,No,nat-hyd-flo-fla,Natural,Hydrological,Flood,Flash flood,,,HRV,Croatia,Southern Europe,Europe,Kosinj region; Gopsic region,"Heavy rains, snow melt","Slide (land, mud, snow, rock)",No,No,Yes,,,Km2,,,Lika river; Kupa and Sava basin,2018,3,18,2018,3,18,,,450,21,471,,,,,,,82.4106679610351,"[{""adm1_code"":995,""adm1_name"":""Lika-senj""}]",2018-03-19,2023-09-25
2018-0088-GRC,No,tec-tra-wat-wat,Technological,Transport,Water,Water,,Migrants,GRC,Greece,Southern Europe,Europe,,,,No,No,No,,,,,,,2018,3,17,2018,3,17,16,,,,,,,,,,,82.4106679610351,,2018-03-19,2023-09-25
2018-0092-RUS,No,tec-mis-fir-fir,Technological,Miscellaneous accident,Fire (Miscellaneous),Fire (Miscellaneous),GLIDE:FR-2018-000038,Shopping centre,RUS,Russian Federation,Eastern Europe,Europe,Kemerovo (Siberia),,,No,No,No,,,,,,,2018,3,25,2018,3,25,64,79,765,,844,,,,,,,82.4106679610351,,2018-03-26,2023-09-25
2018-0097-BLR,No,nat-hyd-flo-flo,Natural,Hydrological,Flood,Flood (General),GLIDE:FL-2018-000034,,BLR,Belarus,Eastern Europe,Europe,Chernichi (Gomel region); Brest; Grodno; Minsk; Mogilev; Vitebsk regions,,,No,No,No,,,Km2,,,"Western Dvina, Neman and Pripyat rivers",2018,3,19,2018,4,19,,,50000,,50000,,,,,,,82.4106679610351,"[{""adm1_code"":593,""adm1_name"":""Brest""},{""adm1_code"":595,""adm1_name"":""Grodno""},{""adm1_code"":596,""adm1_name"":""Minsk""},{""adm1_code"":597,""adm1_name"":""Minsk City""},{""adm2_code"":39933,""adm2_name"":""Zhitkovichi""}]",2018-03-30,2023-09-25
2018-0113-RUS,No,nat-hyd-flo-flo,Natural,Hydrological,Flood,Flood (General),DFO:4596|GLIDE:FL-2018-000046,,RUS,Russian Federation,Eastern Europe,Europe,"Tyva Republic, Altai Krai; Kumylzhensky, Mikhailovsky, Kikvidzensky, Frolovsky, Rudnyansky, Elansky, Novoannensky, Kletsky, Olkhovsky, Alekseevsky, Ilovlinsky, Uryupinsky (Volgorad region) - South Siberia",Melting snow,,No,No,Yes,,172029.58,Km2,52.883,84.596,,2018,3,25,2018,4,16,2,,3672,,3672,,,,,,,82.4106679610351,"[{""adm1_code"":2490,""adm1_name"":""Altayskiy Kray""},{""adm1_code"":2567,""adm1_name"":""Tyva Rep.""},{""adm1_code"":2572,""adm1_name"":""Volgogradskaya Oblast""}]",2018-04-16,2023-09-25
2018-0165-ROU,No,nat-hyd-flo-flo,Natural,Hydrological,Flood,Flood (General),DFO:4587,,ROU,Romania,Eastern Europe,Europe,"Bacau, Brasov, Covasna, Mures, Harghita, Teleorman, Vaslui districts",Heavy Rain and Snowmelt,"Slide (land, mud, snow, rock)",No,No,No,,24192.62,Km2,45.946,24.989,,2018,3,14,2018,3,16,,,1500,,1500,,,,,,,82.4106679610351,"[{""adm1_code"":2449,""adm1_name"":""Bacau""},{""adm1_code"":2454,""adm1_name"":""Brasov""},{""adm1_code"":2461,""adm1_name"":""Covasna""},{""adm1_code"":2467,""adm1_name"":""Harghita""},{""adm1_code"":2473,""adm1_name"":""Mures""},{""adm1_code"":2481,""adm1_name"":""Teleorman""},{""adm1_code"":2484,""adm1_name"":""Vaslui""}]",2018-05-23,2023-09-25
2018-0174-RUS,No,tec-tra-wat-wat,Technological,Transport,Water,Water,,,RUS,Russian Federation,Eastern Europe,Europe,Volgograd,Collision of a Catamaran with a barge,,No,No,No,,,,,,Volga,2018,6,11,2018,6,11,11,,,,,,,,,,,82.4106679610351,,2018-06-12,2023-09-25
2018-0220-BGR,No,nat-hyd-flo-flo,Natural,Hydrological,Flood,Flood (General),DFO:4642,,BGR,Bulgaria,Eastern Europe,Europe,"Plovdiv, Pazardjik, Sofia, Smolyan, Bourgas provinces",Torrential rain,,No,No,No,,78520.26,Km2,42.698,23.9,,2018,6,28,2018,7,2,,,600,,600,,,,,,,82.4106679610351,"[{""adm1_code"":703,""adm1_name"":""Burgas""},{""adm1_code"":712,""adm1_name"":""Pazardzhik""},{""adm1_code"":715,""adm1_name"":""Plovdiv""},{""adm1_code"":721,""adm1_name"":""Smoljan""},{""adm1_code"":722,""adm1_name"":""Sofia""},{""adm1_code"":723,""adm1_name"":""Sofia-city""}]",2018-07-20,2023-09-25
2018-0223-GRC,No,nat-cli-wil-for,Natural,Climatological,Wildfire,Forest fire,GLIDE:WF-2018-000123,,GRC,Greece,Southern Europe,Europe,"Neos Voutzas, Agia Marina, , Kikkino Limanaki, Mati and Rafina (Surrounding Athena)",,Heat wave,No,No,Yes,,,Km2,,,,2018,7,23,2018,7,24,100,600,4118,,4718,,,,,,,82.4106679610351,"[{""adm1_code"":1337,""adm1_name"":""Attiki""}]",2018-07-24,2023-09-25
2018-0224-LVA,No,nat-cli-wil-for,Natural,Climatological,Wildfire,Forest fire,,,LVA,Latvia,Northern Europe,Europe,Kurzeme,,Heat wave,No,No,No,,,Km2,,,,2018,7,18,2018,7,22,,,,,,,,,,,,82.4106679610351,"[{""adm1_code"":1782,""adm1_name"":""Kuldigas""},{""adm1_code"":1783,""adm1_name"":""Liepajas""},{""adm1_code"":1791,""adm1_name"":""Saldus""},{""adm1_code"":1792,""adm1_name"":""Talsu""},{""adm1_code"":1796,""adm1_name"":""Ventspils""}]",2018-07-24,2023-09-25
2018-0224-SWE,No,nat-cli-wil-for,Natural,Climatological,Wildfire,Forest fire,,,SWE,Sweden,Northern Europe,Europe,"Gävleborg, Jämtland, Dalarna regions",,Heat wave,No,No,No,,,Km2,,,,2018,7,8,2018,7,25,,,,,,,,,,102000,123770,82.4106679610351,"[{""adm1_code"":2787,""adm1_name"":""Dalarnas Laen""},{""adm1_code"":2788,""adm1_name"":""Gaevleborgs Laen""},{""adm1_code"":2791,""adm1_name"":""Jaemtlands Laen""}]",2018-07-24,2023-09-25
2018-0230-UKR,No,tec-tra-roa-roa,Technological,Transport,Road,Road,,,UKR,Ukraine,Eastern Europe,Europe,Jitomir region,,,No,No,No,,,,,,,2018,7,20,2018,7,20,10,10,,,10,,,,,,,82.4106679610351,,2018-07-24,2023-09-25
2018-0235-BEL,No,nat-met-ext-hea,Natural,Meteorological,Extreme temperature,Heat wave,,,BEL,Belgium,Western Europe,Europe,,,,No,No,No,,,°C,,,,2018,7,,2018,7,,,,,,,,,,,,,82.4106679610351,,2018-07-26,2025-03-18
2018-0235-DEU,No,nat-met-ext-hea,Natural,Meteorological,Extreme temperature,Heat wave,,,DEU,Germany,Western Europe,Europe,,,,No,No,No,,38,°C,,,,2018,7,,2018,7,,,,,,,,,,,,,82.4106679610351,,2018-07-26,2025-03-18
2018-0235-ESP,No,nat-met-ext-hea,Natural,Meteorological,Extreme temperature,Heat wave,,,ESP,Spain,Southern Europe,Europe,,,,No,No,No,,46.6,°C,,,,2018,8,,2018,8,,9,,,,,,,,,,,82.4106679610351,,2018-08-08,2025-03-18
2018-0235-FRA,No,nat-met-ext-hea,Natural,Meteorological,Extreme temperature,Heat wave,,,FRA,France,Western Europe,Europe,,,,No,No,No,,38,°C,,,,2018,7,,2018,7,,,,,,,,,,,,,82.4106679610351,,2018-07-26,2025-03-18
2018-0235-GBR,No,nat-met-ext-hea,Natural,Meteorological,Extreme temperature,Heat wave,,,GBR,United Kingdom of Great Britain and Northern Ireland,Northern Europe,Europe,,,,No,No,No,,33.2,°C,,,,2018,6,30,2018,7,10,820,,,,,,,,,,,82.4106679610351,,2018-07-26,2025-03-18
2018-0235-ITA,No,nat-met-ext-hea,Natural,Meteorological,Extreme temperature,Heat wave,,,ITA,Italy,Southern Europe,Europe,,,,No,No,No,,40,°C,,,,2018,8,,2018,8,,,,,,,,,,,,,82.4106679610351,,2018-08-08,2025-03-18
2018-0235-NLD,No,nat-met-ext-hea,Natural,Meteorological,Extreme temperature,Heat wave,,,NLD,Netherlands (Kingdom of the),Western Europe,Europe,,,,No,No,No,,,°C,,,,2018,7,,2018,7,,100,,,,,,,,,,,82.4106679610351,,2018-07-26,2025-03-18
2018-0235-PRT,No,nat-met-ext-hea,Natural,Meteorological,Extreme temperature,Heat wave,,,PRT,Portugal,Southern Europe,Europe,,,,No,No,No,,45.2,°C,,,,2018,8,,2018,8,,,,,,,,,,,,,82.4106679610351,,2018-08-08,2025-03-18
2018-0246-SRB,No,nat-hyd-flo-fla,Natural,Hydrological,Flood,Flash flood,,,SRB,Serbia,Southern Europe,Europe,"Vojvodina, Sumadija, Pomoravlje regions",,Lightening,No,No,No,,,Km2,,,,2018,6,25,2018,6,30,,,231,,231,,,,,,,82.4106679610351,"[{""adm1_code"":25375,""adm1_name"":""Juzno-backi""},{""adm1_code"":25376,""adm1_name"":""Juzno-banatski""},{""adm1_code"":25388,""adm1_name"":""Pomoravski""},{""adm1_code"":25392,""adm1_name"":""Severno-backi""},{""adm1_code"":25393,""adm1_name"":""Severno-banatski""},{""adm1_code"":25394,""adm1_name"":""Srednje-banatski""},{""adm1_code"":25395,""adm1_name"":""Sremski""},{""adm1_code"":25396,""adm1_name"":""Sumadijski""},{""adm1_code"":25399,""adm1_name"":""Zapadno-backi""}]",2018-07-27,2023-09-25
2018-0247-ROU,No,nat-hyd-flo-fla,Natural,Hydrological,Flood,Flash flood,,,ROU,Romania,Eastern Europe,Europe,"Bac?u, Brasov, Harghita, Neamt, Vrancea",,,No,No,No,,,Km2,,,,2018,6,29,2018,7,2,,,1200,,1200,,,,,,,82.4106679610351,"[{""adm1_code"":2449,""adm1_name"":""Bacau""},{""adm1_code"":2454,""adm1_name"":""Brasov""},{""adm1_code"":2467,""adm1_name"":""Harghita""},{""adm1_code"":2474,""adm1_name"":""Neamt""},{""adm1_code"":2486,""adm1_name"":""Vrancea""}]",2018-07-27,2023-09-25
2018-0248-UKR,No,nat-met-sto-sto,Natural,Meteorological,Storm,Storm (General),,,UKR,Ukraine,Eastern Europe,Europe,"Lviv, Chernivtsi, Ivano-Frankivsk",,,No,No,No,,,Kph,,,,2018,6,28,2018,6,30,,,600,,600,,,,,,,82.4106679610351,"[{""adm1_code"":3150,""adm1_name"":""Chernivets'ka""},{""adm1_code"":3153,""adm1_name"":""Ivano-frankivs'ka""},{""adm1_code"":3160,""adm1_name"":""L'vivs'ka""}]",2018-07-27,2023-09-25
2018-0259-ESP,No,nat-cli-wil-for,Natural,Climatological,Wildfire,Forest fire,,,ESP,Spain,Southern Europe,Europe,"Llutxent (Vall d'Albaida county, Valencia province)",,,No,No,No,,,Km2,,,,2018,8,6,2018,8,9,,,,,,,,,,,,82.4106679610351,"[{""adm2_code"":25813,""adm2_name"":""Valencia/València""}]",2018-08-09,2025-03-18
2018-0259-PRT,No,nat-cli-wil-for,Natural,Climatological,Wildfire,Forest fire,,,PRT,Portugal,Southern Europe,Europe,"Perma da Negra (Monchique, Silves and Portimão municipalities, Faro District) Algarve",Heat and wind,Heat wave,No,No,No,,,Km2,,,,2018,8,3,2018,8,8,,79,250,,329,,,,,,,82.4106679610351,"[{""adm2_code"":24766,""adm2_name"":""Monchique""},{""adm2_code"":24768,""adm2_name"":""Portimao""},{""adm2_code"":24770,""adm2_name"":""Silves""}]",2018-08-08,2025-03-18
2018-0260-ITA,No,tec-tra-roa-roa,Technological,Transport,Road,Road,,,ITA,Italy,Southern Europe,Europe,Foggia region (Pouilles),,,No,No,No,,,,,,,2018,8,6,2018,8,6,12,,,,,,,,,,,82.4106679610351,,2018-08-08,2023-09-25
2018-0261-CHE,No,tec-tra-air-air,Technological,Transport,Air,Air,,Junkers JU52 HB-HOT,CHE,Switzerland,Western Europe,Europe,Piz Segnas (Grisons county),,,No,No,No,,,,,,,2018,8,4,2018,8,4,20,,,,,,,,,,,82.4106679610351,,2018-08-08,2023-09-25
2018-0263-RUS,No,tec-tra-air-air,Technological,Transport,Air,Air,,Helicopter Mi-8,RUS,Russian Federation,Eastern Europe,Europe,Siberia,,,No,No,No,,,,,,,2018,8,4,2018,8,4,18,,,,,,,,,,,82.4106679610351,,2018-08-08,2023-09-25
2018-0291-ESP,No,tec-mis-col-col,Technological,Miscellaneous accident,Collapse (Miscellaneous),Collapse (Miscellaneous),,Plateform,ESP,Spain,Southern Europe,Europe,Vigo,,,No,No,No,,,,,,,2018,8,12,2018,8,13,,316,,,316,,,,,,,82.4106679610351,,2018-08-13,2023-09-25
2018-0296-ITA,No,tec-mis-col-col,Technological,Miscellaneous accident,Collapse (Miscellaneous),Collapse (Miscellaneous),,Bridge,ITA,Italy,Southern Europe,Europe,Gênes,,,No,No,Yes,,,,,,,2018,8,14,2018,8,14,43,16,630,,646,,,,,,,82.4106679610351,,2018-08-14,2023-09-25
2018-0308-ITA,No,nat-hyd-flo-fla,Natural,Hydrological,Flood,Flash flood,,,ITA,Italy,Southern Europe,Europe,Cosenza (Calabria),,,No,No,No,,,Km2,,,,2018,8,21,2018,8,21,10,,23,,23,,,,,,,82.4106679610351,"[{""adm2_code"":18324,""adm2_name"":""Cosenza""}]",2018-08-23,2023-09-25
2018-0311-BGR,No,tec-tra-roa-roa,Technological,Transport,Road,Road,,,BGR,Bulgaria,Eastern Europe,Europe,Near Svogué,,,No,No,No,,,,,,,2018,8,25,2018,8,25,16,26,,,26,,,,,,,82.4106679610351,,2018-08-27,2023-09-25
2018-0361-ESP,No,nat-hyd-flo-flo,Natural,Hydrological,Flood,Flood (General),DFO:4688,,ESP,Spain,Southern Europe,Europe,"Majorque, Catalonia, Tarragona, Baleras, Andalusia, Malaga",,,No,No,No,,2882.25,Km2,39.591,2.936,,2018,10,9,2018,10,11,13,,200,,200,,,31000,37616,150000,182015,82.4106679610351,"[{""adm1_code"":2716,""adm1_name"":""Andalucía""},{""adm1_code"":2719,""adm1_name"":""Illes Balears""},{""adm1_code"":2724,""adm1_name"":""Cataluña/Catalunya""}]",2018-10-10,2024-08-27
2018-0375-FRA,No,nat-hyd-flo-flo,Natural,Hydrological,Flood,Flood (General),,,FRA,France,Western Europe,Europe,"Carcasonne, Conques sur Orbiel, Aragon, Berriac, Trbes, Flore, Villegaihenc, Villemoustaussou, Villalier (Aude, Hérault)",Torrenntial rains,,No,No,No,,,Km2,,,,2018,10,14,2018,10,15,14,76,1400,,1476,,,230000,279090,340000,412568,82.4106679610351,"[{""adm2_code"":16287,""adm2_name"":""Herault""},{""adm2_code"":16290,""adm2_name"":""Aude""}]",2018-10-15,2023-09-25
2018-0376-PRT,No,nat-met-sto-tro,Natural,Meteorological,Storm,Tropical cyclone,,Storm 'Leslie',PRT,Portugal,Southern Europe,Europe,"Coimbra, Leiria dsitricts",,,No,No,No,,176,Kph,,,,2018,10,14,2018,10,16,2,28,60,,88,,,60000,72806,115500,140152,82.4106679610351,"[{""adm1_code"":2391,""adm1_name"":""Coimbra""},{""adm1_code"":2405,""adm1_name"":""Leiria""}]",2018-10-15,2023-09-25
2018-0397-FRA,No,nat-met-sto-ext,Natural,Meteorological,Storm,Extra-tropical storm,,Storm 'Adrian',FRA,France,Western Europe,Europe,"Corse, Cote d'Azur",,,No,No,No,,,Kph,,,,2018,10,30,2018,10,30,,,,,,,,,,,,82.4106679610351,"[{""adm1_code"":1256,""adm1_name"":""Corse""},{""adm2_code"":16321,""adm2_name"":""Alpes-maritimes""},{""adm2_code"":16324,""adm2_name"":""Var""}]",2018-11-06,2023-09-25
2018-0397-ITA,No,nat-met-sto-ext,Natural,Meteorological,Storm,Extra-tropical storm,,Storm 'Adrian',ITA,Italy,Southern Europe,Europe,"Liguria and Lazio municipalities; Trento Province, Belluno Province, Bolzano Province, Savona Province, Naples, Emilia-Romagna Region, Veneto, LiToscana, Piemonte, Lazio, Sardegna",,"Flood|Slide (land, mud, snow, rock)",No,No,Yes,,,Kph,,,,2018,10,29,2018,11,4,12,,2200,,2200,,,,,1100000,1334779,82.4106679610351,"[{""adm1_code"":1620,""adm1_name"":""Emilia-romagna""},{""adm1_code"":1622,""adm1_name"":""Lazio""},{""adm1_code"":1623,""adm1_name"":""Liguria""},{""adm1_code"":1627,""adm1_name"":""Piemonte""},{""adm1_code"":1629,""adm1_name"":""Sardegna""},{""adm1_code"":1631,""adm1_name"":""Toscana""},{""adm1_code"":1635,""adm1_name"":""Veneto""},{""adm2_code"":18332,""adm2_name"":""Napoli""},{""adm2_code"":18409,""adm2_name"":""Bolzano""},{""adm2_code"":18410,""adm2_name"":""Trento""}]",2018-11-05,2023-09-25
2018-0407-RUS,No,nat-hyd-flo-flo,Natural,Hydrological,Flood,Flood (General),,,RUS,Russian Federation,Eastern Europe,Europe,Tuapse district (Krasnodar Krai),,Storm,No,No,Yes,,,Km2,,,,2018,10,24,2018,10,26,8,3,11300,,11303,,,,,10000,12134,82.4106679610351,"[{""adm1_code"":2524,""adm1_name"":""Krasnodarskiy Kray""}]",2018-11-06,2023-09-25
2018-0453-RUS,No,tec-mis-exp-exp,Technological,Miscellaneous accident,Explosion (Miscellaneous),Explosion (Miscellaneous),,Building,RUS,Russian Federation,Eastern Europe,Europe,Magnitogorsk (Oural),,,No,No,No,,,,,,,2018,12,31,2018,12,31,41,6,,,6,,,,,,,82.4106679610351,,2019-01-02,2023-09-25
2018-0461-ITA,No,nat-geo-vol-vol,Natural,Geophysical,Volcanic activity,Volcanic activity (General),,Mount Etna,ITA,Italy,Southern Europe,Europe,"Acicatena, Acireale, Aci Sant’Antonio, Santa Venerina, Viagrande and Zafferana Etnea (Catane, Sicily)",,Earthquake,No,No,No,,,,,,,2018,12,24,2018,12,26,,28,300,,328,,,,,115000,139545,82.4106679610351,"[{""adm1_code"":1630,""adm1_name"":""Sicilia""}]",2019-01-02,2023-09-25
2018-0465-CZE,No,tec-ind-exp-exp,Technological,Industrial accident,Explosion (Industrial),Explosion (Industrial),,Coal mine,CZE,Czechia,Eastern Europe,Europe,Karvina,,,No,No,No,,,m3,,,,2018,12,20,2018,12,20,13,10,,,10,,,,,,,82.4106679610351,,2019-01-02,2023-09-25
2018-0490-HUN,No,nat-met-ext-col,Natural,Meteorological,Extreme temperature,Cold wave,,,HUN,Hungary,Eastern Europe,Europe,,,,No,No,No,,,°C,,,,2018,12,,2019,2,,179,,,,,,,,,,,82.4106679610351,,2020-02-10,2023-09-25
2018-9187-LTU,No,nat-cli-dro-dro,Natural,Climatological,Drought,Drought,,,LTU,Lithuania,Northern Europe,Europe,,,,No,No,Yes,,,Km2,,,,2018,5,,2018,6,,,,,,,,,,,,,82.4106679610351,,2018-07-10,2023-09-25
2018-9187-POL,No,nat-cli-dro-dro,Natural,Climatological,Drought,Drought,,,POL,Poland,Eastern Europe,Europe,,,,No,No,No,,,Km2,,,,2018,6,,2018,7,,,,,,,,,,,,,82.4106679610351,,2018-07-10,2023-09-25
2019-0001-AUT,No,nat-met-sto-bli,Natural,Meteorological,Storm,Blizzard/Winter storm,,,AUT,Austria,Western Europe,Europe,"Land du Vorarlberg, alpes salzbourgeoises, Land de Styrie",,"Avalanche (Snow, Debris)",No,No,No,,,Kph,,,,2019,1,5,2019,1,16,11,,,,,,,,,,,83.9041700601057,"[{""adm1_code"":482,""adm1_name"":""Salzburg""},{""adm1_code"":483,""adm1_name"":""Steiermark""},{""adm1_code"":485,""adm1_name"":""Vorarlberg""}]",2019-01-16,2023-09-25
2019-0001-CHE,No,nat-met-sto-bli,Natural,Meteorological,Storm,Blizzard/Winter storm,,,CHE,Switzerland,Western Europe,Europe,"Alpes valaisannes, Verbier, Mont-Rogneux",,"Avalanche (Snow, Debris)",No,No,No,,,Kph,,,,2019,1,13,2019,1,15,4,,,,,,,,,,,83.9041700601057,"[{""adm1_code"":2829,""adm1_name"":""Valais""}]",2019-01-16,2023-09-25
2019-0001-DEU,No,nat-met-sto-bli,Natural,Meteorological,Storm,Blizzard/Winter storm,,,DEU,Germany,Western Europe,Europe,Bavaria,,,No,No,No,,,Kph,,,,2019,1,5,2019,1,17,1,,,,,,,,,,,83.9041700601057,"[{""adm1_code"":1309,""adm1_name"":""Bayern""}]",2019-01-17,2023-09-25
2019-0014-RUS,No,tec-tra-wat-wat,Technological,Transport,Water,Water,,,RUS,Russian Federation,Eastern Europe,Europe,Kertch detroit (Crimée),,,No,No,No,,,,,,,2019,1,22,2019,1,22,20,12,,,12,,,,,,,83.9041700601057,,2019-01-23,2023-09-25
2019-0015-ESP,No,nat-hyd-flo-riv,Natural,Hydrological,Flood,Riverine flood,DFO:4721,,ESP,Spain,Southern Europe,Europe,Asturies,Heavy rains,"Slide (land, mud, snow, rock)",No,No,No,,6802,Km2,43.284,-6.225,Tineo,2019,1,22,2019,1,25,4,,,,,,,29000,34563,58000,69126,83.9041700601057,"[{""adm1_code"":2718,""adm1_name"":""Principado de Asturias""}]",2019-01-24,2023-09-25
2019-0055-MDA,No,nat-met-ext-sev,Natural,Meteorological,Extreme temperature,Severe winter conditions,GLIDE:CW-2019-000013,,MDA,Republic of Moldova,Eastern Europe,Europe,"Edinet, Telenesti, Calaras, Ungheni, Basarabeasca, Criuleni, Anenii Noi",,Cold wave,No,No,No,,,°C,,,,2019,1,11,2019,1,30,,,5460,,5460,,,,,,,83.9041700601057,"[{""adm2_code"":41175,""adm2_name"":""Anenii Noi""},{""adm2_code"":41176,""adm2_name"":""Criuleni""},{""adm2_code"":41189,""adm2_name"":""Edinet""},{""adm2_code"":41193,""adm2_name"":""Basarabeasca""},{""adm2_code"":41199,""adm2_name"":""Telenesti""},{""adm2_code"":41207,""adm2_name"":""Calaras""},{""adm2_code"":41209,""adm2_name"":""Ungheni""}]",2019-02-08,2023-09-25
2019-0069-MKD,No,tec-tra-roa-roa,Technological,Transport,Road,Road,,,MKD,North Macedonia,Southern Europe,Europe,Near Skopje,,,No,No,No,,,,,,,2019,2,13,2019,2,13,13,30,,,30,,,,,,,83.9041700601057,,2019-03-04,2023-09-25
2019-0153-PRT,No,tec-tra-roa-roa,Technological,Transport,Road,Road,,,PRT,Portugal,Southern Europe,Europe,Santa Cruz (Madere),,,No,No,No,,,,,,,2019,4,17,2019,4,17,29,28,,,28,,,,,,,83.9041700601057,,2019-04-18,2023-09-25
2019-0166-RUS,No,tec-tra-air-air,Technological,Transport,Air,Air,,,RUS,Russian Federation,Eastern Europe,Europe,Moscou,,,No,No,No,,,,,,,2019,5,5,2019,5,5,41,3,,,3,,,,,,,83.9041700601057,,2019-05-06,2023-09-25
2019-0173-UKR,No,tec-ind-exp-exp,Technological,Industrial accident,Explosion (Industrial),Explosion (Industrial),,Coal mine,UKR,Ukraine,Eastern Europe,Europe,Iourivka,,,No,No,No,,,m3,,,,2019,4,25,2019,4,25,29,,,,,,,,,,,83.9041700601057,,2019-05-06,2023-09-25
2019-0186-ESP,No,nat-met-sto-sev,Natural,Meteorological,Storm,Severe weather,,,ESP,Spain,Southern Europe,Europe,"Valencia; Xabia, Denia municipalities (Alicante)",,Flood,No,No,No,,100,Kph,,,,2019,4,18,2019,4,22,,,320,,320,,,,,,,83.9041700601057,"[{""adm2_code"":25811,""adm2_name"":""Alicante/Alacant""},{""adm2_code"":25813,""adm2_name"":""Valencia/València""}]",2019-05-07,2023-09-25
2019-0194-BIH,No,nat-hyd-flo-flo,Natural,Hydrological,Flood,Flood (General),,,BIH,Bosnia and Herzegovina,Southern Europe,Europe,"Lukavac, Banovici, Tešanj, Doboj Jug, Sanski Most, Bosanska Krupa, Prijedor, Cazin, Usora, Kljuc, Teslic",,,No,No,Yes,,,Km2,,,"Sana, Una, Usora Rivers",2019,5,12,2019,5,13,1,,600,,600,,,,,,,83.9041700601057,"[{""adm2_code"":6247,""adm2_name"":""Unsko-sanski""},{""adm2_code"":6250,""adm2_name"":""Zenicko-dobojski""},{""adm2_code"":6256,""adm2_name"":""Bosanska Krupa""},{""adm2_code"":6266,""adm2_name"":""Doboj""},{""adm2_code"":6281,""adm2_name"":""Kljuc""},{""adm2_code"":6288,""adm2_name"":""Lukavac""},{""adm2_code"":6299,""adm2_name"":""Prijedor""},{""adm2_code"":6303,""adm2_name"":""Sanski Most""},{""adm2_code"":6311,""adm2_name"":""Tesanj""},{""adm2_code"":6312,""adm2_name"":""Teslic""},{""adm2_code"":6317,""adm2_name"":""Tuzla""}]",2019-05-15,2023-09-25
2019-0194-HRV,No,nat-hyd-flo-flo,Natural,Hydrological,Flood,Flood (General),,,HRV,Croatia,Southern Europe,Europe,"Kostajnica , Karlovac; KrK Island (Primorje-Gorski Kotar County)",,,No,No,No,,,Km2,,,,2019,5,12,2019,5,15,1,5,60,,65,,,,,,,83.9041700601057,"[{""adm1_code"":992,""adm1_name"":""Karlovac""},{""adm1_code"":999,""adm1_name"":""Primorje-gorski Kota""},{""adm1_code"":1001,""adm1_name"":""Sisak-moslavina""}]",2019-05-15,2023-09-25
2019-0195-ITA,No,nat-hyd-flo-flo,Natural,Hydrological,Flood,Flood (General),,,ITA,Italy,Southern Europe,Europe,"San Martino di Villafranca (Forlì Province, Emilia-Romagna Region)",Heavy rains,,No,No,No,,,Km2,,,,2019,5,15,2019,5,15,,,1200,,1200,,,,,,,83.9041700601057,"[{""adm2_code"":18336,""adm2_name"":""Forli'""}]",2019-05-15,2023-09-25
2019-0222-ROU,No,nat-hyd-flo-flo,Natural,Hydrological,Flood,Flood (General),,,ROU,Romania,Eastern Europe,Europe,"Bihor, Iasi and Vaslui regions.",,Hail|Storm,No,No,No,,88755.01,Km2,45.624,26.653,,2019,5,31,2019,6,7,4,,362,,362,,,,,,,83.9041700601057,"[{""adm1_code"":2450,""adm1_name"":""Bihor""},{""adm1_code"":2470,""adm1_name"":""Iasi""},{""adm1_code"":2484,""adm1_name"":""Vaslui""}]",2019-06-17,2023-09-25
2019-0232-ALB,No,nat-geo-ear-gro,Natural,Geophysical,Earthquake,Ground movement,,,ALB,Albania,Southern Europe,Europe,Korçë county,,,No,No,No,,5.2,Moment Magnitude,40.501,20.722,,2019,6,1,2019,6,1,,4,300,,304,,,,,,,83.9041700601057,"[{""adm1_code"":318,""adm1_name"":""Korce""}]",2019-06-17,2023-09-25
2019-0236-HUN,No,tec-tra-wat-wat,Technological,Transport,Water,Water,,Tourist boat 'Sirène',HUN,Hungary,Eastern Europe,Europe,Budapest,,,No,No,No,,,,,,,2019,5,29,2019,5,29,25,,,,,,,,,,,83.9041700601057,,2019-06-17,2023-09-25
2019-0275-SRB,No,nat-hyd-flo-flo,Natural,Hydrological,Flood,Flood (General),GLIDE:FL-2019-000052,,SRB,Serbia,Southern Europe,Europe,"Moravicki, Raski, Sumadijski and Pomoravski districts; Kraljevo, Novi Pazar, Paracin, Sremska Mitrovica, Knic, Arilje, Lucani, Tutin, Trstenik, Pozega, Vrnjacka banja, Koceljeva, Rekovac, Gornji Milanovac, Ljig, Cacak, Ivanjica, Aleksinac, Porkuplje, Krupanj municipalities",,,No,No,Yes,,,Km2,,,,2019,6,2,2019,6,7,,,11650,,11650,,,,,,,83.9041700601057,"[{""adm1_code"":25377,""adm1_name"":""Kolubarski""},{""adm1_code"":25381,""adm1_name"":""Macvanski""},{""adm1_code"":25382,""adm1_name"":""Moravicki""},{""adm1_code"":25388,""adm1_name"":""Pomoravski""},{""adm1_code"":25390,""adm1_name"":""Rasinski""},{""adm1_code"":25391,""adm1_name"":""Raski""},{""adm1_code"":25396,""adm1_name"":""Sumadijski""},{""adm1_code"":25397,""adm1_name"":""Toplicki""}]",2019-06-21,2023-09-25
2019-0287-BIH,No,nat-hyd-flo-flo,Natural,Hydrological,Flood,Flood (General),,,BIH,Bosnia and Herzegovina,Southern Europe,Europe,Tuzla,Heavy rains,"Slide (land, mud, snow, rock)",No,No,Yes,,27244.66,Km2,44.089,19.298,,2019,6,1,2019,6,25,,,159,,159,,,,,,,83.9041700601057,"[{""adm2_code"":6317,""adm2_name"":""Tuzla""}]",2019-06-25,2023-09-25
2019-0294-RUS,No,nat-hyd-flo-flo,Natural,Hydrological,Flood,Flood (General),DFO:4777,,RUS,Russian Federation,Eastern Europe,Europe,"Taishetsky, Nizhneudinsky, Tulunsky and Chunsky districts (Irkutsk Oblast; south-east Siberian Federal District)",Heavy rains,,No,No,No,,413323.05,Km2,58.911,102.485,,2019,6,28,2019,7,3,31,190,33000,,33190,,,,,460000,548245,83.9041700601057,"[{""adm1_code"":2506,""adm1_name"":""Irkutskaya Oblast""}]",2019-07-05,2023-09-25
2019-0296-BEL,No,nat-met-ext-hea,Natural,Meteorological,Extreme temperature,Heat wave,,,BEL,Belgium,Western Europe,Europe,,,,No,No,No,,35,°C,,,,2019,6,21,2019,7,1,128,,,,,,,,,,,83.9041700601057,"[{""adm1_code"":600,""adm1_name"":""Region de Bruxelles-Capitale / Brussels Hoofdstedelijk Gewes""},{""adm1_code"":601,""adm1_name"":""Vlaams Gewest""},{""adm1_code"":602,""adm1_name"":""Region wallonne""}]",2020-01-13,2025-02-25
2019-0296-DEU,No,nat-met-ext-hea,Natural,Meteorological,Extreme temperature,Heat wave,,,DEU,Germany,Western Europe,Europe,,,,No,No,No,,38.6,°C,,,,2019,6,24,2019,6,30,4,,,,,,,,,,,83.9041700601057,"[{""adm1_code"":1308,""adm1_name"":""Baden-Wuerttemberg""}]",2020-01-13,2023-09-25
2019-0296-ESP,No,nat-met-ext-hea,Natural,Meteorological,Extreme temperature,Heat wave,,,ESP,Spain,Southern Europe,Europe,"Cordoba, Valladolid",,,No,No,No,,,°C,,,,2019,6,26,2019,6,30,2,,,,,,,,,,,83.9041700601057,"[{""adm2_code"":25778,""adm2_name"":""Córdoba""},{""adm2_code"":25799,""adm2_name"":""Valladolid""}]",2019-07-05,2023-09-25
2019-0296-FRA,No,nat-met-ext-hea,Natural,Meteorological,Extreme temperature,Heat wave,,,FRA,France,Western Europe,Europe,"Vaucluse, Bouches-du-Rhône, Hérault, Gard",,,No,No,No,,46,°C,,,,2019,6,24,2019,7,7,567,,,,,,,,,,,83.9041700601057,"[{""adm2_code"":16287,""adm2_name"":""Herault""}]",2019-07-05,2023-09-25
2019-0296-GBR,No,nat-met-ext-hea,Natural,Meteorological,Extreme temperature,Heat wave,,,GBR,United Kingdom of Great Britain and Northern Ireland,Northern Europe,Europe,"Cornwall, Manchester",,,No,No,No,,,°C,,,,2019,6,26,2019,6,30,5,,,,,,,,,,,83.9041700601057,"[{""adm2_code"":40101,""adm2_name"":""Cornwall""},{""adm2_code"":40111,""adm2_name"":""Greater Manchest""}]",2019-07-05,2023-09-25
2019-0296-ITA,No,nat-met-ext-hea,Natural,Meteorological,Extreme temperature,Heat wave,,,ITA,Italy,Southern Europe,Europe,"Marche Region, Veneto Region, Milan",,,No,No,No,,,°C,,,,2019,6,26,2019,6,30,3,,,,,,,,,,,83.9041700601057,"[{""adm1_code"":1625,""adm1_name"":""Marche""},{""adm1_code"":1635,""adm1_name"":""Veneto""},{""adm2_code"":18363,""adm2_name"":""Milano""}]",2019-07-05,2023-09-25
2019-0301-ESP,No,nat-hyd-flo-fla,Natural,Hydrological,Flood,Flash flood,,,ESP,Spain,Southern Europe,Europe,"Tafalla, Ezprogui (Autonomous Community of Navarre)",Heavy rains,Storm,No,No,Yes,,,Km2,,,Cidacos River,2019,7,8,2019,7,8,1,,,,,,,,,,,83.9041700601057,"[{""adm1_code"":2732,""adm1_name"":""Comunidad Foral de Navarra""}]",2019-07-09,2023-09-25
2019-0315-GRC,No,nat-met-sto-tor,Natural,Meteorological,Storm,Tornado,,,GRC,Greece,Southern Europe,Europe,Chalkidiki peninsula (Central Macedonia Region),,,No,No,No,,,Kph,,,,2019,7,10,2019,7,10,7,123,,,123,,,,,,,83.9041700601057,"[{""adm2_code"":16697,""adm2_name"":""Chalkidikis""}]",2019-07-11,2025-03-18
2019-0318-HUN,No,nat-met-sto-sto,Natural,Meteorological,Storm,Storm (General),GLIDE:FL-2019-000075,,HUN,Hungary,Eastern Europe,Europe,"Pusztadobos, Nyírmada, Nyírkarász, Kocsord municipaliaties",,,No,No,No,,,Kph,,,,2019,6,27,2019,6,27,,,150000,,150000,,,,,,,83.9041700601057,"[{""adm1_code"":1455,""adm1_name"":""Szabolcs-szatmar-bereg""}]",2019-07-11,2023-09-25
2019-0324-RUS,No,tec-tra-roa-roa,Technological,Transport,Road,Road,,,RUS,Russian Federation,Eastern Europe,Europe,Siberia,,,No,No,No,,,,,,,2019,7,12,2019,7,12,10,,,,,,,,,,,83.9041700601057,,2019-07-12,2023-09-25
2019-0339-RUS,No,tec-tra-wat-wat,Technological,Transport,Water,Water,,Sub-marine,RUS,Russian Federation,Eastern Europe,Europe,Mourmansk region,,,No,No,No,,,,,,,2019,7,1,2019,7,1,14,,,,,,,,,,,83.9041700601057,,2019-07-15,2023-09-25
2019-0366-AUT,No,nat-met-ext-hea,Natural,Meteorological,Extreme temperature,Heat wave,,,AUT,Austria,Western Europe,Europe,,,,No,No,No,,,°C,,,,2019,7,24,2019,7,26,1,,,,,,,,,,,83.9041700601057,,2019-07-29,2025-03-18
2019-0366-BEL,No,nat-met-ext-hea,Natural,Meteorological,Extreme temperature,Heat wave,,,BEL,Belgium,Western Europe,Europe,,,,No,No,No,,40.6,°C,,,,2019,7,19,2019,7,27,400,,,,,,,,,,,83.9041700601057,,2019-07-29,2025-03-18
2019-0366-DEU,No,nat-met-ext-hea,Natural,Meteorological,Extreme temperature,Heat wave,,,DEU,Germany,Western Europe,Europe,,,,No,No,No,,41.5,°C,,,,2019,7,24,2019,7,25,,,,,,,,,,,,83.9041700601057,,2019-07-29,2025-03-18
2019-0366-FRA,No,nat-met-ext-hea,Natural,Meteorological,Extreme temperature,Heat wave,,,FRA,France,Western Europe,Europe,Toute la France métropolitaine (excepté l'ouest de la Bretagne et la Corse),,,No,No,No,,43.6,°C,,,,2019,7,21,2019,7,27,868,,,,,,,,,,,83.9041700601057,"[{""adm1_code"":1248,""adm1_name"":""Alsace""},{""adm1_code"":1249,""adm1_name"":""Aquitaine""},{""adm1_code"":1250,""adm1_name"":""Auvergne""},{""adm1_code"":1251,""adm1_name"":""Basse-Normandie""},{""adm1_code"":1252,""adm1_name"":""Bourgogne""},{""adm1_code"":1254,""adm1_name"":""Centre""},{""adm1_code"":1255,""adm1_name"":""Champagne-Ardenne""},{""adm1_code"":1257,""adm1_name"":""Franche-Comte""},{""adm1_code"":1258,""adm1_name"":""Haute-Normandie""},{""adm1_code"":1259,""adm1_name"":""Ile-de-France""},{""adm1_code"":1260,""adm1_name"":""Languedoc-Rousillon""},{""adm1_code"":1262,""adm1_name"":""Limousin""},{""adm1_code"":1263,""adm1_name"":""Lorraine""},{""adm1_code"":1264,""adm1_name"":""Midi-Pyrenees""},{""adm1_code"":1265,""adm1_name"":""Nord-Pas-de-Calais""},{""adm1_code"":1266,""adm1_name"":""Pays-de-la-Loire""},{""adm1_code"":1267,""adm1_name"":""Picardie""},{""adm1_code"":1268,""adm1_name"":""Poitou-Charentes""},{""adm1_code"":1269,""adm1_name"":""Provence-Alpes-Cote-d'Azur""},{""adm1_code"":1270,""adm1_name"":""Rhone-Alpes""},{""adm2_code"":16256,""adm2_name"":""Cotes-d'Armor""},{""adm2_code"":16258,""adm2_name"":""Ille-et-Vilaine""},{""adm2_code"":16259,""adm2_name"":""Morbihan""}]",2019-07-29,2025-03-18
2019-0366-NLD,No,nat-met-ext-hea,Natural,Meteorological,Extreme temperature,Heat wave,,,NLD,Netherlands (Kingdom of the),Western Europe,Europe,,,,No,No,No,,40.4,°C,,,,2019,7,22,2019,7,27,400,,,,,,,,,,,83.9041700601057,,2019-07-29,2025-03-18
2019-0375-NOR,No,nat-hyd-mmw-lan,Natural,Hydrological,Mass movement (wet),Landslide (wet),,,NOR,Norway,Northern Europe,Europe,"Jølster Municipality (Sogn og Fjordane County, south-western Norway)",,,No,No,No,,,,,,,2019,7,30,2019,7,30,1,,150,,150,,,,,,,83.9041700601057,"[{""adm2_code"":23480,""adm2_name"":""Joelster""}]",2019-08-02,2023-09-25
2019-0378-RUS,No,nat-cli-wil-for,Natural,Climatological,Wildfire,Forest fire,,,RUS,Russian Federation,Eastern Europe,Europe,"Yakoutia (aka Sakha Rep.), Krasnoïarsk, Irkoutsk (Siberia)",,,No,No,No,,,Km2,,,,2019,7,,2019,8,,,,,,,,,,,106000,126335,83.9041700601057,"[{""adm1_code"":2506,""adm1_name"":""Irkutskaya Oblast""},{""adm1_code"":2525,""adm1_name"":""Krasnoyarskiy Kray""},{""adm1_code"":2551,""adm1_name"":""Sakha Rep.""}]",2019-08-05,2023-09-25
2019-0388-FRA,No,nat-met-sto-tor,Natural,Meteorological,Storm,Tornado,,,FRA,France,Western Europe,Europe,Meurthe-et-Moselle,,,No,No,No,,,Kph,,,,2019,8,9,2019,8,9,,,90,,90,,,,,,,83.9041700601057,"[{""adm2_code"":16294,""adm2_name"":""Meurthe-et-Moselle""}]",2019-08-16,2023-09-25
2019-0388-LUX,No,nat-met-sto-tor,Natural,Meteorological,Storm,Tornado,,,LUX,Luxembourg,Western Europe,Europe,"Pétange, Käerjeng",,,No,No,No,,,Kph,,,,2019,8,9,2019,8,9,,19,1500,,1519,,,112000,133486,,,83.9041700601057,"[{""adm2_code"":19180,""adm2_name"":""Capellen""},{""adm2_code"":19181,""adm2_name"":""Esch-sur-alzette""}]",2019-08-16,2023-09-25
2019-0396-POL,No,nat-met-sto-sev,Natural,Meteorological,Storm,Severe weather,,,POL,Poland,Eastern Europe,Europe,Tatra mountains,,Lightening,No,No,No,,,Kph,,,,2019,8,22,2019,8,22,4,157,,,157,,,,,,,83.9041700601057,"[{""adm2_code"":24417,""adm2_name"":""Zakopane""}]",2019-08-27,2023-09-25
2019-0396-SVK,No,nat-met-sto-sev,Natural,Meteorological,Storm,Severe weather,,,SVK,Slovakia,Eastern Europe,Europe,Tatra moutains,,,No,No,No,,,Kph,,,,2019,8,22,2019,8,22,1,,,,,,,,,,,83.9041700601057,"[{""adm2_code"":25472,""adm2_name"":""Poprad""},{""adm2_code"":25500,""adm2_name"":""Liptovsky Mikulas""},{""adm2_code"":25505,""adm2_name"":""Tvrdosin""}]",2019-08-27,2023-09-25
2019-0413-ESP,No,nat-hyd-flo-flo,Natural,Hydrological,Flood,Flood (General),DFO:4796,,ESP,Spain,Southern Europe,Europe,"Valencia, Alicante, Murcia, Albacete, eastern Andalucía, Balearic Islands",,Storm,No,No,Yes,,9114.7,Km2,38.05,-1.091,,2019,9,11,2019,9,16,7,,3500,,3500,,,655000,780652,2500000,2979590,83.9041700601057,"[{""adm1_code"":2716,""adm1_name"":""Andalucía""},{""adm1_code"":2719,""adm1_name"":""Illes Balears""},{""adm1_code"":2731,""adm1_name"":""Región de Murcia""},{""adm2_code"":25801,""adm2_name"":""Albacete""},{""adm2_code"":25811,""adm2_name"":""Alicante/Alacant""},{""adm2_code"":25813,""adm2_name"":""Valencia/València""}]",2019-09-17,2023-09-25
2019-0432-RUS,No,nat-hyd-flo-flo,Natural,Hydrological,Flood,Flood (General),,,RUS,Russian Federation,Eastern Europe,Europe,Primorsky Territory,Heavy rains,,No,No,Yes,,,Km2,,,,2019,8,28,2019,8,31,,,10000,,10000,,,,,18000,21453,83.9041700601057,"[{""adm1_code"":2547,""adm1_name"":""Primorskiy Kray""}]",2019-09-20,2023-09-25
2019-0444-ALB,No,nat-geo-ear-gro,Natural,Geophysical,Earthquake,Ground movement,,,ALB,Albania,Southern Europe,Europe,"Durres, Tirana Counties",,,No,No,No,,5.6,Moment Magnitude,41.381,19.454,,2019,9,21,2019,9,21,,108,4500,,4608,,,,,45000,53633,83.9041700601057,"[{""adm1_code"":310,""adm1_name"":""Durres""},{""adm1_code"":338,""adm1_name"":""Tirane""}]",2019-09-24,2023-09-25
2019-0468-RUS,No,nat-hyd-flo-flo,Natural,Hydrological,Flood,Flood (General),,,RUS,Russian Federation,Eastern Europe,Europe,"Khabarovsk territory, Amur region (Far East Federal district); Irkutsk region (Siberia district)",,,No,No,No,,,Km2,,,,2019,7,25,2019,7,31,,,7000,,7000,,,,,8000,9535,83.9041700601057,"[{""adm1_code"":2491,""adm1_name"":""Amurskaya Oblast""},{""adm1_code"":2506,""adm1_name"":""Irkutskaya Oblast""},{""adm1_code"":2516,""adm1_name"":""Khabarovskiy Kray""}]",2019-10-02,2023-09-25
2019-0487-RUS,No,nat-hyd-flo-flo,Natural,Hydrological,Flood,Flood (General),,,RUS,Russian Federation,Eastern Europe,Europe,Kuragino village (Krasnoyarsk),,Broken Dam/Burst bank|Collapse,No,No,No,,,Km2,,,,2019,10,19,2019,10,19,28,14,,,14,,,,,,,83.9041700601057,"[{""adm1_code"":2525,""adm1_name"":""Krasnoyarskiy Kray""}]",2019-10-22,2023-09-25
2019-0497-ESP,No,nat-hyd-flo-flo,Natural,Hydrological,Flood,Flood (General),,,ESP,Spain,Southern Europe,Europe,"Barcelona, Tarragona ,Girona (Catalogna)",Heavy rains,"Slide (land, mud, snow, rock)",No,No,No,,,Km2,,,,2019,10,22,2019,10,23,5,3,70,,73,,,,,,,83.9041700601057,"[{""adm2_code"":25806,""adm2_name"":""Barcelona""},{""adm2_code"":25807,""adm2_name"":""Girona""},{""adm2_code"":25809,""adm2_name"":""Tarragona""}]",2019-10-23,2025-03-18
2019-0505-FRA,No,nat-hyd-flo-flo,Natural,Hydrological,Flood,Flood (General),,,FRA,France,Western Europe,Europe,"Hérault, Gard, Pyrénées-Orientales",,,No,No,No,,,Km2,,,,2019,10,21,2019,10,24,3,,1000,,1000,,,,,,,83.9041700601057,"[{""adm2_code"":16286,""adm2_name"":""Gard""},{""adm2_code"":16287,""adm2_name"":""Herault""},{""adm2_code"":16289,""adm2_name"":""Pyrenees-Orientales""}]",2019-10-24,2024-10-25
2019-0511-ROU,No,tec-tra-roa-roa,Technological,Transport,Road,Road,,,ROU,Romania,Eastern Europe,Europe,Between Slobozia and Urziceni,,,No,No,No,,,,,,,2019,10,5,2019,10,5,10,7,,,7,,,,,,,83.9041700601057,,2019-10-28,2023-09-25
2019-0512-ITA,No,tec-tra-wat-wat,Technological,Transport,Water,Water,,Migrants,ITA,Italy,Southern Europe,Europe,Lampedusa,,,No,No,No,,,,,,,2019,10,7,2019,10,7,23,,22,,22,,,,,,,83.9041700601057,,2019-10-28,2023-09-25
2019-0533-ESP,No,nat-met-sto-ext,Natural,Meteorological,Storm,Extra-tropical storm,,Storm 'Amelie',ESP,Spain,Southern Europe,Europe,Mallorca (Balearic Islands),,,No,No,No,,,Kph,,,,2019,10,28,2019,11,3,1,,,,,,,,,,,83.9041700601057,"[{""adm1_code"":2719,""adm1_name"":""Illes Balears""}]",2019-11-05,2023-09-25
2019-0533-FRA,No,nat-met-sto-ext,Natural,Meteorological,Storm,Extra-tropical storm,,Storm 'Amelie',FRA,France,Western Europe,Europe,"Alpes-Maritimes Department; Nouvelle Aquitaine, Pays de la Loire, Auvergne, Occitanie",,"Flood|Slide (land, mud, snow, rock)",No,No,No,,163,Kph,,,,2019,10,28,2019,11,3,1,4,50,,54,,,,,,,83.9041700601057,"[{""adm1_code"":1249,""adm1_name"":""Aquitaine""},{""adm1_code"":1250,""adm1_name"":""Auvergne""},{""adm1_code"":1260,""adm1_name"":""Languedoc-Rousillon""},{""adm1_code"":1262,""adm1_name"":""Limousin""},{""adm1_code"":1264,""adm1_name"":""Midi-Pyrenees""},{""adm1_code"":1266,""adm1_name"":""Pays-de-la-Loire""},{""adm1_code"":1268,""adm1_name"":""Poitou-Charentes""},{""adm2_code"":16321,""adm2_name"":""Alpes-maritimes""}]",2019-11-05,2023-09-25
2019-0533-ITA,No,nat-met-sto-ext,Natural,Meteorological,Storm,Extra-tropical storm,,Storm 'Amelie',ITA,Italy,Southern Europe,Europe,"Liguria, Tuscany, Campania",,"Flood|Slide (land, mud, snow, rock)",No,No,No,,,Kph,,,,2019,11,3,2019,11,3,,,12,,12,,,,,,,83.9041700601057,"[{""adm1_code"":1619,""adm1_name"":""Campania""},{""adm1_code"":1623,""adm1_name"":""Liguria""},{""adm1_code"":1631,""adm1_name"":""Toscana""}]",2019-11-05,2023-09-25
2019-0543-ITA,No,nat-met-sto-sev,Natural,Meteorological,Storm,Severe weather,,,ITA,Italy,Southern Europe,Europe,Albano Laziale (Lazio Region); Emilia-Romagna; Martello Municipality (Trentino-South Tyrol Region); Tuscany; Venice,,"Flood|Slide (land, mud, snow, rock)",No,No,Yes,,,Kph,,,,2019,11,12,2019,11,18,2,,200,,200,,,,,,,83.9041700601057,"[{""adm1_code"":1620,""adm1_name"":""Emilia-romagna""},{""adm1_code"":1622,""adm1_name"":""Lazio""},{""adm1_code"":1631,""adm1_name"":""Toscana""},{""adm1_code"":1632,""adm1_name"":""Trentino-alto Adige""},{""adm1_code"":1635,""adm1_name"":""Veneto""}]",2019-11-19,2023-09-25
2019-0551-FRA,No,nat-geo-ear-gro,Natural,Geophysical,Earthquake,Ground movement,,,FRA,France,Western Europe,Europe,Auvergne-Rhône-Alpes region,,,No,No,No,,5.3,Moment Magnitude,,,,2019,11,11,2019,11,11,,4,750,,754,,,,,,,83.9041700601057,"[{""adm1_code"":1250,""adm1_name"":""Auvergne""},{""adm1_code"":1270,""adm1_name"":""Rhone-Alpes""}]",2019-11-19,2023-09-25
2019-0558-FRA,No,nat-met-sto-sev,Natural,Meteorological,Storm,Severe weather,,,FRA,France,Western Europe,Europe,"Var, Alpes Maritimes, Puy de Dome departments.",,Flood,No,No,No,,,Kph,,,,2019,11,23,2019,11,24,5,,625,,625,,,,,315000,375428,83.9041700601057,"[{""adm2_code"":16248,""adm2_name"":""Puy-de-Dome""},{""adm2_code"":16321,""adm2_name"":""Alpes-maritimes""},{""adm2_code"":16324,""adm2_name"":""Var""}]",2019-11-25,2023-09-25
2019-0558-ITA,No,nat-met-sto-sev,Natural,Meteorological,Storm,Severe weather,,,ITA,Italy,Southern Europe,Europe,"Piedmont, Liguria, Aosta Valley, Lombardy, Campania, Calabria regions",,"Slide (land, mud, snow, rock)|Surge",No,No,No,,,Kph,,,,2019,11,23,2019,11,24,,,,,,,,,,,,83.9041700601057,"[{""adm1_code"":1618,""adm1_name"":""Calabria""},{""adm1_code"":1619,""adm1_name"":""Campania""},{""adm1_code"":1623,""adm1_name"":""Liguria""},{""adm1_code"":1624,""adm1_name"":""Lombardia""},{""adm1_code"":1627,""adm1_name"":""Piemonte""},{""adm1_code"":1634,""adm1_name"":""Valle D'aosta""}]",2019-11-25,2023-09-25
2019-0567-SVK,No,tec-tra-roa-roa,Technological,Transport,Road,Road,,,SVK,Slovakia,Eastern Europe,Europe,Near Nitrianske Hrnciarovce,,,No,No,No,,,,,,,2019,11,13,2019,11,13,13,20,,,20,,,,,,,83.9041700601057,,2019-11-25,2023-09-25
2019-0568-GBR,No,nat-hyd-flo-flo,Natural,Hydrological,Flood,Flood (General),,,GBR,United Kingdom of Great Britain and Northern Ireland,Northern Europe,Europe,"South Yorkhire, Nottinghamshire, Derbyshire,",,,No,No,No,,,Km2,,,,2019,11,7,2019,11,8,1,,100,,100,,,142000,169241,,,83.9041700601057,"[{""adm2_code"":40103,""adm2_name"":""Derbyshire""},{""adm2_code"":40126,""adm2_name"":""Nottinghamshire""},{""adm2_code"":40130,""adm2_name"":""South Yorkshire""}]",2019-11-25,2024-10-25
2019-0572-ALB,No,nat-geo-ear-gro,Natural,Geophysical,Earthquake,Ground movement,GLIDE:EQ-2019-000157,,ALB,Albania,Southern Europe,Europe,"Durrës, Kruje, Tiranë, Lezhë",,,No,No,No,,6.4,Moment Magnitude,41.511,19.522,,2019,11,26,2019,11,26,51,913,202000,,202913,,,,,700000,834285,83.9041700601057,"[{""adm1_code"":310,""adm1_name"":""Durres""},{""adm1_code"":319,""adm1_name"":""Kruje""},{""adm1_code"":323,""adm1_name"":""Lezhe""},{""adm1_code"":338,""adm1_name"":""Tirane""}]",2019-11-26,2023-09-25
2019-0576-FRA,No,nat-hyd-flo-flo,Natural,Hydrological,Flood,Flood (General),,,FRA,France,Western Europe,Europe,"Var, Alpes-Maritimes, Bouches-du-Rhone, Alpes-de-Haute-Provence (Provence-Alpes-Côte d'Azur Region)",,"Slide (land, mud, snow, rock)",No,No,No,,,Km2,,,,2019,11,30,2019,12,2,5,2,100,,102,,,,,,,83.9041700601057,"[{""adm2_code"":16321,""adm2_name"":""Alpes-maritimes""},{""adm2_code"":16324,""adm2_name"":""Var""}]",2019-12-04,2023-09-25
2019-0586-UKR,No,tec-mis-fir-fir,Technological,Miscellaneous accident,Fire (Miscellaneous),Fire (Miscellaneous),,Building,UKR,Ukraine,Eastern Europe,Europe,Odessa,,,No,No,No,,,,,,,2019,12,5,2019,12,5,15,27,,,27,,,,,,,83.9041700601057,,2019-12-05,2023-09-25
2019-0590-RUS,No,tec-tra-roa-roa,Technological,Transport,Road,Road,,,RUS,Russian Federation,Eastern Europe,Europe,Zabaïkalsk region (Sibérie),,,No,No,No,,,,,,,2019,12,1,2019,12,1,19,21,,,21,,,,,,,83.9041700601057,,2019-12-05,2023-09-25
2019-0604-SVK,No,tec-mis-exp-exp,Technological,Miscellaneous accident,Explosion (Miscellaneous),Explosion (Miscellaneous),,Building,SVK,Slovakia,Eastern Europe,Europe,Presov,,Fire,No,No,No,,,,,,,2019,12,6,2019,12,6,11,20,,,20,,,,,,,83.9041700601057,,2019-12-10,2023-09-25
2019-0621-FRA,No,nat-met-sto-sto,Natural,Meteorological,Storm,Storm (General),,,FRA,France,Western Europe,Europe,"Pyrénées-Atlantiques, Landes, Lot-et-Garonne, Gironde, Gers departments",,Flood,No,No,No,,,Kph,,,,2019,12,12,2019,12,17,2,13,600,,613,,,,,100000,119184,83.9041700601057,"[{""adm2_code"":16241,""adm2_name"":""Gironde""},{""adm2_code"":16242,""adm2_name"":""Landes""},{""adm2_code"":16243,""adm2_name"":""Lot-et-Garonne""},{""adm2_code"":16244,""adm2_name"":""Pyrenees-Atlantique""},{""adm2_code"":16300,""adm2_name"":""Gers""}]",2019-12-16,2023-09-25
2019-0626-ESP,No,nat-met-sto-ext,Natural,Meteorological,Storm,Extra-tropical storm,,"Elsa, Fabien",ESP,Spain,Southern Europe,Europe,Catalogne,,,No,No,No,,,Kph,,,,2019,12,19,2019,12,22,7,,,,,,,,,,,83.9041700601057,"[{""adm1_code"":2724,""adm1_name"":""Cataluña/Catalunya""}]",2019-12-23,2023-09-25
2019-0626-FRA,No,nat-met-sto-ext,Natural,Meteorological,Storm,Extra-tropical storm,,"Elsa, Fabien",FRA,France,Western Europe,Europe,"Corse,Dordogne, Cote d'Azur",,,No,No,No,,206,Kph,,,,2019,12,19,2019,12,22,,4,,,4,,,,,,,83.9041700601057,"[{""adm1_code"":1256,""adm1_name"":""Corse""},{""adm2_code"":16240,""adm2_name"":""Dordogne""},{""adm2_code"":16321,""adm2_name"":""Alpes-maritimes""}]",2019-12-23,2023-09-25
2019-0626-PRT,No,nat-met-sto-ext,Natural,Meteorological,Storm,Extra-tropical storm,,"Elsa, Fabien",PRT,Portugal,Southern Europe,Europe,"Montijo, Castro Daire, Águeda, Amarante, Chaves, Lisbon, Porto",,,No,No,No,,,Kph,,,,2019,12,19,2019,12,22,3,,51,,51,,,,,,,83.9041700601057,"[{""adm1_code"":2406,""adm1_name"":""Lisboa""},{""adm1_code"":2408,""adm1_name"":""Porto""},{""adm2_code"":24657,""adm2_name"":""Agueda""},{""adm2_code"":24900,""adm2_name"":""Montijo""},{""adm2_code"":24919,""adm2_name"":""Chaves""},{""adm2_code"":24933,""adm2_name"":""Castro Daire""}]",2019-12-23,2024-08-27
2019-0650-BEL,No,nat-met-ext-hea,Natural,Meteorological,Extreme temperature,Heat wave,,,BEL,Belgium,Western Europe,Europe,,,,No,No,No,,35,°C,,,,2019,8,23,2019,8,29,188,,,,,,,,,,,83.9041700601057,,2020-01-13,2023-09-25
2019-0650-GBR,No,nat-met-ext-hea,Natural,Meteorological,Extreme temperature,Heat wave,,,GBR,United Kingdom of Great Britain and Northern Ireland,Northern Europe,Europe,,,,No,No,No,,38.7,°C,,,,2019,7,21,2019,8,28,161,,,,,,,,,,,83.9041700601057,,2020-04-06,2023-09-25
2020-0013-GRC,No,tec-tra-wat-wat,Technological,Transport,Water,Water,,Migrants,GRC,Greece,Southern Europe,Europe,Near Paxi Isl.,,,No,No,No,,,,,,,2020,1,11,2020,1,11,12,,,,,,,,,,,84.9391981293886,,2020-01-13,2023-09-25
2020-0020-ESP,No,nat-met-sto-ext,Natural,Meteorological,Storm,Extra-tropical storm,DFO:4862,'Gloria',ESP,Spain,Southern Europe,Europe,"Gandia, Moixent Municipalities (Valencia Province); Avila Province; Asturias Region; Alicante; Almería provinces, Balearic Islands, Girona province, Catalonia, Aragón Murcia,eastern Andalusia",,,No,No,No,,100,Kph,,,,2020,1,19,2020,1,21,17,,2000,,2000,,,84000,98894,315000,370854,84.9391981293886,"[{""adm1_code"":2717,""adm1_name"":""Aragón""},{""adm1_code"":2719,""adm1_name"":""Illes Balears""},{""adm1_code"":2724,""adm1_name"":""Cataluña/Catalunya""},{""adm1_code"":2731,""adm1_name"":""Región de Murcia""},{""adm2_code"":25776,""adm2_name"":""Almería""},{""adm2_code"":25779,""adm2_name"":""Granada""},{""adm2_code"":25781,""adm2_name"":""Jaén""},{""adm2_code"":25787,""adm2_name"":""Asturias""},{""adm2_code"":25792,""adm2_name"":""Ávila""},{""adm2_code"":25811,""adm2_name"":""Alicante/Alacant""},{""adm2_code"":25813,""adm2_name"":""Valencia/València""}]",2020-01-22,2023-09-25
2020-0020-FRA,No,nat-met-sto-ext,Natural,Meteorological,Storm,Extra-tropical storm,DFO:4862,'Gloria',FRA,France,Western Europe,Europe,"Pyrénées-Orientales, Aude, Ariège, and Haute-Garonne departments",,,No,No,No,,,Kph,,,,2020,1,21,2020,1,23,,,1750,,1750,,,,,,,84.9391981293886,"[{""adm2_code"":16289,""adm2_name"":""Pyrenees-Orientales""},{""adm2_code"":16290,""adm2_name"":""Aude""},{""adm2_code"":16298,""adm2_name"":""Ariege""},{""adm2_code"":16301,""adm2_name"":""Haute-Garonne""}]",2020-01-23,2025-02-27
2020-0026-RUS,No,tec-mis-fir-fir,Technological,Miscellaneous accident,Fire (Miscellaneous),Fire (Miscellaneous),,Houses,RUS,Russian Federation,Eastern Europe,Europe,Tomsk (Siberia),,,No,No,No,,,,,,,2020,1,21,2020,1,21,11,,,,,,,,,,,84.9391981293886,,2020-01-23,2023-09-25
2020-0051-BEL,No,nat-met-sto-ext,Natural,Meteorological,Storm,Extra-tropical storm,,Storm 'Ciara' (Sabine),BEL,Belgium,Western Europe,Europe,,,,No,No,No,,,Kph,,,,2020,2,9,2020,2,9,,,,,,,,,,,,84.9391981293886,"[{""adm1_code"":600,""adm1_name"":""Region de Bruxelles-Capitale / Brussels Hoofdstedelijk Gewes""},{""adm1_code"":601,""adm1_name"":""Vlaams Gewest""},{""adm1_code"":602,""adm1_name"":""Region wallonne""}]",2020-02-10,2025-03-18
2020-0051-CZE,No,nat-met-sto-ext,Natural,Meteorological,Storm,Extra-tropical storm,,Storm 'Ciara' (Sabine),CZE,Czechia,Eastern Europe,Europe,"Prague; Vyso?ina (Centre), Plze? (Bohême de l’Ouest)",,,No,No,No,,,Kph,,,,2020,2,7,2020,2,8,1,5,,,5,,,,,,,84.9391981293886,"[{""adm1_code"":1031,""adm1_name"":""Jihomoravsky""},{""adm1_code"":1032,""adm1_name"":""Praha""},{""adm1_code"":1036,""adm1_name"":""Vychodocesky""},{""adm1_code"":1037,""adm1_name"":""Zapadocesky""}]",2020-02-12,2025-03-18
2020-0051-DEU,No,nat-met-sto-ext,Natural,Meteorological,Storm,Extra-tropical storm,,Storm 'Ciara' (Sabine),DEU,Germany,Western Europe,Europe,"Kiel, Kölln, Frankfurt, Sarrebruck, Paderborn",,,No,No,No,,,Kph,,,,2020,2,9,2020,2,9,,33,,,33,,,,,,,84.9391981293886,"[{""adm1_code"":1319,""adm1_name"":""Saarland""},{""adm1_code"":1322,""adm1_name"":""Schleswig-Holstein""},{""adm2_code"":16541,""adm2_name"":""Darmstadt""},{""adm2_code"":16550,""adm2_name"":""Detmold""},{""adm2_code"":16552,""adm2_name"":""Koeln""}]",2020-02-10,2025-03-18
2020-0051-FRA,No,nat-met-sto-ext,Natural,Meteorological,Storm,Extra-tropical storm,,Storm 'Ciara' (Sabine),FRA,France,Western Europe,Europe,"Aisne, Ardennes, Aube, Calvados, Côtes-d’Armor, Eure, Eure-et-Loir, Finistère, lLoire-Atlantique, Loiret, Manche, Marne, Haute-Marne, lMeurthe-et-Moselle, lMeuse, lMorbihan, lMoselle, Nord, Oise, Orne, lPas-de-Calais, lBas-Rhin, le Haut-Rhin, Paris, lSeine-Maritime, lSeine-et-Marne, Yvelines, Somme, Vosges, Yvonne, Essonne, Val-d’Oise; Corse;",,,No,No,No,,,Kph,,,,2020,2,8,2020,2,8,,31,,,31,,,,,,,84.9391981293886,"[{""adm1_code"":1256,""adm1_name"":""Corse""},{""adm2_code"":16238,""adm2_name"":""Bas-Rhin""},{""adm2_code"":16239,""adm2_name"":""Haut-Rhin""},{""adm2_code"":16249,""adm2_name"":""Calvados""},{""adm2_code"":16250,""adm2_name"":""Manche""},{""adm2_code"":16251,""adm2_name"":""Orne""},{""adm2_code"":16256,""adm2_name"":""Cotes-d'Armor""},{""adm2_code"":16257,""adm2_name"":""Finistere""},{""adm2_code"":16259,""adm2_name"":""Morbihan""},{""adm2_code"":16261,""adm2_name"":""Eure-et-Loir""},{""adm2_code"":16265,""adm2_name"":""Loiret""},{""adm2_code"":16266,""adm2_name"":""Ardennes""},{""adm2_code"":16267,""adm2_name"":""Aube""},{""adm2_code"":16268,""adm2_name"":""Haute-Marne""},{""adm2_code"":16269,""adm2_name"":""Marne""},{""adm2_code"":16276,""adm2_name"":""Eure""},{""adm2_code"":16277,""adm2_name"":""Seine-Maritime""},{""adm2_code"":16278,""adm2_name"":""Essonne""},{""adm2_code"":16280,""adm2_name"":""Paris""},{""adm2_code"":16281,""adm2_name"":""Seine-et-Marne""},{""adm2_code"":16283,""adm2_name"":""Val-d'Oise""},{""adm2_code"":16285,""adm2_name"":""Yvelines""},{""adm2_code"":16294,""adm2_name"":""Meurthe-et-Moselle""},{""adm2_code"":16295,""adm2_name"":""Meuse""},{""adm2_code"":16296,""adm2_name"":""Moselle""},{""adm2_code"":16297,""adm2_name"":""Vosges""},{""adm2_code"":16306,""adm2_name"":""Nord""},{""adm2_code"":16307,""adm2_name"":""Pas-de-Calais""},{""adm2_code"":16308,""adm2_name"":""Loire-Atlantique""},{""adm2_code"":16313,""adm2_name"":""Aisne""},{""adm2_code"":16314,""adm2_name"":""Oise""},{""adm2_code"":16315,""adm2_name"":""Somme""}]",2020-02-12,2025-03-18
2020-0051-GBR,No,nat-met-sto-ext,Natural,Meteorological,Storm,Extra-tropical storm,,Storm 'Ciara' (Sabine),GBR,United Kingdom of Great Britain and Northern Ireland,Northern Europe,Europe,"Needles (Isles of Wight); Honister Pass (Cumbria); Micheldever, Hampshire; Clydebank, West Dumbartonshire (Scotland); Woolton, Liverpool; Isle of Man; Ireland",,,No,No,No,,,Kph,,,,2020,2,8,2020,2,8,2,,,,,,,,,,,84.9391981293886,"[{""adm2_code"":40094,""adm2_name"":""Avon""},{""adm2_code"":40102,""adm2_name"":""Cumbria""},{""adm2_code"":40112,""adm2_name"":""Hampshire""},{""adm2_code"":40116,""adm2_name"":""Isle of Wight""},{""adm2_code"":40121,""adm2_name"":""Merseyside""},{""adm2_code"":40176,""adm2_name"":""Strathclyde""}]",2020-02-10,2025-03-18
2020-0051-IRL,No,nat-met-sto-ext,Natural,Meteorological,Storm,Extra-tropical storm,,Storm 'Ciara' (Sabine),IRL,Ireland,Northern Europe,Europe,"Geevagh (County Sligo), Riverstown (County Sligo), County Laois.",,,No,No,No,,,Kph,,,,2021,5,22,2021,5,22,,,,,,,,,,,,88.9294934772074,"[{""adm1_code"":1592,""adm1_name"":""Laois""},{""adm1_code"":1603,""adm1_name"":""Sligo""}]",2021-05-22,2025-03-18
2020-0051-ITA,No,nat-met-sto-ext,Natural,Meteorological,Storm,Extra-tropical storm,,Storm 'Ciara' (Sabine),ITA,Italy,Southern Europe,Europe,Traona (Lombardy),,,No,No,No,,,Kph,,,,2020,2,8,2020,2,9,1,,,,,,,,,,,84.9391981293886,"[{""adm2_code"":18365,""adm2_name"":""Sondrio""}]",2020-02-12,2025-03-18
2020-0051-POL,No,nat-met-sto-ext,Natural,Meteorological,Storm,Extra-tropical storm,,Storm 'Ciara' (Sabine),POL,Poland,Eastern Europe,Europe,Bukowina Tatrza?ska,,,No,No,No,,,Kph,,,,2020,2,8,2020,2,9,3,6,,,6,,,,,,,84.9391981293886,"[{""adm2_code"":24417,""adm2_name"":""Zakopane""}]",2020-02-11,2025-03-18
2020-0051-SVN,No,nat-met-sto-ext,Natural,Meteorological,Storm,Extra-tropical storm,,Storm 'Ciara' (Sabine),SVN,Slovenia,Southern Europe,Europe,North-East,,,No,No,No,,,Kph,,,,2020,2,7,2020,2,9,1,,,,,,,,,,,84.9391981293886,"[{""adm1_code"":2682,""adm1_name"":""Podravska""},{""adm1_code"":2683,""adm1_name"":""Pomurska""},{""adm1_code"":2684,""adm1_name"":""Savinjska""}]",2020-02-11,2025-03-18
2020-0051-SWE,No,nat-met-sto-ext,Natural,Meteorological,Storm,Extra-tropical storm,,Storm 'Ciara' (Sabine),SWE,Sweden,Northern Europe,Europe,South,,,No,No,No,,,Kph,,,,2020,2,7,2020,2,9,1,,,,,,,,,,,84.9391981293886,"[{""adm1_code"":2798,""adm1_name"":""Skaane Laen""}]",2020-02-11,2025-03-18
2020-0069-GBR,No,nat-hyd-flo-riv,Natural,Hydrological,Flood,Riverine flood,,,GBR,United Kingdom of Great Britain and Northern Ireland,Northern Europe,Europe,"East Cowick (East Yorkshire), Ironbridge area of Shropshire County (West Midlands), Lower Dee Valley (northern Wales)",Heavy rains,,No,No,No,,,Km2,,,"Aire, Severn rivers",2020,2,28,2020,2,28,,,480,,480,,,,,,,84.9391981293886,"[{""adm2_code"":40115,""adm2_name"":""Humberside""},{""adm2_code"":40136,""adm2_name"":""West Midlands""},{""adm2_code"":40179,""adm2_name"":""Clwyd""}]",2020-02-28,2024-04-12
2020-0106-HRV,No,nat-geo-ear-gro,Natural,Geophysical,Earthquake,Ground movement,GLIDE:EQ-2020-000040,,HRV,Croatia,Southern Europe,Europe,Zagreb,,,No,No,No,,5.4,Moment Magnitude,45.897,15.966,,2020,3,22,2020,3,22,1,27,60000,18915,78942,9450000,11125605,,,6800000,8005727,84.9391981293886,"[{""adm1_code"":990,""adm1_name"":""Grad Zagreb""},{""adm1_code"":1008,""adm1_name"":""Zagreb""}]",2020-03-26,2023-09-25
2020-0180-GRC,No,tec-mis-fir-fir,Technological,Miscellaneous accident,Fire (Miscellaneous),Fire (Miscellaneous),,Refugee camp,GRC,Greece,Southern Europe,Europe,Samos,,,No,No,No,,,,,,,2020,4,27,2020,4,27,,,,200,200,,,,,,,84.9391981293886,,2020-05-07,2023-09-25
2020-0202-FRA,No,nat-hyd-flo-riv,Natural,Hydrological,Flood,Riverine flood,,,FRA,France,Western Europe,Europe,"Gironde, Landes Departments, Ile de France Region",Heavy rains,,No,No,No,,,Km2,,,,2020,5,11,2020,5,11,,1,284,,285,,,,,,,84.9391981293886,"[{""adm1_code"":1259,""adm1_name"":""Ile-de-France""},{""adm2_code"":16241,""adm2_name"":""Gironde""},{""adm2_code"":16242,""adm2_name"":""Landes""}]",2020-05-13,2025-02-27
2020-0254-FRA,No,nat-hyd-flo-fla,Natural,Hydrological,Flood,Flash flood,,,FRA,France,Western Europe,Europe,"Ajaccio (Corsica); Salines, Cannes, Pietralba",Heavy rains,,No,No,No,,,Km2,,,,2020,6,10,2020,6,11,,,200,,200,,,,,,,84.9391981293886,"[{""adm2_code"":16270,""adm2_name"":""Corse-du-Sud""},{""adm2_code"":16271,""adm2_name"":""Haute-Corse""},{""adm2_code"":16321,""adm2_name"":""Alpes-maritimes""}]",2020-06-15,2024-10-25
2020-0273-POL,No,nat-hyd-flo-flo,Natural,Hydrological,Flood,Flood (General),DFO:4940,,POL,Poland,Eastern Europe,Europe,"Mazovian, Podkarpackie, Lesser Poland Provinces",,,No,No,No,,47884.2,Km2,51.154,22.49,,2020,6,29,2020,7,5,,,390,,390,,,,,,,84.9391981293886,"[{""adm1_code"":2375,""adm1_name"":""Malopolske""},{""adm1_code"":2376,""adm1_name"":""Mazowieckie""},{""adm1_code"":2378,""adm1_name"":""Podkarpackie""}]",2020-07-02,2023-09-25
2020-0283-UKR,No,nat-hyd-flo-flo,Natural,Hydrological,Flood,Flood (General),DFO:4941|GLIDE:FF-2020-000156,,UKR,Ukraine,Eastern Europe,Europe,"Verkhovyna District (Ivano-Frankivsk); Vyzhnytskyi District (Chernivtsi); Zakarpattya, Lviv, Temopil",Heavy rains,,No,Yes,No,,33791.16,Km2,49.315,30.061,,2020,6,22,2020,6,29,3,,55000,,55000,,,,,153861,181143,84.9391981293886,"[{""adm1_code"":3150,""adm1_name"":""Chernivets'ka""},{""adm1_code"":3153,""adm1_name"":""Ivano-frankivs'ka""}]",2020-07-03,2023-09-25
2020-0285-BIH,No,nat-hyd-flo-flo,Natural,Hydrological,Flood,Flood (General),GLIDE:FF-2020-000153,,BIH,Bosnia and Herzegovina,Southern Europe,Europe,Tuzla Canton,,"Slide (land, mud, snow, rock)",No,No,Yes,,,Km2,,,,2020,6,22,2020,6,23,,,15000,,15000,,,,,,,84.9391981293886,"[{""adm2_code"":6317,""adm2_name"":""Tuzla""}]",2020-07-03,2023-09-25
2020-0285-SRB,No,nat-hyd-flo-flo,Natural,Hydrological,Flood,Flood (General),GLIDE:FF-2020-000153,,SRB,Serbia,Southern Europe,Europe,Ivanjica Town (Moravica District),,"Slide (land, mud, snow, rock)",No,No,Yes,,,Km2,,,Ljubovidja River,2020,6,22,2020,6,23,,,2100,,2100,,,,,28000,32965,84.9391981293886,"[{""adm1_code"":25382,""adm1_name"":""Moravicki""}]",2020-07-03,2023-09-25
2020-0286-ROU,No,nat-hyd-flo-flo,Natural,Hydrological,Flood,Flood (General),,,ROU,Romania,Eastern Europe,Europe,"Bihor, Suceava, Vaslui",Heavy rains,,No,No,No,,,Km2,,,,2020,6,10,2020,6,26,3,,1161,,1161,,,,,85000,100072,84.9391981293886,"[{""adm1_code"":2450,""adm1_name"":""Bihor""},{""adm1_code"":2480,""adm1_name"":""Suceava""},{""adm1_code"":2484,""adm1_name"":""Vaslui""}]",2020-07-03,2023-09-25
2020-0318-UKR,No,nat-cli-wil-for,Natural,Climatological,Wildfire,Forest fire,,,UKR,Ukraine,Eastern Europe,Europe,Novoaidar district (Luhansk region),,,No,No,No,,,Km2,,,,2020,7,6,2020,7,6,5,,300,,300,,,,,162000,190725,84.9391981293886,"[{""adm1_code"":3161,""adm1_name"":""Luhans'ka""}]",2020-08-10,2023-09-25
2020-0331-GRC,No,nat-hyd-flo-flo,Natural,Hydrological,Flood,Flood (General),,,GRC,Greece,Southern Europe,Europe,"Politika, Psahna, Bourtzi, Lefkanti viallges (Eubée Isl.)",Heavy rains,,No,No,No,,,Km2,,,,2020,8,8,2020,8,9,8,,600,,600,,,,,30000,35319,84.9391981293886,"[{""adm2_code"":16716,""adm2_name"":""Evvoias""}]",2020-08-12,2023-09-25
2020-0334-CZE,No,tec-mis-fir-fir,Technological,Miscellaneous accident,Fire (Miscellaneous),Fire (Miscellaneous),,Building,CZE,Czechia,Eastern Europe,Europe,Bohumin,,,No,No,No,,,,,,,2020,8,8,2020,8,8,11,,,,,,,,,,,84.9391981293886,,2020-08-12,2023-09-25
2020-0349-UKR,No,nat-cli-wil-for,Natural,Climatological,Wildfire,Forest fire,,,UKR,Ukraine,Eastern Europe,Europe,"Stanychno-Luhansk, Novoaidar, Severodonetsk districts",,,No,No,No,,,Km2,,,,2020,9,30,2020,10,8,11,18,1650,,1668,,,,,,,84.9391981293886,"[{""adm1_code"":3161,""adm1_name"":""Luhans'ka""}]",2020-08-12,2023-09-25
2020-0365-ITA,No,nat-hyd-mmw-lan,Natural,Hydrological,Mass movement (wet),Landslide (wet),,,ITA,Italy,Southern Europe,Europe,"Chiareggio Locality (Sondrio Province, Lombardy region)",Heavy rains,,No,No,No,,,,,,,2020,8,12,2020,8,12,3,2,180,,182,,,,,,,84.9391981293886,"[{""adm2_code"":18365,""adm2_name"":""Sondrio""}]",2020-08-17,2023-09-25
2020-0406-ITA,No,nat-met-sto-sev,Natural,Meteorological,Storm,Severe weather,,,ITA,Italy,Southern Europe,Europe,"Massa, Carrara Province (Tuscany Region); Varese Province (Lombardy Region) Ancona Province (Marche Region); Trentino-South Tyrol Region",,Flood|Hail,No,No,No,,,Kph,,,,2020,8,29,2020,8,30,3,20,900,,920,,,,,60000,70639,84.9391981293886,"[{""adm1_code"":1632,""adm1_name"":""Trentino-alto Adige""},{""adm2_code"":18366,""adm2_name"":""Varese""},{""adm2_code"":18367,""adm2_name"":""Ancona""},{""adm2_code"":18404,""adm2_name"":""Massa-carrara""}]",2020-09-07,2023-09-25
2020-0418-CHE,No,nat-met-sto-sto,Natural,Meteorological,Storm,Storm (General),,Storm 'Alex',CHE,Switzerland,Western Europe,Europe,,,"Flood|Slide (land, mud, snow, rock)",No,No,No,,180,Kph,,,,2020,10,2,2020,10,3,,,13,,13,,,,,,,84.9391981293886,"[{""adm1_code"":2807,""adm1_name"":""Aargau""},{""adm1_code"":2808,""adm1_name"":""Appenzell Ausser-rhoden""},{""adm1_code"":2809,""adm1_name"":""Appenzell Inner-rhoden""},{""adm1_code"":2810,""adm1_name"":""Basel-landschaft""},{""adm1_code"":2811,""adm1_name"":""Basel-stadt""},{""adm1_code"":2812,""adm1_name"":""Bern""},{""adm1_code"":2813,""adm1_name"":""Fribourg""},{""adm1_code"":2814,""adm1_name"":""Geneve""},{""adm1_code"":2815,""adm1_name"":""Glarus""},{""adm1_code"":2816,""adm1_name"":""Graubunden""},{""adm1_code"":2817,""adm1_name"":""Jura""},{""adm1_code"":2818,""adm1_name"":""Luzern""},{""adm1_code"":2819,""adm1_name"":""Neuchatel""},{""adm1_code"":2820,""adm1_name"":""Nidwalden""},{""adm1_code"":2821,""adm1_name"":""Obwalden""},{""adm1_code"":2822,""adm1_name"":""Sankt Gallen""},{""adm1_code"":2823,""adm1_name"":""Schaffhausen""},{""adm1_code"":2824,""adm1_name"":""Schwyz""},{""adm1_code"":2825,""adm1_name"":""Solothurn""},{""adm1_code"":2826,""adm1_name"":""Thurgau""},{""adm1_code"":2827,""adm1_name"":""Ticino""},{""adm1_code"":2828,""adm1_name"":""Uri""},{""adm1_code"":2829,""adm1_name"":""Valais""},{""adm1_code"":2830,""adm1_name"":""Vaud""},{""adm1_code"":2831,""adm1_name"":""Zug""},{""adm1_code"":2832,""adm1_name"":""Zurich""}]",2020-10-15,2023-09-25
2020-0418-FRA,No,nat-met-sto-sto,Natural,Meteorological,Storm,Storm (General),,Storm 'Alex',FRA,France,Western Europe,Europe,"Roya Valley, Vésubie, Tinée (Provence-Alpes-Côte d'Azur Region)",,,No,No,No,,,Kph,,,,2020,10,2,2020,10,4,18,,12980,,12980,,,,,967000,1138461,84.9391981293886,"[{""adm1_code"":1269,""adm1_name"":""Provence-Alpes-Cote-d'Azur""}]",2020-10-13,2023-09-25
2020-0418-ITA,No,nat-met-sto-sto,Natural,Meteorological,Storm,Storm (General),,Storm 'Alex',ITA,Italy,Southern Europe,Europe,Liguria and Piemonte Regions of Italy,,"Slide (land, mud, snow, rock)",No,No,No,,,Kph,,,,2020,10,2,2020,10,4,7,2,92,,94,,,,,,,84.9391981293886,"[{""adm1_code"":1623,""adm1_name"":""Liguria""},{""adm1_code"":1627,""adm1_name"":""Piemonte""}]",2020-10-13,2023-09-25
2020-0431-UKR,No,tec-tra-air-air,Technological,Transport,Air,Air,,Antonov An-26,UKR,Ukraine,Eastern Europe,Europe,Tchougouïv,,,No,No,No,,,,,,,2020,9,25,2020,9,25,26,1,,,1,,,,,,,84.9391981293886,,2020-10-15,2023-09-25
2020-0442-GRC,No,tec-mis-fir-fir,Technological,Miscellaneous accident,Fire (Miscellaneous),Fire (Miscellaneous),,Refugee camps,GRC,Greece,Southern Europe,Europe,Lesbos IsL.,,,No,No,No,,,,,,,2020,9,9,2020,9,9,,,,3500,3500,,,,,,,84.9391981293886,,2020-10-15,2023-09-25
2020-0454-SVK,No,nat-hyd-flo-flo,Natural,Hydrological,Flood,Flood (General),,,SVK,Slovakia,Eastern Europe,Europe,"Trencín, Kosice, Presov, Banská Bystrica, Zvolen Regions",,,No,No,No,,,Km2,,,Hornád River,2020,10,13,2020,10,16,1,,250,,250,,,,,,,84.9391981293886,"[{""adm1_code"":2667,""adm1_name"":""Banska Bystrica""},{""adm1_code"":2669,""adm1_name"":""Kosice""},{""adm1_code"":2671,""adm1_name"":""Presov""},{""adm1_code"":2672,""adm1_name"":""Trencin""}]",2020-10-16,2023-09-25
2020-0459-FRA,No,nat-hyd-flo-fla,Natural,Hydrological,Flood,Flash flood,,,FRA,France,Western Europe,Europe,Valleraugue (Gard department); Lozère and Herault departments,Heavy rains,,No,No,No,,,Km2,,,,2020,9,18,2020,9,19,2,,421,,421,,,,,53000,62398,84.9391981293886,"[{""adm2_code"":16286,""adm2_name"":""Gard""},{""adm2_code"":16287,""adm2_name"":""Herault""},{""adm2_code"":16288,""adm2_name"":""Lozere""}]",2020-10-21,2025-02-27
2020-0466-GRC,No,nat-geo-ear-gro,Natural,Geophysical,Earthquake,Ground movement,GLIDE:EQ-2020-000215,,GRC,Greece,Southern Europe,Europe,Samos,,,No,No,Yes,,7,Moment Magnitude,37.913,26.779,,2020,10,30,2020,10,30,2,19,900,,919,,,,,,,84.9391981293886,"[{""adm2_code"":16726,""adm2_name"":""Samou""}]",2020-11-03,2025-03-04
2020-0503-GRC,No,nat-hyd-flo-fla,Natural,Hydrological,Flood,Flash flood,,,GRC,Greece,Southern Europe,Europe,Crete Island,,,No,No,No,,,Km2,,,,2020,11,11,2020,11,12,,,570,,570,,,,,,,84.9391981293886,"[{""adm1_code"":1343,""adm1_name"":""Kriti""}]",2020-11-24,2024-10-25
2020-0513-ROU,No,tec-mis-fir-fir,Technological,Miscellaneous accident,Fire (Miscellaneous),Fire (Miscellaneous),,Hospital,ROU,Romania,Eastern Europe,Europe,Piatra Neamt,,,No,No,No,,,,,,,2020,11,14,2020,11,14,10,7,,,7,,,,,,,84.9391981293886,,2020-11-25,2023-09-25
2020-0521-ITA,No,nat-hyd-flo-fla,Natural,Hydrological,Flood,Flash flood,,,ITA,Italy,Southern Europe,Europe,"Cagliari, Nuoro, Sassari, Oristano (Nuoro Province, central-northern Sardinia)",Heavy rains,"Slide (land, mud, snow, rock)",No,No,No,,,Km2,,,,2020,11,27,2020,11,28,3,,250,,250,,,,,60000,70639,84.9391981293886,"[{""adm2_code"":18386,""adm2_name"":""Cagliari""},{""adm2_code"":18387,""adm2_name"":""Nuoro""},{""adm2_code"":18388,""adm2_name"":""Oristano""},{""adm2_code"":18389,""adm2_name"":""Sassari""}]",2020-12-01,2024-10-25
2020-0530-BEL,No,nat-met-ext-hea,Natural,Meteorological,Extreme temperature,Heat wave,,,BEL,Belgium,Western Europe,Europe,,,,No,No,No,,,°C,,,,2020,8,5,2020,8,8,1687,,,,,,,,,,,84.9391981293886,"[{""adm1_code"":600,""adm1_name"":""Region de Bruxelles-Capitale / Brussels Hoofdstedelijk Gewes""},{""adm1_code"":601,""adm1_name"":""Vlaams Gewest""},{""adm1_code"":602,""adm1_name"":""Region wallonne""}]",2021-01-05,2023-09-25
2020-0530-FRA,No,nat-met-ext-hea,Natural,Meteorological,Extreme temperature,Heat wave,,,FRA,France,Western Europe,Europe,,,,No,No,No,,,°C,,,,2020,7,30,2020,8,16,1924,,,,,,,,,,,84.9391981293886,"[{""adm1_code"":1248,""adm1_name"":""Alsace""},{""adm1_code"":1249,""adm1_name"":""Aquitaine""},{""adm1_code"":1250,""adm1_name"":""Auvergne""},{""adm1_code"":1251,""adm1_name"":""Basse-Normandie""},{""adm1_code"":1252,""adm1_name"":""Bourgogne""},{""adm1_code"":1253,""adm1_name"":""Bretagne""},{""adm1_code"":1254,""adm1_name"":""Centre""},{""adm1_code"":1255,""adm1_name"":""Champagne-Ardenne""},{""adm1_code"":1256,""adm1_name"":""Corse""},{""adm1_code"":1257,""adm1_name"":""Franche-Comte""},{""adm1_code"":1258,""adm1_name"":""Haute-Normandie""},{""adm1_code"":1259,""adm1_name"":""Ile-de-France""},{""adm1_code"":1260,""adm1_name"":""Languedoc-Rousillon""},{""adm1_code"":1262,""adm1_name"":""Limousin""},{""adm1_code"":1263,""adm1_name"":""Lorraine""},{""adm1_code"":1264,""adm1_name"":""Midi-Pyrenees""},{""adm1_code"":1265,""adm1_name"":""Nord-Pas-de-Calais""},{""adm1_code"":1266,""adm1_name"":""Pays-de-la-Loire""},{""adm1_code"":1267,""adm1_name"":""Picardie""},{""adm1_code"":1268,""adm1_name"":""Poitou-Charentes""},{""adm1_code"":1269,""adm1_name"":""Provence-Alpes-Cote-d'Azur""},{""adm1_code"":1270,""adm1_name"":""Rhone-Alpes""}]",2021-01-05,2023-09-25
2020-0530-GBR,No,nat-met-ext-hea,Natural,Meteorological,Extreme temperature,Heat wave,,,GBR,United Kingdom of Great Britain and Northern Ireland,Northern Europe,Europe,,,,No,No,No,,,°C,,,,2020,6,,2020,8,,2556,,,,,,,,,,,84.9391981293886,"[{""adm1_code"":3182,""adm1_name"":""England""},{""adm1_code"":3183,""adm1_name"":""Northern Ireland""},{""adm1_code"":3184,""adm1_name"":""Scotland""},{""adm1_code"":3186,""adm1_name"":""Wales""}]",2020-12-04,2023-09-25
2020-0530-NLD,No,nat-met-ext-hea,Natural,Meteorological,Extreme temperature,Heat wave,,,NLD,Netherlands (Kingdom of the),Western Europe,Europe,,,,No,No,No,,,°C,,,,2020,8,5,2020,8,16,400,,,,,,,,,,,84.9391981293886,"[{""adm1_code"":2158,""adm1_name"":""Drenthe""},{""adm1_code"":2159,""adm1_name"":""Flevoland""},{""adm1_code"":2160,""adm1_name"":""Friesland""},{""adm1_code"":2161,""adm1_name"":""Gelderland""},{""adm1_code"":2162,""adm1_name"":""Groningen""},{""adm1_code"":2163,""adm1_name"":""Limburg""},{""adm1_code"":2164,""adm1_name"":""Noord-brabant""},{""adm1_code"":2165,""adm1_name"":""Noord-holland""},{""adm1_code"":2166,""adm1_name"":""Overijssel""},{""adm1_code"":2167,""adm1_name"":""Utrecht""},{""adm1_code"":2168,""adm1_name"":""Zeeland""},{""adm1_code"":2169,""adm1_name"":""Zuid-holland""}]",2020-12-04,2023-09-25
2020-0533-ITA,No,nat-hyd-flo-flo,Natural,Hydrological,Flood,Flood (General),,,ITA,Italy,Southern Europe,Europe,"Varese, Potenza, Modena, Belluno, Liguria, Venetie, Frioul, Bolzano, Trevise, Vicence Lombardy, Veneto, Trentino-South Tyrol, Friuli-Venezia Giulia, Emilia-Romagna, Campania Regions",Heavy rain,Snow/ice|Storm,No,No,No,,,Km2,,,,2020,12,4,2020,12,8,2,,453,,453,,,,,,,84.9391981293886,"[{""adm1_code"":1619,""adm1_name"":""Campania""},{""adm1_code"":1620,""adm1_name"":""Emilia-romagna""},{""adm1_code"":1621,""adm1_name"":""Friuli-venezia Giulia""},{""adm1_code"":1623,""adm1_name"":""Liguria""},{""adm1_code"":1624,""adm1_name"":""Lombardia""},{""adm1_code"":1632,""adm1_name"":""Trentino-alto Adige""},{""adm1_code"":1635,""adm1_name"":""Veneto""},{""adm2_code"":18322,""adm2_name"":""Potenza""}]",2020-12-08,2023-09-25
2020-0540-ITA,No,nat-hyd-flo-flo,Natural,Hydrological,Flood,Flood (General),,,ITA,Italy,Southern Europe,Europe,Crotone and Cosenza provinces (Calabria),Heavy rains,,No,No,No,,,Km2,,,,2020,11,20,2020,11,22,,,200,,200,,,,,10000,11773,84.9391981293886,"[{""adm2_code"":18324,""adm2_name"":""Cosenza""},{""adm2_code"":18325,""adm2_name"":""Crotone""}]",2020-12-10,2024-10-25
2020-0553-RUS,No,tec-mis-fir-fir,Technological,Miscellaneous accident,Fire (Miscellaneous),Fire (Miscellaneous),,House for elderly,RUS,Russian Federation,Eastern Europe,Europe,Bachkortostan (Oural),,,No,No,No,,,,,,,2020,12,15,2020,12,15,11,,4,,4,,,,,,,84.9391981293886,,2020-12-15,2023-09-25
2020-0569-NOR,No,nat-hyd-mmw-lan,Natural,Hydrological,Mass movement (wet),Landslide (wet),,,NOR,Norway,Northern Europe,Europe,Ask (Gjerdrum municipality),,,No,No,No,,,,,,,2020,12,30,2020,12,30,10,10,1000,,1010,,,,,130000,153051,84.9391981293886,"[{""adm2_code"":23137,""adm2_name"":""Gjerdrum""}]",2021-01-04,2023-09-25
2020-0572-HRV,No,nat-geo-ear-gro,Natural,Geophysical,Earthquake,Ground movement,GLIDE:EQ-2020-000241,,HRV,Croatia,Southern Europe,Europe,"Sisak, Petrinja, Glina, Hrvatska Kostajnica, Zagreb county, Karlovac county",,,No,No,Yes,,6.4,Moment Magnitude,45.422,16.255,,2020,12,29,2020,12,29,8,36,149371,,149407,,,,,6223400,7326888,84.9391981293886,"[{""adm1_code"":992,""adm1_name"":""Karlovac""},{""adm1_code"":1001,""adm1_name"":""Sisak-moslavina""},{""adm1_code"":1008,""adm1_name"":""Zagreb""}]",2021-01-04,2023-09-25
2020-0573-RUS,No,tec-tra-wat-wat,Technological,Transport,Water,Water,,Boat 'Omega',RUS,Russian Federation,Eastern Europe,Europe,Near Nouvelle-Zemble (Barents),,,No,No,No,,,,,,,2020,12,28,2020,12,28,17,,,,,,,,,,,84.9391981293886,,2021-01-04,2023-09-25
2021-0016-ESP,No,nat-met-sto-bli,Natural,Meteorological,Storm,Blizzard/Winter storm,,Storm 'Filomena!,ESP,Spain,Southern Europe,Europe,"Madrid, Malaga, Zaragoza",,Cold wave|Flood,No,No,No,,,Kph,,,,2021,1,8,2021,1,12,5,,,,,,,,,1900000,2136524,88.9294934772074,"[{""adm2_code"":25782,""adm2_name"":""Málaga""},{""adm2_code"":25786,""adm2_name"":""Zaragoza""},{""adm2_code"":25820,""adm2_name"":""Madrid""}]",2021-01-19,2023-09-25
2021-0020-ALB,No,nat-hyd-flo-flo,Natural,Hydrological,Flood,Flood (General),,,ALB,Albania,Southern Europe,Europe,"Lezhë, Shkodër, Durrës counties",Heavy rains,,No,No,No,,,Km2,,,,2021,1,10,2021,1,11,,,84,,84,,,,,,,88.9294934772074,"[{""adm1_code"":310,""adm1_name"":""Durres""},{""adm1_code"":323,""adm1_name"":""Lezhe""},{""adm1_code"":335,""adm1_name"":""Shkoder""}]",2021-01-19,2023-09-25
2021-0020-BGR,No,nat-hyd-flo-flo,Natural,Hydrological,Flood,Flood (General),,,BGR,Bulgaria,Eastern Europe,Europe,"Strumiani, Tran, Batanovtsi",Heavy rains,,No,No,Yes,,,Km2,,,Sofia and Pernik rivers,2021,1,11,2021,1,12,,,25,,25,,,,,,,88.9294934772074,"[{""adm1_code"":713,""adm1_name"":""Pernik""},{""adm2_code"":11862,""adm2_name"":""Strumjani""}]",2021-03-23,2023-09-25
2021-0020-SRB,No,nat-hyd-flo-flo,Natural,Hydrological,Flood,Flood (General),,,SRB,Serbia,Southern Europe,Europe,"Zitoradja (Toplicki), Doljevac (Nisavski) , Dimitrovgrad (Pirotski) and Vlasotince (Jablanicki), Bojnik (Jablanicki) , Laneskovac (Jablinicki) ; Kosovo",Heavy rains,,No,No,Yes,,,Km2,,,,2021,1,11,2021,1,12,,,22,,22,,,,,,,88.9294934772074,"[{""adm1_code"":25374,""adm1_name"":""Jablanicki""},{""adm1_code"":25378,""adm1_name"":""Kosovski""},{""adm1_code"":25379,""adm1_name"":""Kosovsko-mitrovatski""},{""adm1_code"":25380,""adm1_name"":""Kosovsko-pomoravski""},{""adm1_code"":25383,""adm1_name"":""Nisavski""},{""adm1_code"":25386,""adm1_name"":""Pirotski""},{""adm1_code"":25397,""adm1_name"":""Toplicki""}]",2021-01-19,2023-09-25
2021-0055-UKR,No,tec-mis-fir-fir,Technological,Miscellaneous accident,Fire (Miscellaneous),Fire (Miscellaneous),,Retirement house,UKR,Ukraine,Eastern Europe,Europe,Kharkiv,,,No,No,No,,,,,,,2021,1,21,2021,1,21,15,,9,,9,,,,,,,88.9294934772074,,2021-02-05,2023-09-25
2021-0063-FRA,No,nat-hyd-flo-flo,Natural,Hydrological,Flood,Flood (General),,,FRA,France,Western Europe,Europe,"Charente-Maritime Department, Lot-et-Garonne Departmen, Gironde Department (Nouvelle-Aquitaine Region)",Heavy rains,,No,No,Yes,,,Km2,,,Garonne river,2021,2,1,2021,2,10,,5,300,,305,,,,,10000,11245,88.9294934772074,"[{""adm2_code"":16241,""adm2_name"":""Gironde""},{""adm2_code"":16243,""adm2_name"":""Lot-et-Garonne""},{""adm2_code"":16317,""adm2_name"":""Charente-Maritime""}]",2021-02-05,2023-09-25
2021-0077-CHE,No,nat-hyd-mmw-ava,Natural,Hydrological,Mass movement (wet),Avalanche (wet),,,CHE,Switzerland,Western Europe,Europe,Swiss Alps. Part of canton Valais was placed under the avalanche danger level 5.,,Snow/ice,No,No,No,,,,,,,2021,1,13,2021,1,31,17,,,,,,,,,,,88.9294934772074,"[{""adm1_code"":2829,""adm1_name"":""Valais""}]",2021-02-10,2023-09-25
2021-0110-ITA,No,tec-tra-wat-wat,Technological,Transport,Water,Water,,Migrants,ITA,Italy,Southern Europe,Europe,,,,No,No,No,,,,,,,2021,2,20,2021,2,20,49,,77,,77,,,,,,,88.9294934772074,,2021-02-26,2023-09-25
2021-0114-ITA,No,tec-tra-wat-wat,Technological,Transport,Water,Water,,Migrants,ITA,Italy,Southern Europe,Europe,Near Lampedusa,,,No,No,No,,,,,,,2021,2,13,2021,2,13,22,,25,,25,,,,,,,88.9294934772074,,2021-02-26,2023-09-25
2021-0134-GRC,No,nat-geo-ear-gro,Natural,Geophysical,Earthquake,Ground movement,,,GRC,Greece,Southern Europe,Europe,"Larissa, Elassona (Larisis) , Tyrnavos (Larisis) , Farkadona (Trikalon) (Thessalie)",,,No,No,No,,5.8,Moment Magnitude,39.789,22.119,,2021,3,3,2021,3,3,,11,,2700,2711,,,,,10000,11245,88.9294934772074,"[{""adm2_code"":16721,""adm2_name"":""Larisis""},{""adm2_code"":16723,""adm2_name"":""Trikalon""}]",2021-03-15,2023-09-25
2021-0278-SVK,No,nat-hyd-flo-fla,Natural,Hydrological,Flood,Flash flood,,,SVK,Slovakia,Eastern Europe,Europe,"Žarnovica District, Banská Bystrica Region; Trencín, Žilina, Banská Bystrica, Prešov and Nitra regions",Heavy rains,Broken Dam/Burst bank,No,No,Yes,,,Km2,,,,2021,5,16,2021,5,17,1,,,,,,,,,,,88.9294934772074,"[{""adm1_code"":2667,""adm1_name"":""Banska Bystrica""},{""adm1_code"":2670,""adm1_name"":""Nitra""},{""adm1_code"":2671,""adm1_name"":""Presov""},{""adm1_code"":2672,""adm1_name"":""Trencin""},{""adm1_code"":2674,""adm1_name"":""Zilna""}]",2021-05-20,2023-09-25
2021-0290-ITA,No,tec-tra-rai-rai,Technological,Transport,Rail,Rail,,Cable car,ITA,Italy,Southern Europe,Europe,Stresa (Piémont),,,No,No,No,,,,,,,2021,5,23,2021,5,23,14,1,,,1,,,,,,,88.9294934772074,,2021-05-25,2023-09-25
2021-0294-RUS,No,tec-ind-gas-gas,Technological,Industrial accident,Gas leak,Gas leak,,Wastewater treatment plant,RUS,Russian Federation,Eastern Europe,Europe,"Dmitriadovka, nearTaganrog",,,No,No,No,,,m3,,,,2021,5,21,2021,5,21,10,8,,,8,,,,,,,88.9294934772074,,2021-05-25,2023-09-25
2021-0318-FRA,No,nat-hyd-flo-fla,Natural,Hydrological,Flood,Flash flood,,,FRA,France,Western Europe,Europe,"Beauvais, Tillé, Auneuil Municipalities (Oise Department); Marne, Somme",Heavy rains,Lightening,No,No,No,,,Km2,,,,2021,6,21,2021,6,21,1,,600,,600,,,,,,,88.9294934772074,"[{""adm2_code"":16269,""adm2_name"":""Marne""},{""adm2_code"":16314,""adm2_name"":""Oise""},{""adm2_code"":16315,""adm2_name"":""Somme""}]",2021-06-22,2024-10-28
2021-0320-UKR,No,nat-met-sto-ext,Natural,Meteorological,Storm,Extra-tropical storm,,,UKR,Ukraine,Eastern Europe,Europe,"Yalta City, Kerch City, Lenins’kyi District (Crimean Peninsula)",,Flood,No,No,No,,,Kph,,,,2021,6,17,2021,6,18,1,,1700,,1700,,,,,170000,191163,88.9294934772074,"[{""adm1_code"":3158,""adm1_name"":""Krym""}]",2021-06-22,2023-09-25
2021-0349-ROU,No,nat-hyd-flo-flo,Natural,Hydrological,Flood,Flood (General),,,ROU,Romania,Eastern Europe,Europe,"Bacau, Botosani, Braila, Buzau, Calarasi, Dimbovita, Galati, Giurgiu, Ilfov (Bucuresti), Ialomita, Hunedoara, Neamt, Sibiu, Teleorman, Vrancea and Bucharest",Heavy rains,,No,No,No,,,Km2,,,,2021,6,16,2021,6,28,1,,100,,100,,,,,,,88.9294934772074,"[{""adm1_code"":2449,""adm1_name"":""Bacau""},{""adm1_code"":2452,""adm1_name"":""Botosani""},{""adm1_code"":2453,""adm1_name"":""Braila""},{""adm1_code"":2455,""adm1_name"":""Bucuresti""},{""adm1_code"":2456,""adm1_name"":""Buzau""},{""adm1_code"":2457,""adm1_name"":""Calarasi""},{""adm1_code"":2462,""adm1_name"":""Dimbovita""},{""adm1_code"":2464,""adm1_name"":""Galati""},{""adm1_code"":2465,""adm1_name"":""Giurgiu""},{""adm1_code"":2468,""adm1_name"":""Hunedoara""},{""adm1_code"":2469,""adm1_name"":""Ialomita""},{""adm1_code"":2474,""adm1_name"":""Neamt""},{""adm1_code"":2479,""adm1_name"":""Sibiu""},{""adm1_code"":2481,""adm1_name"":""Teleorman""},{""adm1_code"":2486,""adm1_name"":""Vrancea""}]",2021-06-28,2024-10-28
2021-0351-CZE,No,nat-met-sto-sev,Natural,Meteorological,Storm,Severe weather,,,CZE,Czechia,Eastern Europe,Europe,"Hodonin, Mikulcice, Moravska Nova Ves, Hrusky, Breclav, Tvrdonice, Luzice (South Moravian Region)",,Hail|Lightening,No,No,No,,,Kph,,,,2021,6,24,2021,6,25,6,213,3600,,3813,,,,,701000,788265,88.9294934772074,"[{""adm2_code"":14821,""adm2_name"":""Breclav""},{""adm2_code"":14824,""adm2_name"":""Hodonin""}]",2021-06-28,2023-09-25
2021-0355-POL,No,nat-met-sto-sev,Natural,Meteorological,Storm,Severe weather,,,POL,Poland,Eastern Europe,Europe,"Poznan (western Poland) and Krakow (southern Poland); Malopolskie, Slaskie, Lodzkie, Swietokrzyskie of Mazowiecke",,Hail,No,No,No,,,Kph,,,,2021,6,22,2021,6,22,,2,2000,,2002,,,,,,,88.9294934772074,"[{""adm1_code"":2372,""adm1_name"":""Lodzkie""},{""adm1_code"":2376,""adm1_name"":""Mazowieckie""},{""adm1_code"":2381,""adm1_name"":""Slaskie""},{""adm1_code"":2382,""adm1_name"":""Swietokrzyskie""},{""adm2_code"":24400,""adm2_name"":""Krakow""},{""adm2_code"":24625,""adm2_name"":""Poznan""}]",2021-06-28,2023-09-25
2021-0363-CHE,No,nat-met-sto-lig,Natural,Meteorological,Storm,Lightning/Thunderstorms,,,CHE,Switzerland,Western Europe,Europe,"Lucerne, Fibourg, Zug counties",,Hail,No,No,No,,,Kph,,,,2021,6,28,2021,6,29,,5,,,5,,,324000,364334,,,88.9294934772074,"[{""adm1_code"":2813,""adm1_name"":""Fribourg""},{""adm1_code"":2818,""adm1_name"":""Luzern""},{""adm1_code"":2831,""adm1_name"":""Zug""}]",2021-06-30,2023-09-25
2021-0363-DEU,No,nat-met-sto-lig,Natural,Meteorological,Storm,Lightning/Thunderstorms,,,DEU,Germany,Western Europe,Europe,"Bade-Wurtemberg, Bavière, Rhénanie-Palatinat, Rhénanie du Nord-Westphalie",,Flood,No,No,No,,100,Kph,,,,2021,6,28,2021,6,29,,,600,,600,,,,,,,88.9294934772074,"[{""adm1_code"":1308,""adm1_name"":""Baden-Wuerttemberg""},{""adm1_code"":1309,""adm1_name"":""Bayern""},{""adm1_code"":1317,""adm1_name"":""Nordrhein-Westfalen""},{""adm1_code"":1318,""adm1_name"":""Rheinland-Pfalz""}]",2021-06-30,2023-09-25
2021-0397-RUS,No,nat-hyd-flo-flo,Natural,Hydrological,Flood,Flood (General),DFO:5094,,RUS,Russian Federation,Eastern Europe,Europe,"Tuapse, Slavyansky, Seversky, Sochi, Goryachy Klyuch, and Gelendzhik (Krasnodar Region)",Heavy rains,Storm,No,No,Yes,,4231.93,Km2,,,Khorota and Matsesta Rivers,2021,7,4,2021,7,7,8,2,136,,138,,,,,,,88.9294934772074,"[{""adm1_code"":2524,""adm1_name"":""Krasnodarskiy Kray""}]",2021-07-09,2023-09-25
2021-0411-AUT,No,nat-hyd-flo-flo,Natural,Hydrological,Flood,Flood (General),,,AUT,Austria,Western Europe,Europe,"Vienna, Lower Austria, Salzburg, Styria, Tyrol, Vorarlberg",Torrential rainfall caused by a slow-moving area of low pressure – named “Bernd”,"Slide (land, mud, snow, rock)",No,No,No,,,Km2,,,Salzach River and its tributaries,2021,7,17,2021,7,18,1,,,,,,,,,,,88.9294934772074,"[{""adm1_code"":480,""adm1_name"":""Niederosterreich""},{""adm1_code"":482,""adm1_name"":""Salzburg""},{""adm1_code"":483,""adm1_name"":""Steiermark""},{""adm1_code"":484,""adm1_name"":""Tirol""},{""adm1_code"":485,""adm1_name"":""Vorarlberg""},{""adm1_code"":486,""adm1_name"":""Wien""}]",2021-07-19,2023-09-25
2021-0411-BEL,No,nat-hyd-flo-flo,Natural,Hydrological,Flood,Flood (General),,,BEL,Belgium,Western Europe,Europe,"Liège, Namur, Luxembourg, Limbourg, Brabant Wallon, Hainaut",Torrential rainfall caused by a slow-moving area of low pressure – named “Bernd”,,No,No,No,,,Km2,,,"Vesdre, Meuse, and Our rivers",2021,7,14,2021,7,15,39,,1950,100000,101950,,,,,2000000,2248973,88.9294934772074,"[{""adm2_code"":5848,""adm2_name"":""Limburg""},{""adm2_code"":5850,""adm2_name"":""Hainaut""},{""adm2_code"":5851,""adm2_name"":""Liege""},{""adm2_code"":5852,""adm2_name"":""Luxembourg""},{""adm2_code"":5854,""adm2_name"":""Brabant wallon""}]",2021-07-15,2023-09-25
2021-0411-CHE,No,nat-hyd-flo-flo,Natural,Hydrological,Flood,Flood (General),,,CHE,Switzerland,Western Europe,Europe,"Basel, Zurich, Lucerne, Schwyz and Uri Cantons",Torrential rainfall caused by a slow-moving area of low pressure – named “Bernd”,,No,No,No,,,Km2,,,,2021,7,15,2021,7,16,,,,,,,,,,,,88.9294934772074,"[{""adm1_code"":2810,""adm1_name"":""Basel-landschaft""},{""adm1_code"":2811,""adm1_name"":""Basel-stadt""},{""adm1_code"":2818,""adm1_name"":""Luzern""},{""adm1_code"":2824,""adm1_name"":""Schwyz""},{""adm1_code"":2828,""adm1_name"":""Uri""},{""adm1_code"":2832,""adm1_name"":""Zurich""}]",2021-07-16,2023-09-25
2021-0411-CZE,No,nat-hyd-flo-flo,Natural,Hydrological,Flood,Flood (General),,,CZE,Czechia,Eastern Europe,Europe,"St?edo?eský, Plze?ský, Karlovarský, Ústecký, Prague, Liberecký, Decín",Torrential rainfall caused by a slow-moving area of low pressure – named “Bernd”,Hail,No,No,No,,,Km2,,,,2021,7,13,2021,7,17,,,,,,,,,,,,88.9294934772074,"[{""adm1_code"":1032,""adm1_name"":""Praha""},{""adm1_code"":1035,""adm1_name"":""Stredocesky""},{""adm2_code"":14838,""adm2_name"":""Decin""},{""adm2_code"":14840,""adm2_name"":""Liberec""},{""adm2_code"":14845,""adm2_name"":""Usti nad Labem""},{""adm2_code"":14883,""adm2_name"":""Plzen-jih""},{""adm2_code"":14884,""adm2_name"":""Plzen-mesto""},{""adm2_code"":14885,""adm2_name"":""Plzen-sever""}]",2021-07-20,2023-09-25
2021-0411-DEU,No,nat-hyd-flo-flo,Natural,Hydrological,Flood,Flood (General),,,DEU,Germany,Western Europe,Europe,"Berchtesgaden (Bavaria); Heilbronn (Baden-Württemberg); Saxony, Saxony-Anhalt; Ahrweiler, Euskirchen, Rhein-Sieg, Heinsberg, Köln (Rheinland-Pfalz); Märkischer Kreis, Düsseldorf, Solingen, Unna, Rhein-Erf (Nordrhein-Westfalen); Hessen, Thüringen,",Torrential rainfall caused by a slow-moving area of low pressure – named “Bernd”,"Slide (land, mud, snow, rock)",No,No,No,,8488.83,Km2,,,"Ahr, Volme, Dhünn, Moselle, Inde, Kyll, Jagst rivers",2021,7,12,2021,7,15,226,1000,,,1000,,,9700000,10907517,40000000,44979453,88.9294934772074,"[{""adm1_code"":1308,""adm1_name"":""Baden-Wuerttemberg""},{""adm1_code"":1309,""adm1_name"":""Bayern""},{""adm1_code"":1314,""adm1_name"":""Hessen""},{""adm1_code"":1317,""adm1_name"":""Nordrhein-Westfalen""},{""adm1_code"":1318,""adm1_name"":""Rheinland-Pfalz""},{""adm1_code"":1320,""adm1_name"":""Sachsen""},{""adm1_code"":1321,""adm1_name"":""Sachsen-Anhalt""},{""adm1_code"":1323,""adm1_name"":""Thueringen""}]",2021-07-15,2024-11-08
2021-0411-FRA,No,nat-hyd-flo-flo,Natural,Hydrological,Flood,Flood (General),,,FRA,France,Western Europe,Europe,"La Marne, La Meuse, La Moselle Departments; Châtel de Houx, Le Field (Jura); Plainfaing (Vosges); Villers la Chèvre, Errouville, Longuyon, Villette (Meurthe en Moselle); Bras-sur-Meuse (Meuse)",Torrential rainfall caused by a slow-moving area of low pressure – named “Bernd”,"Slide (land, mud, snow, rock)",No,No,No,,,Km2,,,Ornain River and the Canal de la Marne au Rhin,2021,7,15,2021,7,16,,,240,,240,,,,,,,88.9294934772074,"[{""adm2_code"":16269,""adm2_name"":""Marne""},{""adm2_code"":16274,""adm2_name"":""Jura""},{""adm2_code"":16294,""adm2_name"":""Meurthe-et-Moselle""},{""adm2_code"":16295,""adm2_name"":""Meuse""},{""adm2_code"":16296,""adm2_name"":""Moselle""},{""adm2_code"":16297,""adm2_name"":""Vosges""}]",2021-07-16,2023-09-25
2021-0411-ITA,No,nat-hyd-flo-flo,Natural,Hydrological,Flood,Flood (General),,,ITA,Italy,Southern Europe,Europe,"Lake Garda, Malcesine, and Torri del Benaco",,Hail|Storm,No,No,No,,,Km2,,,,2021,7,13,2021,7,13,1,,,,,,,,,,,88.9294934772074,"[{""adm2_code"":18357,""adm2_name"":""Brescia""},{""adm2_code"":18419,""adm2_name"":""Verona""}]",2021-07-20,2023-09-25
2021-0411-LUX,No,nat-hyd-flo-flo,Natural,Hydrological,Flood,Flood (General),,,LUX,Luxembourg,Western Europe,Europe,"Mamer, Vianden, Bettemburg, Echternach, Rosport, Mersch, Beringen, and Rolleng",Torrential rainfall caused by a slow-moving area of low pressure – named “Bernd”,"Slide (land, mud, snow, rock)",No,No,No,,,Km2,,,,2021,7,14,2021,7,15,,,,,,,,,,,,88.9294934772074,"[{""adm2_code"":19175,""adm2_name"":""Vianden""},{""adm2_code"":19177,""adm2_name"":""Echternach""},{""adm2_code"":19179,""adm2_name"":""Remich""},{""adm2_code"":19180,""adm2_name"":""Capellen""},{""adm2_code"":19181,""adm2_name"":""Esch-sur-alzette""},{""adm2_code"":19183,""adm2_name"":""Mersch""}]",2021-07-20,2023-09-25
2021-0411-NLD,No,nat-hyd-flo-flo,Natural,Hydrological,Flood,Flood (General),,,NLD,Netherlands (Kingdom of the),Western Europe,Europe,Valkenburg; LImburg,Torrential rainfall caused by a slow-moving area of low pressure – named “Bernd”,,No,No,Yes,,,Km2,,,Meuse,2021,7,15,2021,7,16,,,,,,,,,,,,88.9294934772074,"[{""adm1_code"":2163,""adm1_name"":""Limburg""},{""adm1_code"":2169,""adm1_name"":""Zuid-holland""}]",2021-07-19,2023-09-25
2021-0411-POL,No,nat-hyd-flo-flo,Natural,Hydrological,Flood,Flood (General),,,POL,Poland,Eastern Europe,Europe,"Kujawsko-Pomorskie, Pomorskie, Warminsko-Mazurskie, Lodzkie, Slaskie, Malopolskie and Podkarpackie",Torrential rainfall caused by a slow-moving area of low pressure – named “Bernd”,Storm,No,No,No,,,Km2,,,,2021,7,12,2021,7,18,,,,,,,,,,,,88.9294934772074,"[{""adm1_code"":2371,""adm1_name"":""Kujawsko-Pomorskie""},{""adm1_code"":2372,""adm1_name"":""Lodzkie""},{""adm1_code"":2375,""adm1_name"":""Malopolske""},{""adm1_code"":2378,""adm1_name"":""Podkarpackie""},{""adm1_code"":2380,""adm1_name"":""Pomorskie""},{""adm1_code"":2381,""adm1_name"":""Slaskie""},{""adm1_code"":2383,""adm1_name"":""Warminsko-Mazurskie""}]",2021-07-20,2023-09-25
2021-0434-ITA,No,nat-cli-wil-wil,Natural,Climatological,Wildfire,Wildfire (General),,,ITA,Italy,Southern Europe,Europe,"Oristano, Nuoro Provinces (Sardinia)",,,No,No,Yes,,,Km2,,,,2021,7,23,2021,7,25,,,11600,,11600,,,,,59000,66345,88.9294934772074,"[{""adm2_code"":18387,""adm2_name"":""Nuoro""},{""adm2_code"":18388,""adm2_name"":""Oristano""}]",2021-07-26,2023-09-25
2021-0436-BEL,No,nat-met-sto-sev,Natural,Meteorological,Storm,Severe weather,,,BEL,Belgium,Western Europe,Europe,"Dinant, Namur",Heavy rains,Lightening,No,No,No,,,Kph,,,,2021,7,24,2021,7,25,,,,,,,,,,,,88.9294934772074,"[{""adm2_code"":5853,""adm2_name"":""Namur""}]",2021-07-26,2023-09-25
2021-0436-FRA,No,nat-met-sto-sev,Natural,Meteorological,Storm,Severe weather,,,FRA,France,Western Europe,Europe,Saône-et-Loire Department (Bourgogne-Franche-Comté Region); Auvergne Region; Moselle Department (Grand Est Region),,"Flood|Slide (land, mud, snow, rock)",No,No,No,,,Kph,,,,2021,7,23,2021,7,24,,,255,,255,,,,,,,88.9294934772074,"[{""adm1_code"":1250,""adm1_name"":""Auvergne""},{""adm2_code"":16254,""adm2_name"":""Saone-et-Loire""},{""adm2_code"":16296,""adm2_name"":""Moselle""}]",2021-07-26,2023-09-25
2021-0437-HRV,No,tec-tra-roa-roa,Technological,Transport,Road,Road,,,HRV,Croatia,Southern Europe,Europe,Near Slavonski Brod,,,No,No,No,,,,,,,2021,7,25,2021,7,25,10,45,,,45,,,,,,,88.9294934772074,,2021-07-26,2023-09-25
2021-0439-GRC,No,tec-tra-wat-wat,Technological,Transport,Water,Water,,Migrants,GRC,Greece,Southern Europe,Europe,Crete,,,No,No,No,,,,,,,2021,7,23,2021,7,23,10,,37,,37,,,,,,,88.9294934772074,,2021-07-26,2023-09-25
2021-0459-GRC,No,nat-cli-wil-for,Natural,Climatological,Wildfire,Forest fire,,,GRC,Greece,Southern Europe,Europe,"Elekistra, Karya, Neo Souli (Peloponnese); Patras; Evia Island; Stamata (Attica); Psathopyrgos Lampiri, Kamares, Ziria (Rodhes Island)",,Heat wave,Yes,No,No,,,Km2,,,,2021,7,29,2021,8,12,2,500,7000,,7500,,,,,580000,652202,88.9294934772074,"[{""adm1_code"":1337,""adm1_name"":""Attiki""},{""adm1_code"":1345,""adm1_name"":""Peloponnisos""},{""adm2_code"":16708,""adm2_name"":""Dodekanisou""}]",2021-08-02,2023-09-25
2021-0483-RUS,No,nat-hyd-flo-flo,Natural,Hydrological,Flood,Flood (General),,,RUS,Russian Federation,Eastern Europe,Europe,Transbaikal and Khabarovsk Territories ( Amur Region); Jewish Autonomous Region,Heavy rains,,No,No,No,,,Km2,,,,2021,6,24,2021,8,11,,,24000,,24000,,,,,200000,224897,88.9294934772074,"[{""adm1_code"":2491,""adm1_name"":""Amurskaya Oblast""},{""adm1_code"":2577,""adm1_name"":""Yevreyskaya A. Oblast""}]",2021-08-11,2023-09-25
2021-0502-RUS,No,nat-cli-wil-for,Natural,Climatological,Wildfire,Forest fire,,,RUS,Russian Federation,Eastern Europe,Europe,Yakutia and Karelia,,Drought,No,No,No,,,Km2,,,,2021,7,,2021,8,26,,,120,,120,,,,,,,88.9294934772074,"[{""adm1_code"":2514,""adm1_name"":""Karelya Rep.""},{""adm1_code"":2551,""adm1_name"":""Sakha Rep.""}]",2021-08-12,2023-09-25
2021-0505-BGR,No,nat-cli-wil-wil,Natural,Climatological,Wildfire,Wildfire (General),,,BGR,Bulgaria,Eastern Europe,Europe,"Pernik, Plovdiv and Kyustendil districts",,Heat wave,No,No,No,,,Km2,,,,2021,8,2,2021,8,4,,,500,,500,,,,,,,88.9294934772074,"[{""adm1_code"":709,""adm1_name"":""Kustendil""},{""adm1_code"":713,""adm1_name"":""Pernik""},{""adm1_code"":715,""adm1_name"":""Plovdiv""}]",2021-08-12,2025-03-18
2021-0506-MKD,No,nat-cli-wil-for,Natural,Climatological,Wildfire,Forest fire,GLIDE:WF-2021-000109,,MKD,North Macedonia,Southern Europe,Europe,"Strumica, Kochani, Kumanovo, Gevgelija, Valandovo, Bitola, Prilep, Shtip, Skopje, Tetovo, Radovish, Ohrid, Berovo, Delchevo, Kichevo, Veles, Probishtip, Kriva Palanka regions",,Heat wave,Yes,No,Yes,,,Km2,,,,2021,7,30,2021,9,,1,,80000,,80000,,,,,,,88.9294934772074,"[{""adm1_code"":2927,""adm1_name"":""Berovo""},{""adm1_code"":2928,""adm1_name"":""Bitola""},{""adm1_code"":2931,""adm1_name"":""Delcevo""},{""adm1_code"":2933,""adm1_name"":""Gevgelija""},{""adm1_code"":2936,""adm1_name"":""Kicevo""},{""adm1_code"":2937,""adm1_name"":""Kocani""},{""adm1_code"":2939,""adm1_name"":""Kriva Palanka""},{""adm1_code"":2941,""adm1_name"":""Kumanovo""},{""adm1_code"":2943,""adm1_name"":""Ohrid""},{""adm1_code"":2944,""adm1_name"":""Prilep""},{""adm1_code"":2945,""adm1_name"":""Probistip""},{""adm1_code"":2946,""adm1_name"":""Radovic""},{""adm1_code"":2948,""adm1_name"":""Skopje""},{""adm1_code"":2949,""adm1_name"":""Stip""},{""adm1_code"":2951,""adm1_name"":""Strumica""},{""adm1_code"":2953,""adm1_name"":""Tetovo""},{""adm1_code"":2954,""adm1_name"":""Valandovo""},{""adm1_code"":2955,""adm1_name"":""Veles""}]",2021-08-12,2023-09-25
2021-0542-RUS,No,nat-hyd-mmw-mud,Natural,Hydrological,Mass movement (wet),Mudslide,,,RUS,Russian Federation,Eastern Europe,Europe,"Gunibsky, Gergebilsky, Levashinsky, Laksky, Kurakhsky Districts (Dagestan)",Heavy rains,,No,No,No,,,,,,,2021,8,22,2021,8,23,6,,3000,3,3003,,,,,,,88.9294934772074,"[{""adm1_code"":2503,""adm1_name"":""Dagestan Rep.""}]",2021-08-27,2023-09-25
2021-0561-ESP,No,nat-hyd-flo-fla,Natural,Hydrological,Flood,Flash flood,,,ESP,Spain,Southern Europe,Europe,"Castellón and Valencia Provinces (Valencian Community); Tarragona, Toledo","Related to a phenomenon locally referred to as ""DANA"" or a cold drop",Lightening,No,No,No,,,Km2,,,,2021,8,29,2021,9,2,2,,150,,150,,,69000,77590,105000,118071,88.9294934772074,"[{""adm1_code"":2726,""adm1_name"":""Comunitat Valenciana""},{""adm2_code"":25805,""adm2_name"":""Toledo""},{""adm2_code"":25809,""adm2_name"":""Tarragona""}]",2021-08-31,2023-09-25
2021-0571-RUS,No,nat-hyd-flo-flo,Natural,Hydrological,Flood,Flood (General),,,RUS,Russian Federation,Eastern Europe,Europe,"Anapa, Slavyansky, Temryuk districts (Krasnodar Region)",Heavy rains,,No,No,No,,,Km2,,,,2021,8,12,2021,8,14,,,4500,,4500,,,,,,,88.9294934772074,"[{""adm1_code"":2524,""adm1_name"":""Krasnodarskiy Kray""}]",2021-09-14,2023-09-25
2021-0572-SWE,No,nat-hyd-flo-fla,Natural,Hydrological,Flood,Flash flood,,,SWE,Sweden,Northern Europe,Europe,"Gävleborg, Dalarna counties",Heavy rains,,No,No,No,,,Km2,,,,2021,8,17,2021,8,18,,,13500,,13500,,,,,70000,78714,88.9294934772074,"[{""adm1_code"":2787,""adm1_name"":""Dalarnas Laen""},{""adm1_code"":2788,""adm1_name"":""Gaevleborgs Laen""}]",2021-09-14,2023-09-25
2021-0586-FRA,No,nat-hyd-flo-flo,Natural,Hydrological,Flood,Flood (General),,,FRA,France,Western Europe,Europe,Gard Department,Heavy rains,Lightening,No,No,No,,,Km2,,,,2021,9,14,2021,9,14,,,600,,600,,,,,,,88.9294934772074,"[{""adm2_code"":16286,""adm2_name"":""Gard""}]",2021-09-15,2024-10-28
2021-0618-MKD,No,tec-mis-exp-exp,Technological,Miscellaneous accident,Explosion (Miscellaneous),Explosion (Miscellaneous),,Hospital,MKD,North Macedonia,Southern Europe,Europe,Tetovo,,Fire,No,No,No,,,,,,,2021,9,8,2021,9,8,14,,,,,,,,,,,88.9294934772074,,2021-09-21,2023-09-25
2021-0627-GRC,No,nat-geo-ear-gro,Natural,Geophysical,Earthquake,Ground movement,,,GRC,Greece,Southern Europe,Europe,"Arkalochori, Archontiko, Roussochoria, Patsideros, Heraklion, Minoa Pediadas",,,No,No,Yes,,6,Moment Magnitude,35.252,25.26,,2021,9,27,2021,9,27,1,20,,2316,2336,,,,,30000,33735,88.9294934772074,"[{""adm2_code"":16705,""adm2_name"":""Irakleiou""}]",2021-09-29,2023-09-25
2021-0649-SVN,No,nat-hyd-flo-flo,Natural,Hydrological,Flood,Flood (General),,,SVN,Slovenia,Southern Europe,Europe,Ljubljana,Heavy rains,,No,No,No,,,Km2,,,,2021,9,29,2021,9,30,,,1500,,1500,,,,,,,88.9294934772074,"[{""adm2_code"":25577,""adm2_name"":""Ljubljana""}]",2021-10-05,2023-09-25
2021-0665-RUS,No,tec-tra-air-air,Technological,Transport,Air,Air,,L-410,RUS,Russian Federation,Eastern Europe,Europe,Tatarstan,,,No,No,No,,,,,,,2021,10,10,2021,10,10,16,,,,,,,,,,,88.9294934772074,,2021-10-11,2023-09-25
2021-0678-ESP,No,tec-tra-wat-wat,Technological,Transport,Water,Water,,Migrants,ESP,Spain,Southern Europe,Europe,Near Cadix,,,No,No,No,,,,,,,2021,10,16,2021,10,16,25,,3,,3,,,,,,,88.9294934772074,,2021-10-18,2024-08-27
2021-0687-BEL,No,nat-met-sto-sto,Natural,Meteorological,Storm,Storm (General),,Storm 'Aurore' (Hendrick),BEL,Belgium,Western Europe,Europe,,Strong winds,,No,No,No,,,Kph,,,,2021,10,21,2021,10,22,,,,,,,,,,,,88.9294934772074,,2021-10-22,2023-09-25
2021-0687-CZE,No,nat-met-sto-sto,Natural,Meteorological,Storm,Storm (General),,Storm 'Aurore' (Hendrick),CZE,Czechia,Eastern Europe,Europe,"Ústí nad Labem, Plzen, Prague (Central and Western Bohemia)",,,No,No,No,,,Kph,,,,2021,10,21,2021,10,22,,2,,,2,,,,,,,88.9294934772074,"[{""adm1_code"":1032,""adm1_name"":""Praha""},{""adm2_code"":14845,""adm2_name"":""Usti nad Labem""},{""adm2_code"":14883,""adm2_name"":""Plzen-jih""},{""adm2_code"":14884,""adm2_name"":""Plzen-mesto""},{""adm2_code"":14885,""adm2_name"":""Plzen-sever""}]",2021-11-05,2023-09-25
2021-0687-DEU,No,nat-met-sto-sto,Natural,Meteorological,Storm,Storm (General),,Storm 'Aurore' (Hendrick),DEU,Germany,Western Europe,Europe,"Brandenburg, Sachsen; Cochem (Rheinland-Pfalz)",Strong winds,,No,No,No,,,Kph,,,,2021,10,21,2021,10,22,1,4,,,4,,,,,,,88.9294934772074,"[{""adm1_code"":1311,""adm1_name"":""Brandenburg""},{""adm1_code"":1318,""adm1_name"":""Rheinland-Pfalz""},{""adm1_code"":1320,""adm1_name"":""Sachsen""}]",2021-10-22,2023-09-25
2021-0687-FRA,No,nat-met-sto-sto,Natural,Meteorological,Storm,Storm (General),,Storm 'Aurore' (Hendrick),FRA,France,Western Europe,Europe,"Brittany, Normandy, Champagne-Ardennes, Paris, Ile de France","Stro,gs wnds and heav rains",,No,No,No,,150,Kph,,,,2021,10,21,2021,10,22,,,,,,,,,,,,88.9294934772074,"[{""adm1_code"":1251,""adm1_name"":""Basse-Normandie""},{""adm1_code"":1253,""adm1_name"":""Bretagne""},{""adm1_code"":1255,""adm1_name"":""Champagne-Ardenne""},{""adm1_code"":1258,""adm1_name"":""Haute-Normandie""},{""adm2_code"":16280,""adm2_name"":""Paris""}]",2021-10-22,2023-09-25
2021-0687-GBR,No,nat-met-sto-sto,Natural,Meteorological,Storm,Storm (General),,Storm 'Aurore' (Hendrick),GBR,United Kingdom of Great Britain and Northern Ireland,Northern Europe,Europe,,,,No,No,No,,,Kph,,,,2021,10,21,2021,10,21,1,,,,,,,,,,,88.9294934772074,,2022-01-20,2023-09-25
2021-0687-NLD,No,nat-met-sto-sto,Natural,Meteorological,Storm,Storm (General),,Storm 'Aurore' (Hendrick),NLD,Netherlands (Kingdom of the),Western Europe,Europe,Barendrecht,Strong winds,,No,No,No,,,Kph,,,,2021,10,21,2021,10,22,,4,,,4,,,,,,,88.9294934772074,"[{""adm1_code"":2169,""adm1_name"":""Zuid-holland""}]",2021-10-22,2023-09-25
2021-0687-POL,No,nat-met-sto-sto,Natural,Meteorological,Storm,Storm (General),,Storm 'Aurore' (Hendrick),POL,Poland,Eastern Europe,Europe,"Dolno?l?skie, Wielkopolskie, Kujawsko-Pomorskie",Heavy rains and strong winds,,No,No,No,,,Kph,,,,2021,10,21,2021,10,22,4,13,,,13,,,,,,,88.9294934772074,"[{""adm1_code"":2370,""adm1_name"":""Dolnoslaskie""},{""adm1_code"":2371,""adm1_name"":""Kujawsko-Pomorskie""},{""adm1_code"":2384,""adm1_name"":""Wielkopolskie""}]",2021-10-22,2023-09-25
2021-0688-RUS,No,tec-ind-fir-fir,Technological,Industrial accident,Fire (Industrial),Fire (Industrial),,Explosives factory 'Elastik',RUS,Russian Federation,Eastern Europe,Europe,Riazan,,,No,No,No,,,m3,,,,2021,10,22,2021,10,22,16,,,,,,,,,,,88.9294934772074,,2021-10-22,2023-09-25
2021-0725-BIH,No,nat-hyd-flo-fla,Natural,Hydrological,Flood,Flash flood,GLIDE:FF-2021-000189,,BIH,Bosnia and Herzegovina,Southern Europe,Europe,"Ilidza, Trnovo, East Ilidza, Trnovo (FBIH), Stari Grad, Konjic, Jablanica, Novi Grad, Kiseljak, Goražde, Pale (FBIH), Pale, Fo?a, Sokolac, Gacko, Fo?a (FBIH), Novo Sarajevo, Zenica or Doboj",Heavy rain and river overflow,"Slide (land, mud, snow, rock)",No,No,Yes,,,Km2,,,"Bosnia, Tilava, and Zeljeznica Rivers",2021,11,4,2021,11,5,,,250000,,250000,,,,,,,88.9294934772074,"[{""adm2_code"":6242,""adm2_name"":""Neretvljanski""},{""adm2_code"":6245,""adm2_name"":""Srednjebosanski""},{""adm2_code"":6250,""adm2_name"":""Zenicko-dobojski""},{""adm2_code"":6258,""adm2_name"":""Bosanski Novi""},{""adm2_code"":6268,""adm2_name"":""Foca""},{""adm2_code"":6269,""adm2_name"":""Gacko""},{""adm2_code"":6271,""adm2_name"":""Gorazde""},{""adm2_code"":6275,""adm2_name"":""Ilidza""},{""adm2_code"":6282,""adm2_name"":""Konjic""},{""adm2_code"":6294,""adm2_name"":""Novo Sarajevo""},{""adm2_code"":6298,""adm2_name"":""Pale""},{""adm2_code"":6306,""adm2_name"":""Sokolac""},{""adm2_code"":6309,""adm2_name"":""Stari Grad""},{""adm2_code"":6316,""adm2_name"":""Trnovo""}]",2021-11-08,2023-09-25
2021-0753-BGR,No,tec-tra-roa-roa,Technological,Transport,Road,Road,,,BGR,Bulgaria,Eastern Europe,Europe,Near Bosnek,,,No,No,No,,,,,,,2021,11,22,2021,11,22,44,7,,,7,,,,,,,88.9294934772074,,2021-11-23,2023-09-25
2021-0756-FRA,No,nat-hyd-flo-flo,Natural,Hydrological,Flood,Flood (General),,,FRA,France,Western Europe,Europe,"Nord, Pas-de-Calais, Hauts-de-France Region",Heavy raiins,,No,No,No,,,Km2,,,,2021,11,27,2021,11,29,1,2,300,,302,,,,,,,88.9294934772074,"[{""adm1_code"":1265,""adm1_name"":""Nord-Pas-de-Calais""}]",2021-11-30,2023-09-25
2021-0760-RUS,No,tec-ind-ind-ind,Technological,Industrial accident,Industrial accident (General),Industrial accident (General),,Coal mine,RUS,Russian Federation,Eastern Europe,Europe,"Listviajnaïa (Gramoteïno, Kemerovo region)",,,No,No,No,,,m3,,,,2021,11,25,2021,11,25,57,,237,,237,,,,,,,88.9294934772074,,2021-11-30,2023-09-25
2021-0761-FRA,No,tec-tra-wat-wat,Technological,Transport,Water,Water,,Migrants,FRA,France,Western Europe,Europe,Calais,,,No,No,No,,,,,,,2021,11,24,2021,11,24,31,,,,,,,,,,,88.9294934772074,,2021-11-30,2023-09-25
2021-0766-ESP,No,nat-hyd-flo-flo,Natural,Hydrological,Flood,Flood (General),,,ESP,Spain,Southern Europe,Europe,"Asturias, Cantabria and Basque Regions",Cut-off low pressure area (locally referred to as DANA),"Slide (land, mud, snow, rock)|Snow/ice",No,No,No,,,Km2,,,"Sella, Linares, Bedon, Cares, Deva, Cadagua riivers",2021,11,22,2021,12,1,1,,100,,100,,,,,36000,40482,88.9294934772074,"[{""adm1_code"":2718,""adm1_name"":""Principado de Asturias""},{""adm1_code"":2721,""adm1_name"":""Cantabria""},{""adm1_code"":2733,""adm1_name"":""País Vasco/Euskadi""}]",2021-11-30,2024-10-28
2021-0792-FRA,No,nat-hyd-flo-flo,Natural,Hydrological,Flood,Flood (General),,,FRA,France,Western Europe,Europe,Nouvelle-Aquitaine; Occitanie; Landes; Pyrénées-Atlantiques,Heavy rains,"Slide (land, mud, snow, rock)",No,No,No,,,Km2,,,,2021,12,9,2021,12,10,,,100,,100,,,,,23000,25863,88.9294934772074,"[{""adm1_code"":1249,""adm1_name"":""Aquitaine""},{""adm1_code"":1260,""adm1_name"":""Languedoc-Rousillon""},{""adm1_code"":1262,""adm1_name"":""Limousin""},{""adm1_code"":1264,""adm1_name"":""Midi-Pyrenees""},{""adm1_code"":1268,""adm1_name"":""Poitou-Charentes""}]",2021-12-10,2024-10-28
2021-0825-FRA,No,nat-met-ext-col,Natural,Meteorological,Extreme temperature,Cold wave,,,FRA,France,Western Europe,Europe,Rhone region,,,No,No,Yes,,,°C,,,,2021,4,5,2021,4,8,,,,,,,,,,5600000,6297123,88.9294934772074,"[{""adm2_code"":16332,""adm2_name"":""Rhone""}]",2022-01-03,2024-04-23
2021-0839-GRC,No,tec-tra-wat-wat,Technological,Transport,Water,Water,,Migrants,GRC,Greece,Southern Europe,Europe,Near Paros,,,No,No,No,,,,,,,2021,12,24,2021,12,24,16,,63,,63,,,,,,,88.9294934772074,,2022-01-05,2023-09-25
2022-0081-CZE,No,nat-met-sto-ext,Natural,Meteorological,Storm,Extra-tropical storm,,Storm 'Malik' (Nadia),CZE,Czechia,Eastern Europe,Europe,,,,No,No,No,,,Kph,,,,2022,1,28,2022,1,31,1,,,,,,,,,,,96.0463421255491,,2022-02-09,2023-09-25
2022-0081-DEU,No,nat-met-sto-ext,Natural,Meteorological,Storm,Extra-tropical storm,,Storm 'Malik' (Nadia),DEU,Germany,Western Europe,Europe,,,,No,No,No,,,Kph,,,,2022,1,28,2022,1,31,1,2,,,2,,,,,,,96.0463421255491,,2022-02-09,2023-09-25
2022-0081-DNK,No,nat-met-sto-ext,Natural,Meteorological,Storm,Extra-tropical storm,,Storm 'Malik' (Nadia),DNK,Denmark,Northern Europe,Europe,,,Surge,No,No,No,,,Kph,,,,2022,1,28,2022,1,31,1,3,,,3,,,,,,,96.0463421255491,,2022-02-09,2023-09-25
2022-0081-GBR,No,nat-met-sto-ext,Natural,Meteorological,Storm,Extra-tropical storm,,Storm 'Malik' (Nadia),GBR,United Kingdom of Great Britain and Northern Ireland,Northern Europe,Europe,Scotland,,,No,No,No,,,Kph,,,,2022,1,28,2022,1,31,2,,,,,,,,,,,96.0463421255491,"[{""adm1_code"":3184,""adm1_name"":""Scotland""}]",2022-02-09,2024-04-23
2022-0081-NOR,No,nat-met-sto-ext,Natural,Meteorological,Storm,Extra-tropical storm,,Storm 'Malik' (Nadia),NOR,Norway,Northern Europe,Europe,Rogaland and Vestland counties,,,No,No,No,,,Kph,,,,2022,1,28,2022,1,31,,,,,,,,,,,,96.0463421255491,"[{""adm1_code"":2249,""adm1_name"":""Hordaland""},{""adm1_code"":2256,""adm1_name"":""Rogaland""},{""adm1_code"":2258,""adm1_name"":""Sogn og Fjordane""}]",2022-02-10,2024-04-23
2022-0081-POL,No,nat-met-sto-ext,Natural,Meteorological,Storm,Extra-tropical storm,,Storm 'Malik' (Nadia),POL,Poland,Eastern Europe,Europe,,,,No,No,No,,,Kph,,,,2022,1,28,2022,1,31,1,12,,,12,,,,,,,96.0463421255491,,2022-02-09,2023-09-25
2022-0097-CZE,No,nat-met-sto-ext,Natural,Meteorological,Storm,Extra-tropical storm,,Storm 'Dudley' (Ylenia),CZE,Czechia,Eastern Europe,Europe,Sn?žka,,,No,No,No,,181,Kph,,,,2022,2,16,2022,2,17,,3,,,3,,,,,,,96.0463421255491,,2022-02-18,2023-09-25
2022-0097-DEU,No,nat-met-sto-ext,Natural,Meteorological,Storm,Extra-tropical storm,,Storm 'Dudley' (Ylenia),DEU,Germany,Western Europe,Europe,"Brocken, Kahler Asten; North Rhine-Westphalia; Lower Saxony, Saxony-Anhalt",,Flood,Yes,No,No,,152,Kph,,,,2022,2,16,2022,2,17,3,,,,,,,,,,,96.0463421255491,"[{""adm1_code"":1316,""adm1_name"":""Niedersachsen""},{""adm1_code"":1317,""adm1_name"":""Nordrhein-Westfalen""},{""adm1_code"":1321,""adm1_name"":""Sachsen-Anhalt""}]",2022-02-18,2024-04-23
2022-0097-GBR,No,nat-met-sto-ext,Natural,Meteorological,Storm,Extra-tropical storm,,Storm 'Dudley' (Ylenia),GBR,United Kingdom of Great Britain and Northern Ireland,Northern Europe,Europe,"Cumbria, North Yorkshire, and Lancashire; Scotland, West Midlands County",,,No,No,No,,130,Kph,,,,2022,2,16,2022,2,17,1,,,,,,,,,,,96.0463421255491,"[{""adm1_code"":3184,""adm1_name"":""Scotland""},{""adm2_code"":40102,""adm2_name"":""Cumbria""},{""adm2_code"":40118,""adm2_name"":""Lancashire""},{""adm2_code"":40123,""adm2_name"":""North Yorkshire""},{""adm2_code"":40136,""adm2_name"":""West Midlands""}]",2022-02-18,2024-04-23
2022-0097-POL,No,nat-met-sto-ext,Natural,Meteorological,Storm,Extra-tropical storm,,Storm 'Dudley' (Ylenia),POL,Poland,Eastern Europe,Europe,"Krakow, Mazowieckie, Wielkopolskie, Kujawsko-Pomorskie and Zachodniopomorskie.",,,Yes,No,No,,80,Kph,,,,2022,2,16,2022,2,17,2,,1500,,1500,,,,,,,96.0463421255491,"[{""adm1_code"":2371,""adm1_name"":""Kujawsko-Pomorskie""},{""adm1_code"":2376,""adm1_name"":""Mazowieckie""},{""adm1_code"":2384,""adm1_name"":""Wielkopolskie""},{""adm1_code"":2385,""adm1_name"":""Zachodnio-Pomorskie""},{""adm2_code"":24400,""adm2_name"":""Krakow""},{""adm2_code"":24401,""adm2_name"":""Krakow I""},{""adm2_code"":24402,""adm2_name"":""Krakow II""}]",2022-02-18,2024-04-23
2022-0111-GRC,No,tec-tra-wat-wat,Technological,Transport,Water,Water,,Ferry 'Euroferry Olympia',GRC,Greece,Southern Europe,Europe,Near Corfou,,,No,No,No,,,,,,,2022,2,18,2022,2,18,11,,,,,,,,,,,96.0463421255491,,2022-02-24,2023-09-25
2022-0112-BEL,No,nat-met-sto-ext,Natural,Meteorological,Storm,Extra-tropical storm,,Storm 'Eunice' (Zeynep),BEL,Belgium,Western Europe,Europe,,,,No,No,No,,,Kph,,,,2022,2,18,2022,2,18,2,,,,,,,,,,,96.0463421255491,,2022-02-24,2023-09-25
2022-0112-DEU,No,nat-met-sto-ext,Natural,Meteorological,Storm,Extra-tropical storm,,Storm 'Eunice' (Zeynep),DEU,Germany,Western Europe,Europe,,,,No,No,No,,,Kph,,,,2022,2,18,2022,2,18,3,,,,,,,,,1023156,1065273,96.0463421255491,,2022-02-24,2023-09-25
2022-0112-FRA,No,nat-met-sto-ext,Natural,Meteorological,Storm,Extra-tropical storm,,Storm 'Eunice' (Zeynep),FRA,France,Western Europe,Europe,"Pas-de-Calais, Nord, Seine-Maritime, Manche departments",,,No,No,No,,,Kph,,,,2022,2,18,2022,2,18,,28,,,28,,,,,,,96.0463421255491,"[{""adm2_code"":16250,""adm2_name"":""Manche""},{""adm2_code"":16277,""adm2_name"":""Seine-Maritime""},{""adm2_code"":16306,""adm2_name"":""Nord""},{""adm2_code"":16307,""adm2_name"":""Pas-de-Calais""}]",2022-02-25,2023-09-25
2022-0112-GBR,No,nat-met-sto-ext,Natural,Meteorological,Storm,Extra-tropical storm,,Storm 'Eunice' (Zeynep),GBR,United Kingdom of Great Britain and Northern Ireland,Northern Europe,Europe,,,,No,No,No,,196,Kph,,,,2022,2,18,2022,2,18,3,,,,,,,,,491342,511568,96.0463421255491,,2022-02-24,2023-09-25
2022-0112-IRL,No,nat-met-sto-ext,Natural,Meteorological,Storm,Extra-tropical storm,,Storm 'Eunice' (Zeynep),IRL,Ireland,Northern Europe,Europe,,,,No,No,No,,,Kph,,,,2022,2,18,2022,2,18,1,,,,,,,,,,,96.0463421255491,,2022-02-24,2023-09-25
2022-0112-NLD,No,nat-met-sto-ext,Natural,Meteorological,Storm,Extra-tropical storm,,Storm 'Eunice' (Zeynep),NLD,Netherlands (Kingdom of the),Western Europe,Europe,,,,No,No,No,,,Kph,,,,2022,2,18,2022,2,18,4,,,,,,,,,568420,591818,96.0463421255491,,2022-02-24,2023-09-25
2022-0112-POL,No,nat-met-sto-ext,Natural,Meteorological,Storm,Extra-tropical storm,,Storm 'Eunice' (Zeynep),POL,Poland,Eastern Europe,Europe,,,,No,No,No,,,Kph,,,,2022,2,18,2022,2,18,4,,,,,,,,,,,96.0463421255491,,2022-02-24,2023-09-25
2022-0224-POL,No,tec-ind-exp-exp,Technological,Industrial accident,Explosion (Industrial),Explosion (Industrial),,Coal mine,POL,Poland,Eastern Europe,Europe,Pawlowice,,,No,No,No,,,m3,,,,2022,4,20,2022,4,20,12,21,,,21,,,,,,,96.0463421255491,,2022-04-20,2023-09-25
2022-0231-BIH,No,nat-geo-ear-gro,Natural,Geophysical,Earthquake,Ground movement,,,BIH,Bosnia and Herzegovina,Southern Europe,Europe,Ljubinje and Capljina,,,No,No,No,,5.6,Moment Magnitude,,,,2022,4,23,2022,4,23,1,2,1050,,1052,,,,,26000,27070,96.0463421255491,"[{""adm2_code"":6286,""adm2_name"":""Ljubinje""}]",2022-04-26,2023-09-25
2022-0234-RUS,No,tec-mis-fir-fir,Technological,Miscellaneous accident,Fire (Miscellaneous),Fire (Miscellaneous),,Military institute,RUS,Russian Federation,Eastern Europe,Europe,Tver,,,No,No,No,,,,,,,2022,4,21,2022,4,21,17,,,,,,,,,,,96.0463421255491,,2022-04-26,2023-09-25
2022-0235-POL,No,tec-ind-ind-ind,Technological,Industrial accident,Industrial accident (General),Industrial accident (General),,Coal mine,POL,Poland,Eastern Europe,Europe,Zofiowka,,,No,No,No,,,m3,,,,2022,4,23,2022,4,23,10,,,,,,,,,,,96.0463421255491,,2022-04-26,2023-09-25
2022-0270-UKR,No,tec-tra-roa-roa,Technological,Transport,Road,Road,,,UKR,Ukraine,Eastern Europe,Europe,Rivne,,,No,No,No,,,,,,,2022,5,4,2022,5,4,26,12,,,12,,,,,,,96.0463421255491,,2022-05-06,2023-09-25
2022-0275-RUS,No,nat-cli-wil-for,Natural,Climatological,Wildfire,Forest fire,,,RUS,Russian Federation,Eastern Europe,Europe,"Krasnoïarsk, Kemerovo, Omsk, Kurgan, Irkutsk, and Novosibirsk regions (Siberia)",Violent wind,,No,No,No,,,Km2,,,,2022,5,6,2022,5,10,16,12,,2190,2202,,,,,,,96.0463421255491,"[{""adm1_code"":2506,""adm1_name"":""Irkutskaya Oblast""},{""adm1_code"":2515,""adm1_name"":""Kemerovskaya Oblast""},{""adm1_code"":2524,""adm1_name"":""Krasnodarskiy Kray""},{""adm1_code"":2526,""adm1_name"":""Kurganskaya Oblast""},{""adm1_code"":2541,""adm1_name"":""Novosibirskaya Oblast""},{""adm1_code"":2542,""adm1_name"":""Omskaya Oblast""}]",2022-05-10,2023-09-25
2022-0343-RUS,No,nat-met-sto-sev,Natural,Meteorological,Storm,Severe weather,,,RUS,Russian Federation,Eastern Europe,Europe,"Lazarevsky District, Sochi Greater Area (Krasnodar Krai)",,Flood,No,No,No,,,Kph,,,Reka Chimit river,2022,6,24,2022,6,27,6,,300,,300,,,,,,,96.0463421255491,"[{""adm1_code"":2524,""adm1_name"":""Krasnodarskiy Kray""}]",2022-06-28,2025-03-18
2022-0355-ESP,No,nat-cli-wil-for,Natural,Climatological,Wildfire,Forest fire,,,ESP,Spain,Southern Europe,Europe,"Zamora Province (Castile and León Autonomous Community); Navarra Autonomous Community; Lleida Province (Catalonia Autonomous Community); Malaga province (Andalusia region); Cáceres (Extremadura region); Lugo and Ourense provnces (Galicia region); Cabezo-Ladrillar-Monsagro (Salamanca province, Castile and León region)",Long-lasting extreme heat,,No,No,No,,,Km2,,,,2022,6,18,2022,7,18,,,3500,,3500,,,,,,,96.0463421255491,,2022-06-29,2025-03-18
2022-0373-FRA,No,nat-met-sto-sev,Natural,Meteorological,Storm,Severe weather,,,FRA,France,Western Europe,Europe,"Rouen City (Seine-Maritime Department, Normandy Region); Loir-et-Cher Department (Centre-Val de Loire Region)",,Hail|Lightening,No,No,No,,,Kph,,,,2022,6,4,2022,6,5,1,15,60000,,60015,,,,,,,96.0463421255491,"[{""adm2_code"":16264,""adm2_name"":""Loir-et-Cher""},{""adm2_code"":16277,""adm2_name"":""Seine-Maritime""}]",2022-06-29,2025-03-18
2022-0401-ITA,No,nat-cli-glo-glo,Natural,Climatological,Glacial lake outburst flood,Glacial lake outburst flood,,,ITA,Italy,Southern Europe,Europe,"Marmolada mountain (Dolomite Alps range), between Trento Province in the Trentino-South Tyrol Region and Belluno Province in Veneto Region",,,No,No,No,,,,,,,2022,7,3,2022,7,3,11,,,,,,,,,,,96.0463421255491,,2022-07-05,2025-03-18
2022-0407-GRC,No,nat-cli-wil-wil,Natural,Climatological,Wildfire,Wildfire (General),,,GRC,Greece,Southern Europe,Europe,"Portes village in Achaia Region (north-west Peloponnese Peninsula); Delphi municipality (central Greece); Itea; Amfissa; East Macedonia & Thrace, Epirus, Central Greece, North Aegean, Ionian Islands",High temperatures and increased wind intensity,,No,No,Yes,,,Km2,,,,2022,7,3,2022,7,23,,,55000,,55000,,,,,,,96.0463421255491,,2022-07-07,2023-09-26
2022-0417-PRT,No,nat-cli-wil-wil,Natural,Climatological,Wildfire,Wildfire (General),,,PRT,Portugal,Southern Europe,Europe,"Leiria and Santarem districts in Ourém municipality (Santarem District); Porto district; Torre de Moncorvo, Bragança district",,Heat wave|Transport accident,No,No,No,,,Km2,,,,2022,7,9,2022,7,12,3,187,,,187,,,,,,,96.0463421255491,"[{""adm1_code"":2408,""adm1_name"":""Porto""},{""adm1_code"":2409,""adm1_name"":""Santarem""},{""adm2_code"":24712,""adm2_name"":""Torre De Moncorvo""}]",2022-07-12,2025-03-18
2022-0465-ALB,No,nat-met-ext-hea,Natural,Meteorological,Extreme temperature,Heat wave,,,ALB,Albania,Southern Europe,Europe,,,,No,No,No,,,°C,,,,2022,5,30,2022,9,4,352,,,,,,,,,,,96.0463421255491,,2023-07-17,2023-09-26
2022-0465-AUT,No,nat-met-ext-hea,Natural,Meteorological,Extreme temperature,Heat wave,,,AUT,Austria,Western Europe,Europe,,,,No,No,No,,36.3,°C,,,,2022,5,30,2022,9,4,419,,,,,,,,,,,96.0463421255491,,2023-07-17,2023-09-26
2022-0465-BEL,No,nat-met-ext-hea,Natural,Meteorological,Extreme temperature,Heat wave,,,BEL,Belgium,Western Europe,Europe,,,,No,No,No,,40,°C,,,,2022,5,30,2022,9,4,434,,,,,,,,,,,96.0463421255491,,2023-07-17,2023-09-26
2022-0465-BGR,No,nat-met-ext-hea,Natural,Meteorological,Extreme temperature,Heat wave,,,BGR,Bulgaria,Eastern Europe,Europe,,,,No,No,No,,,°C,,,,2022,5,30,2022,9,4,1277,,,,,,,,,,,96.0463421255491,,2023-07-17,2023-09-26
2022-0465-CHE,No,nat-met-ext-hea,Natural,Meteorological,Extreme temperature,Heat wave,,,CHE,Switzerland,Western Europe,Europe,,,,No,No,No,,38.3,°C,,,,2022,5,30,2022,9,4,302,,,,,,,,,,,96.0463421255491,,2023-07-17,2023-09-26
2022-0465-CZE,No,nat-met-ext-hea,Natural,Meteorological,Extreme temperature,Heat wave,,,CZE,Czechia,Eastern Europe,Europe,,,,No,No,No,,,°C,,,,2022,5,30,2022,9,4,279,,,,,,,,,,,96.0463421255491,,2023-07-17,2023-09-26
2022-0465-DEU,No,nat-met-ext-hea,Natural,Meteorological,Extreme temperature,Heat wave,,,DEU,Germany,Western Europe,Europe,,,,No,No,No,,40.3,°C,,,,2022,5,30,2022,9,4,8173,,,,,,,,,,,96.0463421255491,,2022-07-28,2023-09-26
2022-0465-DNK,No,nat-met-ext-hea,Natural,Meteorological,Extreme temperature,Heat wave,,,DNK,Denmark,Northern Europe,Europe,"Abed, Stokkemarke Parish, Lolland, Copenhagen, Vordingborg",,,No,No,No,,35.9,°C,,,,2022,5,30,2022,9,4,252,,,,,,,,,,,96.0463421255491,,2023-07-17,2023-09-26
2022-0465-ESP,No,nat-met-ext-hea,Natural,Meteorological,Extreme temperature,Heat wave,,,ESP,Spain,Southern Europe,Europe,,,,No,No,No,,43.2,°C,,,,2022,5,30,2022,9,4,11324,,,,,,,,,,,96.0463421255491,,2022-07-28,2023-09-26
2022-0465-EST,No,nat-met-ext-hea,Natural,Meteorological,Extreme temperature,Heat wave,,,EST,Estonia,Northern Europe,Europe,,,,No,No,No,,,°C,,,,2022,5,30,2022,9,4,167,,,,,,,,,,,96.0463421255491,,2023-07-17,2023-09-26
2022-0465-FIN,No,nat-met-ext-hea,Natural,Meteorological,Extreme temperature,Heat wave,,,FIN,Finland,Northern Europe,Europe,,,,No,No,No,,32.5,°C,,,,2022,5,30,2022,9,4,225,,,,,,,,,,,96.0463421255491,,2023-07-17,2023-09-26
2022-0465-FRA,No,nat-met-ext-hea,Natural,Meteorological,Extreme temperature,Heat wave,,,FRA,France,Western Europe,Europe,,,,No,No,No,,42,°C,,,,2022,5,30,2022,9,4,4807,,,,,,,,,,,96.0463421255491,,2022-07-28,2023-09-26
2022-0465-GBR,No,nat-met-ext-hea,Natural,Meteorological,Extreme temperature,Heat wave,,,GBR,United Kingdom of Great Britain and Northern Ireland,Northern Europe,Europe,,,,No,No,No,,40.3,°C,,,,2022,5,30,2022,9,4,3469,,,,,,,,,,,96.0463421255491,,2022-07-28,2023-09-26
2022-0465-GRC,No,nat-met-ext-hea,Natural,Meteorological,Extreme temperature,Heat wave,,,GRC,Greece,Southern Europe,Europe,,,,No,No,No,,42.1,°C,,,,2022,5,30,2022,9,4,3092,,,,,,,,,,,96.0463421255491,,2023-07-17,2023-09-26
2022-0465-HRV,No,nat-met-ext-hea,Natural,Meteorological,Extreme temperature,Heat wave,,,HRV,Croatia,Southern Europe,Europe,"Zagreb, Osijek, Karlovac, Slavonski Brod, Knin, Valopovo",,,No,No,No,,40,°C,,,,2022,5,30,2022,9,4,731,,,,,,,,,,,96.0463421255491,"[{""adm1_code"":990,""adm1_name"":""Grad Zagreb""},{""adm1_code"":992,""adm1_name"":""Karlovac""},{""adm1_code"":997,""adm1_name"":""Osijek-baranja""},{""adm1_code"":1002,""adm1_name"":""Slavonski Brod-posav""},{""adm1_code"":1007,""adm1_name"":""Zadar-knin""}]",2023-07-17,2023-09-26
2022-0465-HUN,No,nat-met-ext-hea,Natural,Meteorological,Extreme temperature,Heat wave,,,HUN,Hungary,Eastern Europe,Europe,,,,No,No,No,,41.9,°C,,,,2022,5,30,2022,9,4,513,,,,,,,,,,,96.0463421255491,,2023-07-17,2023-09-26
2022-0465-IRL,No,nat-met-ext-hea,Natural,Meteorological,Extreme temperature,Heat wave,,,IRL,Ireland,Northern Europe,Europe,,,,No,No,No,,33.3,°C,,,,2022,5,30,2022,9,4,26,,,,,,,,,,,96.0463421255491,,2023-07-17,2023-09-26
2022-0465-ITA,No,nat-met-ext-hea,Natural,Meteorological,Extreme temperature,Heat wave,,,ITA,Italy,Southern Europe,Europe,,,,No,No,No,,40.8,°C,,,,2022,5,30,2022,9,4,18010,,,,,,,,,,,96.0463421255491,,2023-07-17,2023-09-26
2022-0465-LTU,No,nat-met-ext-hea,Natural,Meteorological,Extreme temperature,Heat wave,,,LTU,Lithuania,Northern Europe,Europe,,,,No,No,No,,,°C,,,,2022,5,30,2022,9,4,381,,,,,,,,,,,96.0463421255491,,2023-08-21,2023-09-26
2022-0465-LUX,No,nat-met-ext-hea,Natural,Meteorological,Extreme temperature,Heat wave,,,LUX,Luxembourg,Western Europe,Europe,,,,No,No,No,,,°C,,,,2022,5,30,2022,9,4,44,,,,,,,,,,,96.0463421255491,,2023-08-21,2023-09-26
2022-0465-LVA,No,nat-met-ext-hea,Natural,Meteorological,Extreme temperature,Heat wave,,,LVA,Latvia,Northern Europe,Europe,,,,No,No,No,,,°C,,,,2022,5,30,2022,9,4,105,,,,,,,,,,,96.0463421255491,,2023-08-21,2023-09-26
2022-0465-MLT,No,nat-met-ext-hea,Natural,Meteorological,Extreme temperature,Heat wave,,,MLT,Malta,Southern Europe,Europe,,,,No,No,No,,,°C,,,,2022,5,30,2022,9,4,76,,,,,,,,,,,96.0463421255491,,2023-08-21,2023-09-26
2022-0465-MNE,No,nat-met-ext-hea,Natural,Meteorological,Extreme temperature,Heat wave,,,MNE,Montenegro,Southern Europe,Europe,,,,No,No,No,,,°C,,,,2022,5,30,2022,9,4,50,,,,,,,,,,,96.0463421255491,,2023-08-21,2023-09-26
2022-0465-NLD,No,nat-met-ext-hea,Natural,Meteorological,Extreme temperature,Heat wave,,,NLD,Netherlands (Kingdom of the),Western Europe,Europe,,,,No,No,No,,39.5,°C,,,,2022,5,30,2022,9,4,469,,,,,,,,,,,96.0463421255491,,2023-07-17,2023-09-26
2022-0465-NOR,No,nat-met-ext-hea,Natural,Meteorological,Extreme temperature,Heat wave,,,NOR,Norway,Northern Europe,Europe,,,,No,No,No,,34,°C,,,,2022,5,30,2022,9,30,30,,,,,,,,,,,96.0463421255491,,2023-07-17,2023-09-26
2022-0465-POL,No,nat-met-ext-hea,Natural,Meteorological,Extreme temperature,Heat wave,,,POL,Poland,Eastern Europe,Europe,,,,No,No,No,,38.3,°C,,,,2022,5,30,2022,9,4,763,,,,,,,,,,,96.0463421255491,,2023-07-17,2023-09-26
2022-0465-PRT,No,nat-met-ext-hea,Natural,Meteorological,Extreme temperature,Heat wave,,,PRT,Portugal,Southern Europe,Europe,,,,No,No,No,,47,°C,,,,2022,5,30,2022,9,4,2212,,,,,,,,,,,96.0463421255491,,2022-07-28,2023-09-26
2022-0465-ROU,No,nat-met-ext-hea,Natural,Meteorological,Extreme temperature,Heat wave,,,ROU,Romania,Eastern Europe,Europe,,,,No,No,No,,39.3,°C,,,,2022,5,30,2022,9,4,2455,,,,,,,,,,,96.0463421255491,,2023-07-17,2023-09-26
2022-0465-SRB,No,nat-met-ext-hea,Natural,Meteorological,Extreme temperature,Heat wave,,,SRB,Serbia,Southern Europe,Europe,,,,No,No,No,,40,°C,,,,2022,5,30,2022,9,4,574,,,,,,,,,,,96.0463421255491,,2023-07-17,2023-09-26
2022-0465-SVK,No,nat-met-ext-hea,Natural,Meteorological,Extreme temperature,Heat wave,,,SVK,Slovakia,Eastern Europe,Europe,,,,No,No,No,,37,°C,,,,2022,5,30,2022,9,4,365,,,,,,,,,,,96.0463421255491,,2023-07-17,2023-09-26
2022-0465-SVN,No,nat-met-ext-hea,Natural,Meteorological,Extreme temperature,Heat wave,,,SVN,Slovenia,Southern Europe,Europe,,,,No,No,No,,40.6,°C,,,,2022,5,30,2022,9,4,154,,,,,,,,,,,96.0463421255491,,2023-07-17,2023-09-26
2022-0465-SWE,No,nat-met-ext-hea,Natural,Meteorological,Extreme temperature,Heat wave,,,SWE,Sweden,Northern Europe,Europe,,,,No,No,No,,36.9,°C,,,,2022,5,30,2022,9,30,40,,,,,,,,,,,96.0463421255491,,2023-07-17,2023-09-26
2022-0473-RUS,No,nat-hyd-flo-flo,Natural,Hydrological,Flood,Flood (General),,,RUS,Russian Federation,Eastern Europe,Europe,"Lazarevsky, Khostinsky, Sochi regions",Heavy rains,,No,No,Yes,,,Km2,,,,2022,7,22,2022,7,25,1,,750,,750,,,,,,,96.0463421255491,,2022-07-29,2023-09-26
2022-0507-BIH,No,tec-tra-roa-roa,Technological,Transport,Road,Road,,,BIH,Bosnia and Herzegovina,Southern Europe,Europe,,,,No,No,No,,,,,,,2022,8,6,2022,8,6,12,30,,,30,,,,,,,96.0463421255491,,2022-08-09,2023-09-26
2022-0525-AUT,No,nat-met-sto-sev,Natural,Meteorological,Storm,Severe weather,,,AUT,Austria,Western Europe,Europe,Kärnten and Niederösterreich,,Lightening,No,No,No,,,Kph,,,,2022,8,17,2022,8,18,5,13,,,13,,,,,,,96.0463421255491,,2022-08-19,2024-04-16
2022-0525-FRA,No,nat-met-sto-sev,Natural,Meteorological,Storm,Severe weather,,,FRA,France,Western Europe,Europe,Corsica,,Lightening,No,No,No,,,Kph,,,,2022,8,17,2022,8,18,5,33,,,33,,,,,,,96.0463421255491,"[{""adm1_code"":1256,""adm1_name"":""Corse""}]",2022-08-19,2023-09-26
2022-0525-ITA,No,nat-met-sto-sev,Natural,Meteorological,Storm,Severe weather,,,ITA,Italy,Southern Europe,Europe,"Stromboli Isl.; Calabia; Sardinia; Tuscany, Liguria, Emilia-Romagna",,Hail|Lightening,No,No,Yes,,,Kph,,,,2022,8,14,2022,8,18,2,15,50,,65,,,,,,,96.0463421255491,"[{""adm1_code"":1618,""adm1_name"":""Calabria""},{""adm1_code"":1620,""adm1_name"":""Emilia-romagna""},{""adm1_code"":1623,""adm1_name"":""Liguria""},{""adm1_code"":1629,""adm1_name"":""Sardegna""},{""adm1_code"":1631,""adm1_name"":""Toscana""}]",2022-08-19,2023-09-26
2022-0543-RUS,No,tec-tra-roa-roa,Technological,Transport,Road,Road,,,RUS,Russian Federation,Eastern Europe,Europe,Oulianovsk (Volga),,,No,No,No,,,,,,,2022,8,21,2022,8,21,16,3,,,3,,,,,,,96.0463421255491,,2022-08-22,2023-09-26
2022-0585-BGR,No,nat-hyd-flo-fla,Natural,Hydrological,Flood,Flash flood,GLIDE:FL-2022-000312,,BGR,Bulgaria,Eastern Europe,Europe,"Karlovo, Kaloyanovo and Maritsa (Plovdiv province)",Heavy rains,,No,No,No,,,Km2,,,Stryama river,2022,9,2,2022,9,2,,,10937,,10937,,,,,47000,48935,96.0463421255491,"[{""adm2_code"":11969,""adm2_name"":""Kalojanovo""},{""adm2_code"":11970,""adm2_name"":""Karlovo""},{""adm2_code"":11973,""adm2_name"":""Maritca""}]",2022-09-09,2023-09-26
2022-0609-ITA,No,nat-hyd-flo-flo,Natural,Hydrological,Flood,Flood (General),,,ITA,Italy,Southern Europe,Europe,"Ancona, Pesaro (Marches region)",Heavy rains,"Slide (land, mud, snow, rock)|Storm",No,No,Yes,,,Km2,,,"Barbara, Otra and Trecastelli",2022,9,15,2022,9,16,12,33,,,33,,,,,,,96.0463421255491,,2022-09-20,2024-04-16
2022-0630-GRC,No,tec-tra-wat-wat,Technological,Transport,Water,Water,,Migrants,GRC,Greece,Southern Europe,Europe,Near Lesbos,,,No,No,No,,,,,,,2022,10,5,2022,10,5,46,,,,,,,,,,,96.0463421255491,,2022-10-06,2023-09-26
2022-0683-RUS,No,tec-tra-air-air,Technological,Transport,Air,Air,,Soukhoï 34,RUS,Russian Federation,Eastern Europe,Europe,Ieïsk,,,No,No,No,,,,,,,2022,10,17,2022,10,17,15,43,,,43,,,,,,,96.0463421255491,,2022-10-18,2023-09-26
2022-0697-FRA,No,nat-met-sto-sev,Natural,Meteorological,Storm,Severe weather,,,FRA,France,Western Europe,Europe,"Normandy, Hauts-de-France, and Bourgogne-Franche-Comté",,Hail|Lightening,No,No,No,,,Kph,,,,2022,10,23,2022,10,24,,2,300,,302,,,,,,,96.0463421255491,"[{""adm1_code"":1251,""adm1_name"":""Basse-Normandie""},{""adm1_code"":1252,""adm1_name"":""Bourgogne""},{""adm1_code"":1257,""adm1_name"":""Franche-Comte""},{""adm1_code"":1258,""adm1_name"":""Haute-Normandie""},{""adm1_code"":1265,""adm1_name"":""Nord-Pas-de-Calais""}]",2022-10-25,2023-09-26
2022-0775-ITA,No,nat-hyd-mmw-mud,Natural,Hydrological,Mass movement (wet),Mudslide,,,ITA,Italy,Southern Europe,Europe,Casamicciola municipality (northern Ischia Island),Heavy rains,Flood,No,No,Yes,,,,,,,2022,11,26,2022,11,26,12,5,230,,235,,,,,,,96.0463421255491,,2022-11-28,2023-09-26
2022-0796-ESP,No,tec-tra-rai-rai,Technological,Transport,Rail,Rail,,,ESP,Spain,Southern Europe,Europe,Barcelone,,,No,No,No,,,,,,,2022,12,7,2022,12,9,,155,,,155,,,,,,,96.0463421255491,,2022-12-09,2023-09-26
2022-0797-UKR,No,tec-tra-roa-roa,Technological,Transport,Road,Road,,,UKR,Ukraine,Eastern Europe,Europe,Between Torez et Chakhtiorsk.,,,No,No,No,,,,,,,2022,12,7,2022,12,7,16,4,,,4,,,,,,,96.0463421255491,,2022-12-09,2023-09-26
2022-0804-FRA,No,tec-mis-fir-fir,Technological,Miscellaneous accident,Fire (Miscellaneous),Fire (Miscellaneous),,Building,FRA,France,Western Europe,Europe,Vaulx-en-Velin (Lyon),,,No,No,No,,,,,,,2022,12,16,2022,12,16,10,19,,,19,,,,,,,96.0463421255491,,2022-12-21,2023-09-26
2022-0825-BIH,No,nat-hyd-flo-flo,Natural,Hydrological,Flood,Flood (General),GLIDE:FL-2022-000378,,BIH,Bosnia and Herzegovina,Southern Europe,Europe,"Novi Grad, Gradiska, Sanski Most, Sanski Most, Biha? and Bosanska Krupa municipalities",,"Slide (land, mud, snow, rock)",No,No,Yes,,,Km2,,,Majdanusa river,2022,12,11,2022,12,22,1,,3000,,3000,,,,,,,96.0463421255491,,2022-12-22,2023-09-26
2022-0825-HRV,No,nat-hyd-flo-flo,Natural,Hydrological,Flood,Flood (General),GLIDE:FL-2022-000378,,HRV,Croatia,Southern Europe,Europe,Zadar county; Gracac municipality,,,No,No,No,,,Km2,,,,2022,12,11,2022,12,11,,,,,,,,,,,,96.0463421255491,,2022-12-22,2023-09-26
2022-0831-RUS,No,tec-mis-fir-fir,Technological,Miscellaneous accident,Fire (Miscellaneous),Fire (Miscellaneous),,Elderly house,RUS,Russian Federation,Eastern Europe,Europe,Kemerovo (Siberia),,,No,No,No,,,,,,,2022,12,23,2022,12,24,22,6,,,6,,,,,,,96.0463421255491,,2023-01-02,2023-09-26
2022-9405-FRA,No,nat-cli-dro-dro,Natural,Climatological,Drought,Drought,,,FRA,France,Western Europe,Europe,,Lack of rains,,No,No,No,,,Km2,,,,2022,7,,2022,8,,,,,,,,,,,,,96.0463421255491,,2022-08-09,2023-09-26
2022-9405-GBR,No,nat-cli-dro-dro,Natural,Climatological,Drought,Drought,,,GBR,United Kingdom of Great Britain and Northern Ireland,Northern Europe,Europe,,,,No,No,Yes,,,Km2,,,,2022,4,,2022,8,,,,,,,,,,,,,96.0463421255491,,2022-08-19,2023-09-26
2022-9405-ITA,No,nat-cli-dro-dro,Natural,Climatological,Drought,Drought,,,ITA,Italy,Southern Europe,Europe,"Émilie-Romagne, Frioul-Vénétie Julienne, Lombardie, Vénétie et dans le Piémont",Lack of rain,,No,No,Yes,,,Km2,,,,2022,6,,2022,12,,,,,,,,,,,,,96.0463421255491,,2022-07-05,2023-09-26
2022-9405-PRT,No,nat-cli-dro-dro,Natural,Climatological,Drought,Drought,,,PRT,Portugal,Southern Europe,Europe,,,Heat wave,No,No,No,,,Km2,,,,2022,7,,2023,6,,,,,,,,,,,,,96.0463421255491,,2022-08-09,2023-09-26
2023-0013-UKR,No,tec-tra-air-air,Technological,Transport,Air,Air,,Helicopter,UKR,Ukraine,Eastern Europe,Europe,"Brovary, (near Kiev)",,,No,No,No,,,,,,,2023,1,18,2023,1,18,16,22,,,22,,,,,,,100,,2023-01-19,2023-09-26
2023-0022-SRB,No,nat-hyd-flo-riv,Natural,Hydrological,Flood,Riverine flood,,,SRB,Serbia,Southern Europe,Europe,"Sjenica and Brodarevo Novi Pazar Municipality; Novi Pazar Municipality (Sumadija and Western Serbia Region, south-western Serbia)",Heavy rainfall and river overflow,,No,No,No,,,Km2,,,Trnavica River,2023,1,18,2023,1,20,2,,210,,210,,,,,,,100,,2023-01-23,2023-09-26
2023-0075-AUT,No,nat-hyd-mmw-ava,Natural,Hydrological,Mass movement (wet),Avalanche (wet),,,AUT,Austria,Western Europe,Europe,,,,No,No,No,,,,,,,2023,2,4,2023,2,5,8,,,,,,,,,,,100,,2023-02-10,2023-09-26
2023-0075-CHE,No,nat-hyd-mmw-ava,Natural,Hydrological,Mass movement (wet),Avalanche (wet),,,CHE,Switzerland,Western Europe,Europe,,,,No,No,No,,,,,,,2023,2,4,2023,2,5,2,,,,,,,,,,,100,,2023-02-10,2023-09-26
2023-0075-ITA,No,nat-hyd-mmw-ava,Natural,Hydrological,Mass movement (wet),Avalanche (wet),,,ITA,Italy,Southern Europe,Europe,,,,No,No,No,,,,,,,2023,2,4,2023,2,5,1,,,,,,,,,,,100,,2023-02-10,2023-09-26
2023-0105-ITA,No,tec-tra-wat-wat,Technological,Transport,Water,Water,,Migrants,ITA,Italy,Southern Europe,Europe,Near Crotone,,,No,No,No,,,,,,,2023,2,26,2023,2,26,64,,79,,79,,,,,,,100,,2023-02-28,2023-09-26
2023-0113-GRC,No,tec-tra-rai-rai,Technological,Transport,Rail,Rail,,,GRC,Greece,Southern Europe,Europe,Near Larissa,,,No,No,No,,,,,,,2023,3,1,2023,3,1,57,,,,,,,,,,,100,,2023-03-03,2023-09-26
2023-0147-ITA,No,tec-tra-wat-wat,Technological,Transport,Water,Water,,Migrants,ITA,Italy,Southern Europe,Europe,Near Cutro (Calabre),,,No,No,No,,,,,,,2023,2,26,2023,2,26,100,,,,,,,,,,,100,,2023-03-16,2023-09-26
2023-0212-BLR,No,nat-hyd-flo-flo,Natural,Hydrological,Flood,Flood (General),,,BLR,Belarus,Eastern Europe,Europe,"Vitebsk, Gomel, Minsk; Grodno and Mogilev regions",Heavy rainfall and snowmelt,,No,No,No,,,Km2,,,,2023,3,30,2023,4,2,,,420,,420,,,,,,,100,"[{""adm1_code"":594,""adm1_name"":""Gomel""},{""adm1_code"":595,""adm1_name"":""Grodno""},{""adm1_code"":596,""adm1_name"":""Minsk""},{""adm1_code"":598,""adm1_name"":""Mogilev""},{""adm1_code"":599,""adm1_name"":""Vitebsk""}]",2023-04-06,2023-09-26
2023-0212-LVA,No,nat-hyd-flo-flo,Natural,Hydrological,Flood,Flood (General),,,LVA,Latvia,Northern Europe,Europe,Upper Daugava and Augšdaugava regions,Heavy rainfall and snowmelt,,No,No,No,,,Km2,,,,2023,3,30,2023,4,2,,,200,,200,,,,,,,100,,2023-04-06,2023-09-26
2023-0219-ITA,No,tec-tra-wat-wat,Technological,Transport,Water,Water,,Migrants,ITA,Italy,Southern Europe,Europe,Near Lampedusa,,,No,No,No,,,,,,,2023,4,9,2023,4,11,22,,22,,22,,,,,,,100,,2023-04-11,2024-08-27
2023-0242-UKR,No,nat-hyd-flo-flo,Natural,Hydrological,Flood,Flood (General),,,UKR,Ukraine,Eastern Europe,Europe,"Volyn, Dnipropetrovsk, Kyiv, Rivne, Poltava, Cherkasy, Chernihiv, Zhytomyr, Petrishevka",,Storm,No,No,No,,,Km2,,,"Dnipro, Desna, Seim, Sozh and Vyt rivers",2023,4,15,2023,4,15,,,2850,,2850,,,,,,,100,,2023-04-21,2023-09-26
2023-0270-ITA,No,nat-hyd-flo-flo,Natural,Hydrological,Flood,Flood (General),,,ITA,Italy,Southern Europe,Europe,Fontanelice Municipality (Bologna Province); Castel Bolognese Municipality (Ravenna Province); Forlì-Cesena provinces,Heavy rains,"Slide (land, mud, snow, rock)",No,No,No,,,Km2,,,"Senio, Sillaro and Lamone Rivers",2023,4,30,2023,5,3,2,,500,,500,,,,,,,100,"[{""adm2_code"":18334,""adm2_name"":""Bologna""},{""adm2_code"":18336,""adm2_name"":""Forli'""},{""adm2_code"":18340,""adm2_name"":""Ravenna""}]",2023-05-04,2023-09-26
2023-0289-RUS,No,nat-cli-wil-for,Natural,Climatological,Wildfire,Forest fire,,,RUS,Russian Federation,Eastern Europe,Europe,"Tyumen, Kurgan, Omsk",,,No,No,Yes,,,Km2,,,,2023,5,7,2023,5,8,21,,15000,,15000,,,,,50000,50000,100,"[{""adm1_code"":2526,""adm1_name"":""Kurganskaya Oblast""},{""adm1_code"":2542,""adm1_name"":""Omskaya Oblast""},{""adm1_code"":2566,""adm1_name"":""Tyumenskaya Oblast""}]",2023-05-19,2023-09-26
2023-0293-CZE,No,nat-hyd-flo-flo,Natural,Hydrological,Flood,Flood (General),GLIDE:FL-2023-000080,,CZE,Czechia,Eastern Europe,Europe,,,,No,No,No,,,Km2,,,,2023,5,13,2023,5,13,,,,,,,,,,,,100,,2023-05-23,2023-09-26
2023-0293-ITA,No,nat-hyd-flo-flo,Natural,Hydrological,Flood,Flood (General),GLIDE:FL-2023-000080,,ITA,Italy,Southern Europe,Europe,"Bologna, Ferrara, Forlì-Cesena, Modena, Parma, Ravenna, Reggio Emilia, Rimini;",Storm Minerva,"Slide (land, mud, snow, rock)",No,No,No,,,Km2,,,,2023,5,16,2023,5,20,15,,46000,,46000,,,,,9750000,9750000,100,"[{""adm2_code"":18334,""adm2_name"":""Bologna""},{""adm2_code"":18335,""adm2_name"":""Ferrara""},{""adm2_code"":18336,""adm2_name"":""Forli'""},{""adm2_code"":18337,""adm2_name"":""Modena""},{""adm2_code"":18338,""adm2_name"":""Parma""},{""adm2_code"":18340,""adm2_name"":""Ravenna""},{""adm2_code"":18341,""adm2_name"":""Reggio Emilia""},{""adm2_code"":18342,""adm2_name"":""Rimini""}]",2023-05-19,2024-02-01
2023-0319-HRV,No,nat-hyd-flo-flo,Natural,Hydrological,Flood,Flood (General),,,HRV,Croatia,Southern Europe,Europe,"Gracac Municipality (Zadar County), Karlovac, Hrvatska Kostajnica",Heavy raons,,No,No,No,,,Km2,,,"Kupa, Una ,Sava, Mrežnica, Zrmanja and Korana Rivers",2023,5,12,2023,5,17,,,177,,177,,,,,,,100,,2023-06-13,2023-09-26
2023-0321-BIH,No,nat-hyd-flo-flo,Natural,Hydrological,Flood,Flood (General),GLIDE:FL-2023-000079,,BIH,Bosnia and Herzegovina,Southern Europe,Europe,"Novi Grad, Prijedor, Kostajnica, Bihac, Bužim, Sanski Most, Cazin, Velika Kladuša, Kljuc, Bosanska Krupa, Kozarska Dubica and Srbac.",Heavy rains,,No,No,No,,,Km2,,,Una and Sana rivers,2023,5,14,2023,5,19,,,10000,,10000,,,,,,,100,,2023-06-13,2023-09-26
2023-0323-FRA,No,nat-geo-ear-gro,Natural,Geophysical,Earthquake,Ground movement,,,FRA,France,Western Europe,Europe,"La Laigne, Benon, Mauzé-sur-le-Mignon, Saint Hilaire-la-Palud and Cram-Chaban (Nouvelle-Aquitaine Region); Charente-Maritime",,,No,No,No,,4.8,Moment Magnitude,46.212,-0.785,,2023,6,16,2023,6,16,,2,750,,752,,,,,445000,445000,100,,2023-06-26,2024-02-01
2023-0400-ITA,No,tec-tra-wat-wat,Technological,Transport,Water,Water,,Migrants,ITA,Italy,Southern Europe,Europe,Lampedusa,,,No,No,No,,,,,,,2023,6,22,2023,6,22,40,,,,,,,,,,,100,,2023-07-04,2023-09-26
2023-0403-GRC,No,tec-tra-wat-wat,Technological,Transport,Water,Water,,Migrants,GRC,Greece,Southern Europe,Europe,,,,No,No,No,,,,,,,2023,6,14,2023,6,14,78,,104,,104,,,,,,,100,,2023-07-04,2023-09-26
2023-0408-SRB,No,nat-hyd-flo-flo,Natural,Hydrological,Flood,Flood (General),GLIDE:FL-2023-000108,,SRB,Serbia,Southern Europe,Europe,"Borski, Branicevski, Grad Beograd, Jablanicki, Kolubarski, Macvanski, Moravicki, Nisavski, Pcinjski, Pirotski, Pomoravski, Rasinski, Raski, Sumadijski, Toplicki, Zajecarski, Zlatiborski, Ivanjica, Svilajnac, Para?in, ?uprija, Ku?evo, Lazarevac, Novi Pazar, Despotovac, Lebane, Koceljeva, Varvarin, Zitoradja, ?i?evac, Jagodina, Kragujevac, Vucitrn, Lucani, Krusevac, Mladenovac, Rekovac, Vladimirci, Blace, Požega, Kraljevo, Priboj, Doljevac, Medvedja, Arilje, Vladicin Han, Kosjeric, Arandjelovac, Sokobanja, Sjenica, Boljevac, Prokuplje, and Trstenik",Heavy rains,"Slide (land, mud, snow, rock)",No,No,Yes,,,Km2,,,,2023,6,4,2023,6,16,,,15432,,15432,,,,,,,100,,2023-07-04,2024-10-28
2023-0438-ALB,No,nat-met-ext-hea,Natural,Meteorological,Extreme temperature,Heat wave,,,ALB,Albania,Southern Europe,Europe,,,,No,No,No,,,°C,,,,2023,7,,2023,8,,363,,,,,,,,,,,100,,2024-08-13,2024-10-01
2023-0438-AUT,No,nat-met-ext-hea,Natural,Meteorological,Extreme temperature,Heat wave,,,AUT,Austria,Western Europe,Europe,,,,No,No,No,,,°C,,,,2023,7,,2023,8,,486,,,,,,,,,,,100,,2024-08-13,2024-10-01
2023-0438-BEL,No,nat-met-ext-hea,Natural,Meteorological,Extreme temperature,Heat wave,,,BEL,Belgium,Western Europe,Europe,,,,No,No,No,,,°C,,,,2023,7,,2023,8,,324,,,,,,,,,,,100,,2024-08-13,2024-10-01
2023-0438-BGR,No,nat-met-ext-hea,Natural,Meteorological,Extreme temperature,Heat wave,,,BGR,Bulgaria,Eastern Europe,Europe,,,,No,No,No,,,°C,,,,2023,7,,2023,8,,1670,,,,,,,,,,,100,,2024-08-13,2024-10-01
2023-0438-CHE,No,nat-met-ext-hea,Natural,Meteorological,Extreme temperature,Heat wave,,,CHE,Switzerland,Western Europe,Europe,,,,No,No,No,,,°C,,,,2023,7,,2023,8,,294,,,,,,,,,,,100,,2024-08-13,2024-10-01
2023-0438-CZE,No,nat-met-ext-hea,Natural,Meteorological,Extreme temperature,Heat wave,,,CZE,Czechia,Eastern Europe,Europe,,,,No,No,No,,,°C,,,,2023,7,,2023,8,,361,,,,,,,,,,,100,,2024-08-13,2024-10-01
2023-0438-DEU,No,nat-met-ext-hea,Natural,Meteorological,Extreme temperature,Heat wave,,,DEU,Germany,Western Europe,Europe,,,,No,No,No,,,°C,,,,2023,7,,2023,8,,6376,,,,,,,,,,,100,,2024-08-13,2024-10-01
2023-0438-DNK,No,nat-met-ext-hea,Natural,Meteorological,Extreme temperature,Heat wave,,,DNK,Denmark,Northern Europe,Europe,,,,No,No,No,,,°C,,,,2023,7,,2023,8,,189,,,,,,,,,,,100,,2024-08-13,2024-10-01
2023-0438-ESP,No,nat-met-ext-hea,Natural,Meteorological,Extreme temperature,Heat wave,,,ESP,Spain,Southern Europe,Europe,"Figueres, Catalunya",,,No,No,No,,45.4,°C,,,,2023,7,,2023,8,,8352,,,,,,,,,,,100,,2023-07-24,2024-10-01
2023-0438-EST,No,nat-met-ext-hea,Natural,Meteorological,Extreme temperature,Heat wave,,,EST,Estonia,Northern Europe,Europe,,,,No,No,No,,,°C,,,,2023,7,,2023,8,,103,,,,,,,,,,,100,,2024-08-13,2024-10-01
2023-0438-FIN,No,nat-met-ext-hea,Natural,Meteorological,Extreme temperature,Heat wave,,,FIN,Finland,Northern Europe,Europe,,,,No,No,No,,,°C,,,,2023,7,,2023,8,,138,,,,,,,,,,,100,,2024-08-13,2024-10-01
2023-0438-FRA,No,nat-met-ext-hea,Natural,Meteorological,Extreme temperature,Heat wave,,,FRA,France,Western Europe,Europe,,,,No,No,No,,42.8,°C,,,,2023,7,,2023,9,,2734,,,,,,,,,,,100,,2023-07-24,2024-10-01
2023-0438-GBR,No,nat-met-ext-hea,Natural,Meteorological,Extreme temperature,Heat wave,,,GBR,United Kingdom of Great Britain and Northern Ireland,Northern Europe,Europe,,,,No,No,No,,,°C,,,,2023,7,,2023,8,,1851,,,,,,,,,,,100,,2024-08-16,2024-10-01
2023-0438-GRC,No,nat-met-ext-hea,Natural,Meteorological,Extreme temperature,Heat wave,,,GRC,Greece,Southern Europe,Europe,Crete,,,No,No,No,,44.2,°C,,,,2023,7,,2023,7,,4339,,,,,,,,,,,100,,2023-07-24,2024-10-01
2023-0438-HRV,No,nat-met-ext-hea,Natural,Meteorological,Extreme temperature,Heat wave,,,HRV,Croatia,Southern Europe,Europe,,,,No,No,No,,,°C,,,,2023,7,,2023,8,,561,,,,,,,,,,,100,,2024-08-13,2024-10-01
2023-0438-HUN,No,nat-met-ext-hea,Natural,Meteorological,Extreme temperature,Heat wave,,,HUN,Hungary,Eastern Europe,Europe,,,,No,No,No,,,°C,,,,2023,7,,2023,8,,294,,,,,,,,,,,100,,2024-08-13,2024-10-01
2023-0438-IRL,No,nat-met-ext-hea,Natural,Meteorological,Extreme temperature,Heat wave,,,IRL,Ireland,Northern Europe,Europe,,,,No,No,No,,,°C,,,,2023,7,,2023,8,,60,,,,,,,,,,,100,,2024-08-13,2024-10-01
2023-0438-ISL,No,nat-met-ext-hea,Natural,Meteorological,Extreme temperature,Heat wave,,,ISL,Iceland,Northern Europe,Europe,,,,No,No,No,,,°C,,,,2023,7,,2023,8,,,,,,,,,,,,,100,,2024-08-13,2024-10-01
2023-0438-ITA,No,nat-met-ext-hea,Natural,Meteorological,Extreme temperature,Heat wave,,,ITA,Italy,Southern Europe,Europe,"Sardaigne, Sicile, Roe, Bologne, Pascara, Naples",,,No,No,No,,48.8,°C,,,,2023,7,12,2023,8,,12743,,,,,,,,,,,100,,2023-07-17,2024-10-01
2023-0438-LIE,No,nat-met-ext-hea,Natural,Meteorological,Extreme temperature,Heat wave,,,LIE,Liechtenstein,Western Europe,Europe,,,,No,No,No,,,°C,,,,2023,7,,2023,8,,1,,,,,,,,,,,100,,2024-08-13,2024-10-01
2023-0438-LTU,No,nat-met-ext-hea,Natural,Meteorological,Extreme temperature,Heat wave,,,LTU,Lithuania,Northern Europe,Europe,,,,No,No,No,,,°C,,,,2023,7,,2023,8,,247,,,,,,,,,,,100,,2024-08-13,2024-10-01
2023-0438-LUX,No,nat-met-ext-hea,Natural,Meteorological,Extreme temperature,Heat wave,,,LUX,Luxembourg,Western Europe,Europe,,,,No,No,No,,,°C,,,,2023,7,,2023,8,,33,,,,,,,,,,,100,,2024-08-13,2024-10-01
2023-0438-LVA,No,nat-met-ext-hea,Natural,Meteorological,Extreme temperature,Heat wave,,,LVA,Latvia,Northern Europe,Europe,,,,No,No,No,,,°C,,,,2023,7,,2023,8,,58,,,,,,,,,,,100,,2024-08-13,2024-10-01
2023-0438-MLT,No,nat-met-ext-hea,Natural,Meteorological,Extreme temperature,Heat wave,,,MLT,Malta,Southern Europe,Europe,,,,No,No,No,,,°C,,,,2023,7,,2023,8,,70,,,,,,,,,,,100,,2024-08-13,2024-10-01
2023-0438-MNE,No,nat-met-ext-hea,Natural,Meteorological,Extreme temperature,Heat wave,,,MNE,Montenegro,Southern Europe,Europe,,,,No,No,No,,,°C,,,,2023,7,,2023,8,,41,,,,,,,,,,,100,,2024-08-13,2024-10-01
2023-0438-NLD,No,nat-met-ext-hea,Natural,Meteorological,Extreme temperature,Heat wave,,,NLD,Netherlands (Kingdom of the),Western Europe,Europe,,,,No,No,No,,,°C,,,,2023,7,,2023,8,,368,,,,,,,,,,,100,,2024-08-13,2024-10-01
2023-0438-NOR,No,nat-met-ext-hea,Natural,Meteorological,Extreme temperature,Heat wave,,,NOR,Norway,Northern Europe,Europe,,,,No,No,No,,,°C,,,,2023,7,,2023,8,,29,,,,,,,,,,,100,,2024-08-13,2024-10-01
2023-0438-POL,No,nat-met-ext-hea,Natural,Meteorological,Extreme temperature,Heat wave,,,POL,Poland,Eastern Europe,Europe,,,,No,No,No,,,°C,,,,2023,7,,2023,8,,616,,,,,,,,,,,100,,2024-08-13,2024-10-01
2023-0438-PRT,No,nat-met-ext-hea,Natural,Meteorological,Extreme temperature,Heat wave,,,PRT,Portugal,Southern Europe,Europe,,,,No,No,No,,,°C,,,,2023,7,,2023,8,,1432,,,,,,,,,,,100,,2024-08-13,2024-10-01
2023-0438-ROU,No,nat-met-ext-hea,Natural,Meteorological,Extreme temperature,Heat wave,,,ROU,Romania,Eastern Europe,Europe,,,,No,No,No,,,°C,,,,2023,7,,2023,8,,2585,,,,,,,,,,,100,,2024-08-13,2024-10-01
2023-0438-SRB,No,nat-met-ext-hea,Natural,Meteorological,Extreme temperature,Heat wave,,,SRB,Serbia,Southern Europe,Europe,,,,No,No,No,,,°C,,,,2023,7,,2023,8,,464,,,,,,,,,,,100,,2024-08-16,2024-10-01
2023-0438-SVK,No,nat-met-ext-hea,Natural,Meteorological,Extreme temperature,Heat wave,,,SVK,Slovakia,Eastern Europe,Europe,,,,No,No,No,,,°C,,,,2023,7,,2023,8,,247,,,,,,,,,,,100,,2024-08-16,2024-10-01
2023-0438-SVN,No,nat-met-ext-hea,Natural,Meteorological,Extreme temperature,Heat wave,,,SVN,Slovenia,Southern Europe,Europe,,,,No,No,No,,,°C,,,,2023,7,,2023,8,,95,,,,,,,,,,,100,,2024-08-16,2024-10-01
2023-0438-SWE,No,nat-met-ext-hea,Natural,Meteorological,Extreme temperature,Heat wave,,,SWE,Sweden,Northern Europe,Europe,,,,No,No,No,,,°C,,,,2023,7,,2023,8,,13,,,,,,,,,,,100,,2024-08-16,2024-10-01
2023-0444-GRC,No,nat-cli-wil-for,Natural,Climatological,Wildfire,Forest fire,,Kallithea and Dervenochoria wildfires,GRC,Greece,Southern Europe,Europe,"Athenes; Neo Kouvaras village, Loutraki municipality, Rhodes ( north-eastern Peloponnese; Saronikou and Mandra muncipalities (Attica region); gia Sotira, Palaiokoundoura, Panorama and Palaiochori, Oinoi, and Erythrae (Western Attica); Attica, Boeotia, Evia, Corinthia, Argolis, Rhodes, Samos, Ikaria, Corfu",,Heat wave,No,No,No,,,Km2,,,,2023,7,17,2023,7,26,3,11,19000,,19011,,,,,,,100,,2023-07-18,2023-09-26
2023-0458-ITA,No,nat-met-sto-hai,Natural,Meteorological,Storm,Hail,,,ITA,Italy,Southern Europe,Europe,"Padoue, Vicence et Trévise regions (Venise)",,Flood,No,No,No,,,Kph,,,,2023,7,19,2023,7,20,,110,,,110,,,,,,,100,"[{""adm2_code"":18415,""adm2_name"":""Padova""},{""adm2_code"":18417,""adm2_name"":""Treviso""},{""adm2_code"":18420,""adm2_name"":""Vicenza""}]",2023-07-24,2023-09-26
2023-0460-BIH,No,nat-met-sto-sto,Natural,Meteorological,Storm,Storm (General),,,BIH,Bosnia and Herzegovina,Southern Europe,Europe,Brcko District,,Flood,No,No,No,,,Kph,,,,2023,7,18,2023,7,19,1,20,,,20,,,,,,,100,,2023-07-24,2023-09-26
2023-0460-HRV,No,nat-met-sto-sto,Natural,Meteorological,Storm,Storm (General),,,HRV,Croatia,Southern Europe,Europe,Brod-Posavina and Vukovar-Srijem Counties; Vinkovci,,Flood,No,No,No,,,Kph,,,,2023,7,18,2023,7,20,1,100,6000,,6100,,,,,,,100,,2023-07-24,2023-09-26
2023-0460-SRB,No,nat-met-sto-sto,Natural,Meteorological,Storm,Storm (General),,,SRB,Serbia,Southern Europe,Europe,,,,No,No,No,,,Kph,,,,2023,7,18,2023,7,19,,,20,,20,,,,,,,100,,2023-07-24,2023-09-26
2023-0460-SVK,No,nat-met-sto-sto,Natural,Meteorological,Storm,Storm (General),,,SVK,Slovakia,Eastern Europe,Europe,Michalovce and Sobrance regions,,,No,No,No,,,Kph,,,,2023,7,18,2023,7,19,,,,,,,,,,,,100,,2023-07-24,2023-09-26
2023-0460-SVN,No,nat-met-sto-sto,Natural,Meteorological,Storm,Storm (General),,,SVN,Slovenia,Southern Europe,Europe,"Bled Town, ?rnomelj, Savinja region",,Hail,No,No,No,,,Kph,,,,2023,7,18,2023,7,19,1,3,3000,,3003,,,,,,,100,,2023-07-24,2023-09-26
2023-0466-CHE,No,nat-met-sto-sev,Natural,Meteorological,Storm,Severe weather,,,CHE,Switzerland,Western Europe,Europe,La Chaux-de-Fonds (Neuchatel),,,No,No,No,,,Kph,,,,2023,7,24,2023,7,25,2,40,15000,,15040,,,,,,,100,,2023-07-28,2025-03-18
2023-0466-DEU,No,nat-met-sto-sev,Natural,Meteorological,Storm,Severe weather,,,DEU,Germany,Western Europe,Europe,,,,No,No,No,,,Kph,,,,2023,7,21,2023,7,25,1,,,,,,,,,,,100,,2023-07-28,2025-03-18
2023-0466-ITA,No,nat-met-sto-sev,Natural,Meteorological,Storm,Severe weather,,,ITA,Italy,Southern Europe,Europe,"Brescia, Lissone, Milan, Varese, Monza-Brianza, Bergamo",,Hail|Lightening,No,No,No,,110,Kph,,,,2023,7,21,2023,7,25,2,,,,,,,,,100000,100000,100,,2023-07-25,2025-03-18
2023-0466-ROU,No,nat-met-sto-sev,Natural,Meteorological,Storm,Severe weather,,,ROU,Romania,Eastern Europe,Europe,Oradea and Bihor regions,,Lightening,No,No,No,,144,Kph,,,,2023,7,25,2023,7,25,2,,,,,,,,,,,100,,2023-07-28,2025-03-18
2023-0466-SRB,No,nat-met-sto-sev,Natural,Meteorological,Storm,Severe weather,,,SRB,Serbia,Southern Europe,Europe,,,,No,No,No,,,Kph,,,,2023,7,21,2023,7,25,1,,,,,,,,,,,100,,2023-07-28,2025-03-18
2023-0487-RUS,No,nat-met-sto-sto,Natural,Meteorological,Storm,Storm (General),,,RUS,Russian Federation,Eastern Europe,Europe,Lake Yalchik (Mari-El Region),,Flood|Hail,No,No,No,,,Kph,,,,2023,7,30,2023,7,30,10,76,,,76,,,,,,,100,"[{""adm1_code"":2532,""adm1_name"":""Mariy-el Rep.""}]",2023-07-31,2023-09-26
2023-0490-RUS,No,nat-met-sto-tro,Natural,Meteorological,Storm,Tropical cyclone,,Tropical cyclone 'Khanoun',RUS,Russian Federation,Eastern Europe,Europe,Ussuriysk and Spassk-Dalny (Primorsky Region),,Flood,No,No,No,,,Kph,,,,2023,8,11,2023,8,16,3,,13200,,13200,,,,,,,100,,2023-08-21,2025-03-18
2023-0497-SVN,No,nat-hyd-flo-flo,Natural,Hydrological,Flood,Flood (General),GLIDE:FL-2023-000144,,SVN,Slovenia,Southern Europe,Europe,"Gorenjska, Goriska, Jugovzodna Slovenija, Koroska, Osrednjeslovenska, Podravska, Pomurska, Savinjska, Spodnjeposavska, Zasavska",,"Slide (land, mud, snow, rock)",No,No,No,,,Km2,,,,2023,8,3,2023,8,4,6,,1500120,,1500120,,,,,500000,500000,100,,2023-08-04,2025-04-03
2023-0507-PRT,No,nat-cli-wil-wil,Natural,Climatological,Wildfire,Wildfire (General),,,PRT,Portugal,Southern Europe,Europe,Odemira Municipality,,,No,No,No,,,Km2,,,,2023,8,5,2023,8,9,,35,1400,,1435,,,,,,,100,,2023-08-09,2023-09-26
2023-0529-FRA,No,nat-cli-wil-wil,Natural,Climatological,Wildfire,Wildfire (General),,,FRA,France,Western Europe,Europe,Saint-André and Argelès-sur-Mer (Pyrénées-Orientales department),,,No,No,No,,,Km2,,,,2023,8,14,2023,8,17,,51,90,,141,,,,,,,100,"[{""adm2_code"":16289,""adm2_name"":""Pyrenees-Orientales""}]",2023-08-21,2023-09-26
2023-0535-GRC,No,nat-cli-wil-for,Natural,Climatological,Wildfire,Forest fire,GLIDE:WF-2023-000153,,GRC,Greece,Southern Europe,Europe,"Alexandroupolis-Feres and Rodopi in East Macedonia, in Viotia (Central Greece), Parrnitha (Attica), Evia Island, and Kythnos Island",,,No,No,No,,,Km2,,,,2023,8,19,2023,8,27,20,,,,,,,,,200000,200000,100,,2023-08-23,2025-03-12
2023-0581-ESP,No,nat-hyd-flo-flo,Natural,Hydrological,Flood,Flood (General),,,ESP,Spain,Southern Europe,Europe,"Catalonia, Valencia, Andalusia, Aragón, Madrid Community and Castilla-La Mancha Regions",Heavy rains,,No,No,No,,,Km2,,,,2023,9,2,2023,9,4,3,,6000,,6000,,,,,370000,370000,100,,2023-09-05,2024-10-28
2023-0582-BGR,No,nat-hyd-flo-flo,Natural,Hydrological,Flood,Flood (General),,,BGR,Bulgaria,Eastern Europe,Europe,Tsarevo Municipality (Burgas Province),,,No,No,No,,,Km2,,,,2023,9,7,2023,9,8,4,,4000,,4000,,,,,,,100,,2023-09-11,2024-03-05
2023-0582-GRC,No,nat-hyd-flo-flo,Natural,Hydrological,Flood,Flood (General),,,GRC,Greece,Southern Europe,Europe,"Volos City, Pelion, Karditsa, Astritsa and Domokos-near Lamia,Thessaly; Central Greece, Central Macedonia, Peloponnese and Attica Regions",Storm 'Daniel',"Lightening|Slide (land, mud, snow, rock)",No,No,No,,,Km2,,,,2023,9,4,2023,9,7,17,,5260,,5260,,,,,,,100,,2023-09-05,2024-03-05
2023-0597-RUS,No,tec-ind-exp-exp,Technological,Industrial accident,Explosion (Industrial),Explosion (Industrial),,Factory,RUS,Russian Federation,Eastern Europe,Europe,Serguiev Possad,,Fire,No,No,No,,,m3,,,,2023,8,10,2023,8,10,13,80,,,80,,,,,,,100,,2023-09-05,2024-03-05
2023-0598-FRA,No,tec-mis-fir-fir,Technological,Miscellaneous accident,Fire (Miscellaneous),Fire (Miscellaneous),,Holiday cottage,FRA,France,Western Europe,Europe,Wintzenheim,,,No,No,No,,,,,,,2023,8,9,2023,8,9,11,,,,,,,,,,,100,,2023-09-05,2023-09-26
2023-0621-GRC,No,nat-met-sto-sto,Natural,Meteorological,Storm,Storm (General),,Storm 'Elias',GRC,Greece,Southern Europe,Europe,"Volos (Magnésie, Eubée Isl.); Fthiotida department; Thessaly and Sterea; Epirus and Kastoria",,"Flood|Hail|Slide (land, mud, snow, rock)",No,No,No,,,Kph,,,,2023,9,27,2023,9,28,,,250,,250,,,,,,,100,,2023-10-05,2023-11-03
2023-0625-ITA,No,tec-tra-roa-roa,Technological,Transport,Road,Road,,,ITA,Italy,Southern Europe,Europe,Venice,,,No,No,No,,,,,,,2023,10,3,2023,10,3,21,,,,,,,,,,,100,,2023-10-05,2023-10-18
2023-0638-ESP,No,tec-mis-fir-fir,Technological,Miscellaneous accident,Fire (Miscellaneous),Fire (Miscellaneous),,Dancing club,ESP,Spain,Southern Europe,Europe,Murcia,,,No,No,No,,,,,,,2023,10,1,2023,10,1,28,,,,,,,,,,,100,,2023-10-09,2023-10-18
2023-0724-BEL,No,nat-met-sto-ext,Natural,Meteorological,Storm,Extra-tropical storm,,Storm 'Ciaran',BEL,Belgium,Western Europe,Europe,,,,No,No,No,,,Kph,,,,2023,11,2,2023,11,3,2,,,,,,,,,,,100,,2023-11-07,2023-12-07
2023-0724-DEU,No,nat-met-sto-ext,Natural,Meteorological,Storm,Extra-tropical storm,,Storm 'Ciaran',DEU,Germany,Western Europe,Europe,,,,No,No,No,,,Kph,,,,2023,11,1,2023,11,2,1,,,,,,,,,,,100,,2023-11-10,2023-12-07
2023-0724-ESP,No,nat-met-sto-ext,Natural,Meteorological,Storm,Extra-tropical storm,,Storm 'Ciaran',ESP,Spain,Southern Europe,Europe,,,,No,No,No,,,Kph,,,,2023,11,2,2023,11,3,1,,,,,,,,,,,100,,2023-11-06,2023-12-07
2023-0724-FRA,No,nat-met-sto-ext,Natural,Meteorological,Storm,Extra-tropical storm,,Storm 'Ciaran',FRA,France,Western Europe,Europe,"Finistère, Côtes-d'Armor, Manche, Morbihan",,,No,No,No,,207,Kph,,,,2023,11,2,2023,11,3,2,16,,,16,,,,,,,100,,2023-11-07,2023-12-07
2023-0724-GBR,No,nat-met-sto-ext,Natural,Meteorological,Storm,Extra-tropical storm,,Storm 'Ciaran',GBR,United Kingdom of Great Britain and Northern Ireland,Northern Europe,Europe,,,,No,No,No,,150,Kph,,,,2023,11,2,2023,11,3,,,,,,,,,,,,100,,2023-11-10,2023-12-07
2023-0724-ITA,No,nat-met-sto-ext,Natural,Meteorological,Storm,Extra-tropical storm,,Storm 'Ciaran',ITA,Italy,Southern Europe,Europe,"Prato, Fucecchio, Pontedera, Quarrata, Montemurlo, and Orentano (Tuscany); Veneto, Liguria and Emilia-Romagna Regions",,"Flood|Slide (land, mud, snow, rock)",No,No,Yes,,,Kph,,,,2023,11,2,2023,11,3,8,,1200,,1200,,,,,,,100,,2023-11-06,2023-12-07
2023-0724-NLD,No,nat-met-sto-ext,Natural,Meteorological,Storm,Extra-tropical storm,,Storm 'Ciaran',NLD,Netherlands (Kingdom of the),Western Europe,Europe,,,,No,No,No,,,Kph,,,,2023,11,6,2023,11,6,1,,,,,,,,,,,100,,2023-11-06,2023-12-07
2023-0725-ESP,No,nat-met-sto-ext,Natural,Meteorological,Storm,Extra-tropical storm,,Storm 'Domingos',ESP,Spain,Southern Europe,Europe,Valdezcaray (La Rioja); Estaca de Bares (A Coruña); Cabo Busto (Asturias),,,No,No,No,,203,Kph,,,,2023,11,4,2023,11,7,,,,,,,,,,,,100,,2023-11-10,2024-03-05
2023-0725-FRA,No,nat-met-sto-ext,Natural,Meteorological,Storm,Extra-tropical storm,,Storm 'Domingos',FRA,France,Western Europe,Europe,"Deux-Sèvres, Charente-Maritime, Charentes Departments ( Nouvelle-Aquitain Region); Isère Department (Auvergne-Rhône-Alpes Region); Pas de Calais",,,No,No,No,,151,Kph,,,,2023,11,4,2023,11,7,,50,,517000,517050,,,,,,,100,,2023-11-06,2024-03-05
2023-0727-ESP,No,nat-cli-wil-wil,Natural,Climatological,Wildfire,Wildfire (General),,,ESP,Spain,Southern Europe,Europe,Montitxelvo municipality (Valencia),,,No,No,No,,,Km2,,,,2023,11,2,2023,11,3,,,800,,800,,,,,,,100,,2023-11-06,2025-03-18
2023-0734-BEL,No,nat-hyd-flo-flo,Natural,Hydrological,Flood,Flood (General),,,BEL,Belgium,Western Europe,Europe,"Westhoerk, Kachtem, and Wevelgem (West Flanders)",Heavy rains,,No,No,No,,50,Km2,,,,2023,11,6,2023,11,10,,,3000,,3000,,,,,,,100,,2023-11-24,2023-11-24
2023-0734-FRA,No,nat-hyd-flo-flo,Natural,Hydrological,Flood,Flood (General),,,FRA,France,Western Europe,Europe,"Pas-de-Calais Department, Hauts-de-France Region",Heavy rains,,No,No,Yes,,30,Km2,,,Liane and Aa rivers,2023,11,6,2023,11,7,,,3500,,3500,,,,,1650000,1650000,100,,2023-11-08,2024-02-01
2023-0749-ISL,No,nat-geo-ear-gro,Natural,Geophysical,Earthquake,Ground movement,GLIDE:VO-2023-000243,,ISL,Iceland,Northern Europe,Europe,Grindavik (Reykjanes peninsula),,Volcanic activity,No,No,Yes,,,Moment Magnitude,,,,2023,10,25,2023,12,18,,,3665,,3665,,,,,75000,75000,100,,2023-11-14,2025-03-18
2023-0761-BGR,No,nat-met-sto-ext,Natural,Meteorological,Storm,Extra-tropical storm,,Storm 'Frederico,BGR,Bulgaria,Eastern Europe,Europe,,,Flood,No,No,Yes,,,Kph,,,,2023,11,18,2023,11,19,2,,,,,,,,,,,100,,2023-11-24,2023-12-01
2023-0761-FRA,No,nat-met-sto-ext,Natural,Meteorological,Storm,Extra-tropical storm,,Storm 'Frederico,FRA,France,Western Europe,Europe,"Clermont-Ferrand, Lorient, Tusson, Noirmoutier, Saint-Nazaire, Montlucon, Chassiron, Châteauroux",,Flood,No,No,No,,126,Kph,,,,2023,11,15,2023,11,16,,,,,,,,,,40000,40000,100,,2023-11-24,2024-02-01
2023-0804-BGR,No,nat-met-sto-bli,Natural,Meteorological,Storm,Blizzard/Winter storm,,Storm 'Bettina',BGR,Bulgaria,Eastern Europe,Europe,Northeastern,,,No,No,Yes,,,Kph,,,,2023,11,25,2023,11,27,2,36,,,36,,,,,,,100,,2023-11-27,2023-12-01
2023-0804-DEU,No,nat-met-sto-bli,Natural,Meteorological,Storm,Blizzard/Winter storm,,Storm 'Bettina',DEU,Germany,Western Europe,Europe,"Schwabisch Hall (Bade Wurtemberg); Denzeheide (Rhénanie-Palatinat); Hessen, Saxony-Anhalt and Brandenburg, Bavaria, Thuringia and Saxony-Anhalt States, Berlin",,Snow/ice|Transport accident,No,No,No,,,Kph,,,,2023,11,27,2023,11,28,2,,,,,,,,,,,100,,2023-11-28,2023-12-01
2023-0804-MDA,No,nat-met-sto-bli,Natural,Meteorological,Storm,Blizzard/Winter storm,,Storm 'Bettina',MDA,Republic of Moldova,Eastern Europe,Europe,"Coscalia, Cruglic, Grigoriopol",,,No,No,No,,,Kph,,,,2023,11,26,2023,11,28,4,10,,,10,,,,,,,100,,2023-11-28,2023-12-01
2023-0804-ROU,No,nat-met-sto-bli,Natural,Meteorological,Storm,Blizzard/Winter storm,,Storm 'Bettina',ROU,Romania,Eastern Europe,Europe,"Constanta, Tulcea, Galati, and Braila",,,No,No,No,,,Kph,,,,2023,11,25,2023,11,27,,,,,,,,,,,,100,,2023-11-27,2023-12-01
2023-0804-RUS,No,nat-met-sto-bli,Natural,Meteorological,Storm,Blizzard/Winter storm,,Storm 'Bettina',RUS,Russian Federation,Eastern Europe,Europe,Crimée; Krasnodar,,Surge,No,No,Yes,,86,Kph,,,,2023,11,26,2023,11,27,2,,,,,,,,,,,100,,2023-11-27,2023-12-01
2023-0804-UKR,No,nat-met-sto-bli,Natural,Meteorological,Storm,Blizzard/Winter storm,,Storm 'Bettina',UKR,Ukraine,Eastern Europe,Europe,"Odessa, Mykolaïv, Kharkiv, Kiev, Donetsk, Lougansk, Zaporijjia, Kherson, Cherkasy, Kirovograd and Capital Kyiv area",,,No,No,No,,,Kph,,,,2023,11,26,2023,11,27,12,23,,,23,,,,,,,100,,2023-11-27,2023-12-01
2023-0866-FRA,No,nat-hyd-flo-flo,Natural,Hydrological,Flood,Flood (General),,,FRA,France,Western Europe,Europe,Nord and Pas-de-Calais departments,Heavy rains,Storm,No,No,No,,,Km2,,,"Aa, Helpe Mineure and Solre rivers",2023,12,30,2024,1,3,1,2,6048,,6050,,,,,,,100,,2024-01-04,2024-10-25
2023-9234-ESP,No,nat-cli-dro-dro,Natural,Climatological,Drought,Drought,,,ESP,Spain,Southern Europe,Europe,"Catalognia, Andalusia, Asturias",,Heat wave|Water shortage|Wildfire,No,No,Yes,,,Km2,,,,2023,1,,2024,2,,,,26000,,26000,,,300000,300000,2400000,2400000,100,"[{""adm1_code"":2716,""adm1_name"":""Andalucía""},{""adm1_code"":2718,""adm1_name"":""Principado de Asturias""},{""adm1_code"":2724,""adm1_name"":""Cataluña/Catalunya""}]",2023-04-19,2024-02-09
2023-9234-ITA,No,nat-cli-dro-dro,Natural,Climatological,Drought,Drought,,,ITA,Italy,Southern Europe,Europe,"Sicile, Sardaigne",,Fire|Pollution,No,No,Yes,,,Km2,,,,2023,,,2024,,,,,,,,,,,,,,100,,2024-02-26,2024-03-12
2024-0077-GRC,No,nat-hyd-flo-flo,Natural,Hydrological,Flood,Flood (General),,,GRC,Greece,Southern Europe,Europe,Kallithea and Zephyros,,Hail,No,No,No,,,Km2,,,,2024,2,13,2024,2,13,,,,,,,,,,,,,,2024-02-19,2024-04-03
2024-0086-ESP,No,tec-mis-fir-fir,Technological,Miscellaneous accident,Fire (Miscellaneous),Fire (Miscellaneous),,Residential building,ESP,Spain,Southern Europe,Europe,Valence,,,No,No,No,,,,,,,2024,2,22,2024,2,22,10,15,,,15,,,,,,,,,2024-02-26,2024-03-13
2024-0129-CHE,No,nat-met-sto-ext,Natural,Meteorological,Storm,Extra-tropical storm,,Storm 'Monica' (Elfi),CHE,Switzerland,Western Europe,Europe,"Valais, Val Ferret",,,No,No,No,,,Kph,,,,2024,3,9,2024,3,10,6,,,,,,,,,,,,,2024-03-29,2024-03-29
2024-0129-ESP,No,nat-met-sto-ext,Natural,Meteorological,Storm,Extra-tropical storm,,Storm 'Monica' (Elfi),ESP,Spain,Southern Europe,Europe,Barcelona,,,No,No,No,,,Kph,,,,2024,3,9,2024,3,10,1,,,,,,,,,,,,,2024-03-12,2024-03-29
2024-0129-FRA,No,nat-met-sto-ext,Natural,Meteorological,Storm,Extra-tropical storm,,Storm 'Monica' (Elfi),FRA,France,Western Europe,Europe,"Hérault, Gard, Ardèche, Var",,"Avalanche (Snow, Debris)|Flood",No,No,No,,100,Kph,,,,2024,3,9,2024,3,10,8,1,,,1,,,,,,,,,2024-03-12,2024-03-29
2024-0129-ITA,No,nat-met-sto-ext,Natural,Meteorological,Storm,Extra-tropical storm,,Storm 'Monica' (Elfi),ITA,Italy,Southern Europe,Europe,"Liguria, Piedmont Regions; Lazio region, Aosta Valley, Veneto Regions",,"Avalanche (Snow, Debris)|Flood|Slide (land, mud, snow, rock)",No,No,No,,,Kph,,,,2024,3,9,2024,3,10,1,3,,,3,,,,,,,,,2024-03-29,2024-03-29
2024-0183-FRA,No,nat-hyd-flo-flo,Natural,Hydrological,Flood,Flood (General),,,FRA,France,Western Europe,Europe,Indre-et-Loire Department (Centre-Val de Loire); Haute-Vienne Department (Nouvelle-Aquitaine); Côte-d'Or Department (Bourgogne-Franche-Comté); Saône-et-Loire; Yonne,,Storm,No,No,No,,,Km2,,,"Creuse, Gartempe and Vienne Rivers",2024,3,30,2024,4,4,1,,750,,750,,,,,,,,,2024-04-02,2024-04-05
2024-0186-RUS,No,tec-ind-col-col,Technological,Industrial accident,Collapse (Industrial),Collapse (Industrial),,Mine,RUS,Russian Federation,Eastern Europe,Europe,Amour region,,,No,No,No,,,m3,,,,2024,3,18,2024,3,18,13,,,,,,,,,,,,,2024-04-02,2024-04-03
2024-0198-RUS,No,nat-hyd-flo-flo,Natural,Hydrological,Flood,Flood (General),GLIDE:FL-2024-000039,,RUS,Russian Federation,Eastern Europe,Europe,"Orsk, Krasnokholm and Sorochinsk Cities (Orenburg Region); Kurgan, Tyuman R-regions","Rapid snow melting, heavy rains",Broken Dam/Burst bank,No,No,Yes,,,Km2,,,Oural,2024,4,3,2024,4,12,3,,38400,,38400,,,,,227000,,,,2024-04-09,2024-04-16
2024-0243-BIH,No,nat-bio-epi-vir,Natural,Biological,Epidemic,Viral disease,GLIDE:EP-2024-000050,Measles,BIH,Bosnia and Herzegovina,Southern Europe,Europe,"Banja Luka (Krajina); Zenica (Zenica Doboj canton); Bijeljina (Semberija Majevica i Posavina); Tuzla, Zivinice (Tuzla canton); Travnik (Central Bosnia canton); Lliza, Novo Saranevo, Centar (Sarajevo canton)",,,No,No,No,,,Vaccinated,,,,2024,1,,2024,4,,,1749,,,1749,,,,,,,,,2024-04-23,2025-04-01
2024-0299-DEU,No,nat-hyd-flo-flo,Natural,Hydrological,Flood,Flood (General),,,DEU,Germany,Western Europe,Europe,"Baden-Württemberg; Günzburg, Augsburg, Aichach-Friedberg, Neu-Ulm, Pfaffenhofen an der Ilm, Donau-Ries, Unterallgäu, Freising, Neuburg Schrobenhausen, Dillingen an Donau, Dachau, Kelheim, Deggendorf, Straubing-Bogen districts and the cities of Straubing and Regensburg (Bavaria)",Heavy rains,"Slide (land, mud, snow, rock)",No,No,Yes,,,Km2,,,"Danube, Rhine",2024,5,31,2024,6,4,12,9,3398,,3407,,,2000000,,4500000,,,,2024-06-04,2025-01-22
2024-0420-ITA,No,tec-tra-wat-wat,Technological,Transport,Water,Water,,Migrants,ITA,Italy,Southern Europe,Europe,Near Calabre,,,No,No,No,,,,,,,2024,6,16,2024,6,17,94,,11,,11,,,,,,,,,2024-06-25,2024-07-11
2024-0550-RUS,No,tec-tra-rai-rai,Technological,Transport,Rail,Rail,,,RUS,Russian Federation,Eastern Europe,Europe,Volgograd region,,,No,No,No,,,,,,,2024,7,29,2024,7,29,,100,,,100,,,,,,,,,2024-07-31,2024-07-31
2024-0589-GRC,No,nat-cli-wil-wil,Natural,Climatological,Wildfire,Wildfire (General),,,GRC,Greece,Southern Europe,Europe,Attica region (Athens area),"Drought, wind and high temperatures",,No,No,No,,,Km2,,,,2024,8,10,2024,8,14,1,,600,300,900,,,,,60000,,,,2024-08-12,2025-03-18
2024-0637-BIH,No,tec-tra-wat-wat,Technological,Transport,Water,Water,,Migrants,BIH,Bosnia and Herzegovina,Southern Europe,Europe,Drina river (Tegare),,,No,No,No,,,,,,,2024,8,22,2024,8,26,12,,,,,,,,,,,,,2024-08-26,2024-08-26
2024-0653-AUT,No,nat-met-sto-sto,Natural,Meteorological,Storm,Storm (General),GLIDE:FL-2024-000169,Storm 'Boris',AUT,Austria,Western Europe,Europe,"St. Pölten, Tulln, Krems distrcits (Lower Austria); Vienna; Styria, Upper Austria",,Broken Dam/Burst bank,No,No,Yes,,,Kph,,,,2024,9,15,2024,9,18,5,,2220,,2220,,,650000,,,,,,2024-09-23,2024-10-22
2024-0653-CZE,No,nat-met-sto-sto,Natural,Meteorological,Storm,Storm (General),GLIDE:FL-2024-000169,Storm 'Boris',CZE,Czechia,Eastern Europe,Europe,Slovakia and Moravia regions,,Flood,No,No,Yes,,,Kph,,,,2024,9,13,2024,9,14,13,,250000,,250000,,,750000,,3000000,,,,2024-09-23,2025-01-01
2024-0653-ITA,No,nat-met-sto-sto,Natural,Meteorological,Storm,Storm (General),GLIDE:FL-2024-000169,Storm 'Boris',ITA,Italy,Southern Europe,Europe,"Ravenna, Forlì-Cesena and eastern Bologna province, Emilia Romagna and Ancona (Marche); Cotignola, Lugo, Villa San Martino and Zagonara",,"Flood|Slide (land, mud, snow, rock)",No,No,No,,,Kph,,,,2024,9,15,2024,9,19,3,,1000,,1000,,,,,,,,,2024-09-23,2024-10-22
2024-0653-POL,No,nat-met-sto-sto,Natural,Meteorological,Storm,Storm (General),GLIDE:FL-2024-000169,Storm 'Boris',POL,Poland,Eastern Europe,Europe,"Silesian (śląskie), Lower Silesian (dolnośląskie), Opole (opolskie), Stronie Ślonskie, Malopolske, Slaskie",Heavy rains,Broken Dam/Burst bank,No,No,Yes,,,Kph,,,Morawka river,2024,9,13,2024,9,18,9,,57000,,57000,,,,,156762,,,,2024-09-23,2025-02-13
2024-0653-ROU,No,nat-met-sto-sto,Natural,Meteorological,Storm,Storm (General),GLIDE:FL-2024-000169,Storm 'Boris',ROU,Romania,Eastern Europe,Europe,"Galati, Vaslui",,Flood,No,No,No,,,Kph,,,,2024,9,14,2024,9,15,7,,15000,,15000,,,,,,,,,2024-09-23,2024-10-22
2024-0653-SVK,No,nat-met-sto-sto,Natural,Meteorological,Storm,Storm (General),GLIDE:FL-2024-000169,Storm 'Boris',SVK,Slovakia,Eastern Europe,Europe,"Bratislava, Záhorie, Myjava, and Kysuce regions",,,No,No,Yes,,,Kph,,,Kysuca River,2024,9,15,2024,9,16,1,,,,,,,,,16700,,,,2024-09-30,2024-10-22
2024-0661-PRT,No,nat-cli-wil-wil,Natural,Climatological,Wildfire,Wildfire (General),GLIDE:WF-2024-000170,,PRT,Portugal,Southern Europe,Europe,"Castelo Branco, Coimbra, Aveiro, Viseu, Porto, Braga","Warm, windy, and dry weather in",,No,Yes,Yes,,,Km2,,,,2024,9,15,2024,9,20,9,170,41329,,41499,,,,,520000,,,,2024-09-23,2025-03-03
2024-0677-ITA,No,tec-tra-wat-wat,Technological,Transport,Water,Water,,Migrants,ITA,Italy,Southern Europe,Europe,Near Lampedusa,,,No,No,No,,,,,,,2024,9,1,2024,9,1,20,,,,,,,,,,,,,2024-09-24,2024-10-03
2024-0679-FRA,No,tec-tra-wat-wat,Technological,Transport,Water,Water,,Migrants,FRA,France,Western Europe,Europe,Near Cap Gris Nez,,,No,No,No,,,,,,,2024,9,3,2024,9,3,12,,,,,,,,,,,,,2024-09-24,2024-10-03
2024-0718-BIH,No,nat-hyd-flo-flo,Natural,Hydrological,Flood,Flood (General),GLIDE:FL-2024-000188,,BIH,Bosnia and Herzegovina,Southern Europe,Europe,"Donja Jablanica, Konjic, Buturovic polje, Fojnica, Kiseljak and Kreševo",Heavy rains,"Slide (land, mud, snow, rock)",No,No,Yes,,,Km2,,,Neretva River,2024,10,3,2024,10,4,27,,5000,,5000,,,,,10000,,,,2024-10-09,2025-01-22
2024-0753-FRA,No,nat-hyd-flo-flo,Natural,Hydrological,Flood,Flood (General),,,FRA,France,Western Europe,Europe,"Rhône, Loire, Haute-Loire, Lozère, Ardèche, Alpes-Maritimes, Paris area",Heavy rains,,No,No,No,,,Km2,,,,2024,10,17,2024,10,18,,,2485,,2485,,,,,,,,,2024-10-18,2025-03-18
2024-0796-ESP,No,nat-hyd-flo-flo,Natural,Hydrological,Flood,Flood (General),,,ESP,Spain,Southern Europe,Europe,"Alaquàs, Albal, Aldaya, Alfafar, Algemesí, Benerússer, Catarroja, Llocnou de la Corona, Massanassa, Paiporta, Picanya, Sedaví, Utiel and La Torre municipalties (Valencia);, Letur, lbacete provinces; Castilla-La Mancha communities, Andalusia, Murcia, and the Balearic Islands, Catalonia",High-altitude isolated depression (DANA in Spanish),Lightening|Storm,No,No,No,,56,Km2,,,,2024,10,27,2024,11,4,232,,36115,,36115,,,4200000,,11000000,,,,2024-10-30,2025-01-22
2024-0811-SRB,No,tec-mis-col-col,Technological,Miscellaneous accident,Collapse (Miscellaneous),Collapse (Miscellaneous),,Roof of a rail station,SRB,Serbia,Southern Europe,Europe,Novi Sad,,,No,No,No,,,,,,,2024,11,1,2024,11,1,16,,,,,,,,,,,,,2024-11-04,2025-03-21
2024-0839-ESP,No,nat-hyd-flo-flo,Natural,Hydrological,Flood,Flood (General),,,ESP,Spain,Southern Europe,Europe,"Álora, Cártama, Alhaurín de la Torre, Pizarra municipalities and Malaga city (Malaga); Catalonia province",Heavy rains,,No,No,No,,,Km2,,,Campanillas and Guadalhorce rivers,2024,11,13,2024,11,14,,,500,,500,,,,,50000,,,,2024-11-14,2025-01-22
2024-0853-ESP,No,tec-mis-fir-fir,Technological,Miscellaneous accident,Fire (Miscellaneous),Fire (Miscellaneous),,Elderly house,ESP,Spain,Southern Europe,Europe,Villafranca de Ebro (Aragon region),,,No,No,No,,,,,,,2024,11,15,2024,11,15,10,2,,,2,,,,,,,,,2024-11-15,2024-11-28
2024-0867-FRA,No,nat-met-sto-sto,Natural,Meteorological,Storm,Storm (General),,Storm 'Bert' & 'Conall (Sigrid & Telse),FRA,France,Western Europe,Europe,East and south-east France,,,No,No,No,,,Kph,,,,2024,11,25,2024,11,26,,26,,,26,,,,,,,,,2024-11-26,2025-03-18
2024-0867-GBR,No,nat-met-sto-sto,Natural,Meteorological,Storm,Storm (General),,Storm 'Bert' & 'Conall (Sigrid & Telse),GBR,United Kingdom of Great Britain and Northern Ireland,Northern Europe,Europe,Southern England and Wales,,Flood,No,No,No,,110,Kph,,,,2024,11,23,2024,11,27,5,,750,,750,,,,,,,,,2024-11-25,2025-03-18
2024-0867-IRL,No,nat-met-sto-sto,Natural,Meteorological,Storm,Storm (General),,Storm 'Bert' & 'Conall (Sigrid & Telse),IRL,Ireland,Northern Europe,Europe,,,Flood,No,No,No,,,Kph,,,,2024,11,23,2024,11,27,,,,,,,,,,,,,,2024-11-25,2025-03-18
2024-0867-NLD,No,nat-met-sto-sto,Natural,Meteorological,Storm,Storm (General),,Storm 'Bert' & 'Conall (Sigrid & Telse),NLD,Netherlands (Kingdom of the),Western Europe,Europe,"Zeeland, South Holland, and Friesland Gelderland provinces",,Lightening,No,No,No,,,Kph,,,,2024,11,26,2024,11,27,1,,,,,,,42000,,50000,,,,2024-11-29,2025-03-18
2024-0919-GRC,No,tec-tra-wat-wat,Technological,Transport,Water,Water,,Migrants,GRC,Greece,Southern Europe,Europe,Cretes,,,No,No,No,,,,,,,2024,12,14,2024,12,14,41,,,,,,,,,,,,,2024-12-18,2024-12-19
2024-0921-ITA,No,tec-tra-wat-wat,Technological,Transport,Water,Water,,Migrants,ITA,Italy,Southern Europe,Europe,Near Lampedusa,,,No,No,No,,,,,,,2024,12,9,2024,12,9,44,1,,,1,,,,,,,,,2024-12-18,2024-12-19
2024-0949-ESP,No,tec-tra-wat-wat,Technological,Transport,Water,Water,,Migrants,ESP,Spain,Southern Europe,Europe,,,,No,No,No,,,,,,,2024,12,26,2024,12,26,70,11,,,11,,,,,,,,,2024-12-30,2024-12-30
2024-0954-ITA,No,tec-tra-wat-wat,Technological,Transport,Water,Water,,Migrants,ITA,Italy,Southern Europe,Europe,Near Lampedusa,,,No,No,No,,,,,,,2024,12,31,2024,12,31,20,,,,,,,,,,,,,2025-01-01,2025-01-01
2025-0048-ESP,No,nat-met-sto-sto,Natural,Meteorological,Storm,Storm (General),,Storm 'Herminia',ESP,Spain,Southern Europe,Europe,"Ourense, Galicia autonomous community",,,No,No,No,,,Kph,,,,2025,1,27,2025,1,28,1,,,,,,,,,,,,,2025-01-29,2025-02-13
2025-0048-FRA,No,nat-met-sto-sto,Natural,Meteorological,Storm,Storm (General),,Storm 'Herminia',FRA,France,Western Europe,Europe,"Rennes city, Redon and Ille-et-Vilaine department; Brittany, Normandy, and Pays de la Loire regions",,Flood,No,No,No,,,Kph,,,,2025,1,28,2025,1,30,,2,1900,,1902,,,,,,,,,2025-01-29,2025-02-13
2025-0048-ITA,No,nat-met-sto-sto,Natural,Meteorological,Storm,Storm (General),,Storm 'Herminia',ITA,Italy,Southern Europe,Europe,"Liguria, Tuscany, and Emilia Romagna",,"Slide (land, mud, snow, rock)",No,No,No,,,Kph,,,,2025,1,27,2025,1,28,,,,,,,,,,,,,,2025-01-31,2025-02-13
2025-0183-ITA,No,nat-hyd-flo-flo,Natural,Hydrological,Flood,Flood (General),,,ITA,Italy,Southern Europe,Europe,"Florence, Prato, Pisa, and Livorno (Toscane); Emilia-Romagna",Heavy rains,"Slide (land, mud, snow, rock)",No,No,No,,,Km2,,,,2025,3,14,2025,3,16,,,250,,250,,,,,,,,,2025-03-17,2025-04-01
2025-0185-MKD,No,tec-mis-fir-fir,Technological,Miscellaneous accident,Fire (Miscellaneous),Fire (Miscellaneous),,Discotheque 'Pulse',MKD,North Macedonia,Southern Europe,Europe,Kocani,,,No,No,No,,,,,,,2025,3,15,2025,3,16,59,150,,,150,,,,,,,,,2025-03-17,2025-04-01
2025-0230-BIH,No,nat-hyd-flo-flo,Natural,Hydrological,Flood,Flood (General),,,BIH,Bosnia and Herzegovina,Southern Europe,Europe,Prijedor and Sanski (Slavonia region),Heavy rains,,No,No,No,,,Km2,,,"Bosna, Una, Sava, Sana, Ukrina rivers",2025,3,26,2025,3,31,,,3000,,3000,,,,,,,,,2025-03-31,2025-04-04
2025-0230-HRV,No,nat-hyd-flo-flo,Natural,Hydrological,Flood,Flood (General),,,HRV,Croatia,Southern Europe,Europe,Dubrovnik city area,,"Slide (land, mud, snow, rock)",No,No,No,,,Km2,,,,2025,3,26,2025,3,31,,,,,,,,,,,,,,2025-03-31,2025-04-04
