DisNo.,Historic,Classification Key,Disaster Group,Disaster Subgroup,Disaster Type,Disaster Subtype,External IDs,Event Name,ISO,Country,Subregion,Region,Location,Origin,Associated Types,OFDA/BHA Response,Appeal,Declaration,AID Contribution ('000 US$),Magnitude,Magnitude Scale,Latitude,Longitude,River Basin,Start Year,Start Month,Start Day,End Year,End Month,End Day,Total Deaths,No. Injured,No. Affected,No. Homeless,Total Affected,Reconstruction Costs ('000 US$),"Reconstruction Costs, Adjusted ('000 US$)",Insured Damage ('000 US$),"Insured Damage, Adjusted ('000 US$)",Total Damage ('000 US$),"Total Damage, Adjusted ('000 US$)",CPI,Admin Units,Entry Date,Last Update
2000-0097-AUS,No,nat-met-sto-tro,Natural,Meteorological,Storm,Tropical cyclone,,Steve,AUS,Australia,Australia and New Zealand,Oceania,"Cairns, Tablelands districts (Queensland province), New South Wales province",,Flood,No,No,Yes,,120,Kph,,,,2000,2,27,2000,3,13,1,,200,,200,,,10000,17695,90000,159252,56.5142905592776,"[{""adm1_code"":470,""adm1_name"":""New South Wales""},{""adm2_code"":154657,""adm2_name"":""Cairns (R)""},{""adm2_code"":154694,""adm2_name"":""Tablelands (R)""}]",2005-07-08,2023-09-25
2000-0113-TUV,No,tec-mis-fir-fir,Technological,Miscellaneous accident,Fire (Miscellaneous),Fire (Miscellaneous),,Dormitory,TUV,Tuvalu,Polynesia,Oceania,Vaitupo Isl.,,,No,No,No,,,,,,,2000,3,9,2000,3,9,18,,,,,,,,,,,56.5142905592776,,2003-07-01,2023-09-25
2000-0214-AUS,No,nat-met-sto-tro,Natural,Meteorological,Storm,Tropical cyclone,,Tessi,AUS,Australia,Australia and New Zealand,Oceania,Townsville district (Queensland province),,,No,No,No,,130,Kph,,,,2000,4,3,2000,4,3,,,400,,400,,,,,60000,106168,56.5142905592776,"[{""adm2_code"":154698,""adm2_name"":""Townsville (C)""}]",2003-07-01,2023-09-25
2000-0241-FSM,No,nat-bio-epi-bac,Natural,Biological,Epidemic,Bacterial disease,,Cholera,FSM,Micronesia (Federated States of),Micronesia,Oceania,"Kitti, Nett, Kolonia, Madolenihmw municipalities (Pohnpei State)",,,No,No,No,,,,,,,2000,4,17,2000,8,21,19,,3431,,3431,,,,,,,56.5142905592776,,2005-06-17,2023-09-25
2000-0249-AUS,No,nat-bio-inf-loc,Natural,Biological,Infestation,Locust infestation,,,AUS,Australia,Australia and New Zealand,Oceania,"South Australia, New South Wales, Queensland",,,No,No,No,,,,,,,2000,4,,2000,4,,,,,,,,,,,120000,212336,56.5142905592776,,2003-07-01,2023-09-25
2000-0348-AUS,No,tec-mis-fir-fir,Technological,Miscellaneous accident,Fire (Miscellaneous),Fire (Miscellaneous),,Hotel,AUS,Australia,Australia and New Zealand,Oceania,Childers (North of Brisbane),,,No,No,No,,,,,,,2000,6,23,2000,6,23,18,9,,,9,,,,,,,56.5142905592776,,2003-07-01,2023-09-25
2000-0558-NZL,No,nat-hyd-flo-flo,Natural,Hydrological,Flood,Flood (General),,,NZL,New Zealand,Australia and New Zealand,Oceania,Canterbury province,,,No,No,No,,,Km2,,,,2000,8,20,2000,8,20,,,,,,,,,,1000,1769,56.5142905592776,"[{""adm1_code"":2173,""adm1_name"":""Canterbury""}]",2003-07-01,2023-09-25
2000-0659-AUS,No,nat-cli-wil-lan,Natural,Climatological,Wildfire,"Land fire (Brush, Bush, Pasture)",,,AUS,Australia,Australia and New Zealand,Oceania,"Ashfield (A), Auburn (C), Bankstown (C), Botany Bay (C), Burwood (A), Canada Bay (A), Canterbury (C), Holroyd (C), Hunters Hill (A), Hurstville (C), Kogarah (C), Ku-ring-gai (A), Lane Cove (A), Leichhardt (A), Manly (A), Marrickville (A), Mosman (A), North Sydney (A), Parramatta (C), Pittwater (A), Randwick (C), Rockdale (C), Ryde (C), Strathfield (A), Sutherland Shire (A), Sydney (C), Warringah (A), Waverley (A), Willoughby (C), Woollahra (A) districts (New South Wales province)",,,No,No,No,,,Km2,,,,2000,10,,2000,10,,,,200,,200,,,,,,,56.5142905592776,"[{""adm2_code"":4944,""adm2_name"":""Ashfield (A)""},{""adm2_code"":4945,""adm2_name"":""Auburn (C)""},{""adm2_code"":4948,""adm2_name"":""Bankstown (C)""},{""adm2_code"":4963,""adm2_name"":""Botany Bay (C)""},{""adm2_code"":4967,""adm2_name"":""Burwood (A)""},{""adm2_code"":4972,""adm2_name"":""Canterbury (C)""},{""adm2_code"":5020,""adm2_name"":""Holroyd (C)""},{""adm2_code"":5023,""adm2_name"":""Hunters Hill (A)""},{""adm2_code"":5024,""adm2_name"":""Hurstville (C)""},{""adm2_code"":5030,""adm2_name"":""Kogarah (C)""},{""adm2_code"":5031,""adm2_name"":""Ku-ring-gai (A)""},{""adm2_code"":5035,""adm2_name"":""Lane Cove (A)""},{""adm2_code"":5044,""adm2_name"":""Manly (A)""},{""adm2_code"":5045,""adm2_name"":""Marrickville (A)""},{""adm2_code"":5048,""adm2_name"":""Mosman (A)""},{""adm2_code"":5060,""adm2_name"":""North Sydney (A)""},{""adm2_code"":5066,""adm2_name"":""Parramatta (C)""},{""adm2_code"":5069,""adm2_name"":""Pittwater (A)""},{""adm2_code"":5073,""adm2_name"":""Randwick (C)""},{""adm2_code"":5075,""adm2_name"":""Rockdale (C)""},{""adm2_code"":5076,""adm2_name"":""Ryde (C)""},{""adm2_code"":5085,""adm2_name"":""Strathfield (A)""},{""adm2_code"":5086,""adm2_name"":""Sutherland Shire (A)""},{""adm2_code"":5104,""adm2_name"":""Warringah (A)""},{""adm2_code"":5105,""adm2_name"":""Waverley (A)""},{""adm2_code"":5109,""adm2_name"":""Willoughby (C)""},{""adm2_code"":5114,""adm2_name"":""Woollahra (A)""},{""adm2_code"":143252,""adm2_name"":""Canada Bay (A)""},{""adm2_code"":154629,""adm2_name"":""Leichhardt (A)""},{""adm2_code"":154637,""adm2_name"":""Sydney (C)""}]",2003-07-01,2023-09-25
2000-0687-NZL,No,nat-met-sto-sto,Natural,Meteorological,Storm,Storm (General),,,NZL,New Zealand,Australia and New Zealand,Oceania,Canterbury province,,,No,No,No,,160,Kph,,,,2000,10,11,2000,10,11,,,,,,,,,,,,56.5142905592776,"[{""adm1_code"":2173,""adm1_name"":""Canterbury""}]",2003-07-01,2023-09-25
2000-0749-PNG,No,nat-geo-ear-gro,Natural,Geophysical,Earthquake,Ground movement,USGS:usp000a3qq,,PNG,Papua New Guinea,Melanesia,Oceania,"Duke of York island (Kokopo district, East New Britain province), New Ireland, Northern Solomons provinces",,Tsunami/Tidal wave,No,No,No,,8,Moment Magnitude,-3.98,152.169,,2000,11,16,2000,11,16,2,,,5000,5000,,,,,,,56.5142905592776,"[{""adm1_code"":2302,""adm1_name"":""New Ireland""},{""adm1_code"":2304,""adm1_name"":""Northern Solomons""},{""adm2_code"":37482,""adm2_name"":""Kokopo""}]",2014-02-25,2023-09-25
2000-0750-AUS,No,nat-hyd-flo-riv,Natural,Hydrological,Flood,Riverine flood,,,AUS,Australia,Australia and New Zealand,Oceania,"Bingara, Yallaroi villages (Gwydir district, New South Wales province), Coonebarabran village (Warrumbungle Shire district, New South Wales province), Berrigan, Corowa Shire, Deniliquin, Murray districts (New South Wales province)",,,No,No,No,,112000,Km2,,,"Peel, Namoi, Murray, Edward, Gwydir, Belubula, Castlereagh, Macquarie, Macintyre, Barwon, Bulloo, Ward rivers",2000,11,17,2000,12,2,,,600,,600,,,,,265000,468908,56.5142905592776,"[{""adm2_code"":4954,""adm2_name"":""Berrigan (A)""},{""adm2_code"":4992,""adm2_name"":""Deniliquin (A)""},{""adm2_code"":5051,""adm2_name"":""Murray (A)""},{""adm2_code"":154623,""adm2_name"":""Corowa Shire (A)""},{""adm2_code"":154628,""adm2_name"":""Gwydir (A)""},{""adm2_code"":154642,""adm2_name"":""Warrumbungle Shire (A)""}]",2006-02-23,2023-09-25
2000-0811-AUS,No,tec-tra-wat-wat,Technological,Transport,Water,Water,,,AUS,Australia,Australia and New Zealand,Oceania,Ashmore Isl.,,,No,No,No,,,,,,,2000,12,8,2000,12,8,163,,,,,,,,,,,56.5142905592776,,2003-07-16,2023-09-25
2000-0832-MHL,No,nat-bio-epi-bac,Natural,Biological,Epidemic,Bacterial disease,,Cholera,MHL,Marshall Islands,Micronesia,Oceania,"Ebeye Isl., Kwajalein Atoll, Lae Atoll",,,No,No,No,,,,,,,2000,12,1,2000,12,1,6,,218,,218,,,,,,,56.5142905592776,,2003-07-01,2023-09-25
2000-0843-AUS,No,nat-met-sto-tro,Natural,Meteorological,Storm,Tropical cyclone,,Sam,AUS,Australia,Australia and New Zealand,Oceania,"Bidyadanga area (Broome district, Western Australia province)",,,No,No,No,,280,Kph,,,,2000,12,7,2000,12,7,,,750,,750,,,,,,,56.5142905592776,"[{""adm2_code"":5445,""adm2_name"":""Broome (S)""}]",2003-07-01,2023-09-25
2001-0028-AUS,No,nat-hyd-flo-flo,Natural,Hydrological,Flood,Flood (General),,,AUS,Australia,Australia and New Zealand,Oceania,"Granville, Wenworthville villages (Parramatta district, New South Wales province), Merrylands village (Holroyd district, New South Wales province), Dural village (Hornsby district, New South Wales province), North Richmond village (Hawkesbury district, New South Wales province)",,,No,No,No,,100,Km2,,,,2001,1,,2001,1,,1,30,300,,330,,,,,12000,20650,58.1114743743821,"[{""adm2_code"":5017,""adm2_name"":""Hawkesbury (C)""},{""adm2_code"":5020,""adm2_name"":""Holroyd (C)""},{""adm2_code"":5021,""adm2_name"":""Hornsby (A)""},{""adm2_code"":5066,""adm2_name"":""Parramatta (C)""}]",2003-07-01,2023-09-25
2001-0030-AUS,No,nat-met-sto-sto,Natural,Meteorological,Storm,Storm (General),,,AUS,Australia,Australia and New Zealand,Oceania,Sydney district (New South Wales province),,,No,No,No,,112,Kph,,,,2001,1,16,2001,1,16,1,,,,,,,,,6600,11357,58.1114743743821,"[{""adm2_code"":154637,""adm2_name"":""Sydney (C)""}]",2003-07-01,2023-09-25
2001-0045-AUS,No,nat-met-sto-sto,Natural,Meteorological,Storm,Storm (General),,,AUS,Australia,Australia and New Zealand,Oceania,"Brisbane district (Queensland province), Kiama, Shellharbour, Wingecarribee, Wollongong, Hornsby, Ku-ring-gai, Waverley, Richmond Valley, Armidale Dumaresq, Tamworth Regional, Clarence Valley, Kyogle districts (New South Wales province)",,,No,No,No,,,Kph,,,,2001,1,18,2001,1,18,1,27,,,27,,,,,,,58.1114743743821,"[{""adm2_code"":5021,""adm2_name"":""Hornsby (A)""},{""adm2_code"":5029,""adm2_name"":""Kiama (A)""},{""adm2_code"":5031,""adm2_name"":""Ku-ring-gai (A)""},{""adm2_code"":5032,""adm2_name"":""Kyogle (A)""},{""adm2_code"":5080,""adm2_name"":""Shellharbour (C)""},{""adm2_code"":5105,""adm2_name"":""Waverley (A)""},{""adm2_code"":5111,""adm2_name"":""Wingecarribee (A)""},{""adm2_code"":5113,""adm2_name"":""Wollongong (C)""},{""adm2_code"":143250,""adm2_name"":""Armidale Dumaresq (A)""},{""adm2_code"":154617,""adm2_name"":""Clarence Valley (A)""},{""adm2_code"":154636,""adm2_name"":""Richmond Valley (A)""},{""adm2_code"":154638,""adm2_name"":""Tamworth Regional (A)""},{""adm2_code"":154654,""adm2_name"":""Brisbane (C)""}]",2003-07-01,2023-09-25
2001-0087-AUS,No,nat-hyd-flo-riv,Natural,Hydrological,Flood,Riverine flood,,,AUS,Australia,Australia and New Zealand,Oceania,"Grafton, Maclean villages (Clarence Valley district, New South Wales province)",,,No,No,No,,,Km2,,,,2001,2,1,2001,2,1,,,,,,,,,,,,58.1114743743821,"[{""adm2_code"":154617,""adm2_name"":""Clarence Valley (A)""}]",2009-12-10,2023-09-25
2001-0093-VUT,No,nat-met-sto-tro,Natural,Meteorological,Storm,Tropical cyclone,,Paula,VUT,Vanuatu,Melanesia,Oceania,"Malukulan Ambrym, Paama, Lopevi islands (Malampa province), Efate, Shepherd islands (Shefa province)",,,No,No,No,,200,Kph,,,,2001,2,28,2001,2,28,1,,,,,,,,,,,58.1114743743821,"[{""adm1_code"":3296,""adm1_name"":""Malampa""},{""adm1_code"":3299,""adm1_name"":""Shefa""}]",2003-07-01,2023-09-25
2001-0103-AUS,No,nat-hyd-flo-coa,Natural,Hydrological,Flood,Coastal flood,,,AUS,Australia,Australia and New Zealand,Oceania,"Pigeon Hole, Kalkarindji, Daguragu areas (Victoria-Daly district, Northern Territory province), Borroloola, Ryan's Bend areas (Roper Gulf district, Northern Territory province), Devil's Springs area (Barkly district, Northern Territory province)",Tropical cyclone,,No,No,No,,32100,Km2,,,,2001,2,18,2001,2,23,,,670,,670,,,,,13000,22371,58.1114743743821,"[{""adm2_code"":154711,""adm2_name"":""Barkly (S)""},{""adm2_code"":154717,""adm2_name"":""Roper Gulf (S)""},{""adm2_code"":154719,""adm2_name"":""Victoria-Daly (S)""}]",2005-09-16,2023-09-25
2001-0130-AUS,No,nat-hyd-flo-riv,Natural,Hydrological,Flood,Riverine flood,,,AUS,Australia,Australia and New Zealand,Oceania,"Maclean, Yamba villages (Clarence Valley district, New South Wales province), Lismore, Woodburn villages (Lismore district, New South Wales province), Mullumbimby village (Byron district, New South Wales province), Murwillumbah area (Tweed district, New South Wales province), Smithtown, Gladstone areas (Kempsey district, New South Wales province), Coffs Harbour, Ballina, Kyogle, New South Wales",Heavy rain,,No,No,No,,30880,Km2,,,"Macleay, Clarence, Bellinger, Nambucca, Orara",2001,3,8,2001,3,15,3,1,3000,,3001,,,,,200000,344166,58.1114743743821,"[{""adm2_code"":4946,""adm2_name"":""Ballina (A)""},{""adm2_code"":4968,""adm2_name"":""Byron (A)""},{""adm2_code"":5028,""adm2_name"":""Kempsey (A)""},{""adm2_code"":5032,""adm2_name"":""Kyogle (A)""},{""adm2_code"":5038,""adm2_name"":""Lismore (C)""},{""adm2_code"":5094,""adm2_name"":""Tweed (A)""},{""adm2_code"":154617,""adm2_name"":""Clarence Valley (A)""},{""adm2_code"":154620,""adm2_name"":""Coffs Harbour (C)""}]",2005-09-16,2023-09-25
2001-0143-VUT,No,nat-met-sto-tro,Natural,Meteorological,Storm,Tropical cyclone,,Sose,VUT,Vanuatu,Melanesia,Oceania,"Santo island (Sanma province), Malekula island (Malampa province), Ambae island (Penama province), Shepherd, Efate island (Shefa province), Erromango, Tanna, Anatom island (Tafea province),",,,No,No,No,,100,Kph,,,,2001,4,7,2001,4,7,1,,505,295,800,,,,,,,58.1114743743821,"[{""adm1_code"":3296,""adm1_name"":""Malampa""},{""adm1_code"":3297,""adm1_name"":""Penama""},{""adm1_code"":3298,""adm1_name"":""Sanma""},{""adm1_code"":3299,""adm1_name"":""Shefa""},{""adm1_code"":3300,""adm1_name"":""Tafea""}]",2003-07-01,2023-09-25
2001-0254-VUT,No,nat-geo-vol-ash,Natural,Geophysical,Volcanic activity,Ash fall,,Lopevi,VUT,Vanuatu,Melanesia,Oceania,Paama island (Malampa province),,,No,No,No,,,,-16.507,168.346,,2001,6,8,2001,6,8,,,4500,,4500,,,,,,,58.1114743743821,"[{""adm2_code"":31850,""adm2_name"":""Administrative unit not available""}]",2005-06-01,2023-09-25
2001-0274-WSM,No,nat-hyd-flo-fla,Natural,Hydrological,Flood,Flash flood,,,WSM,Samoa,Polynesia,Oceania,"Lepea, Moatta, Falifa, Siumu areas",,,No,No,No,,,Km2,,,,2001,4,15,2001,4,15,,,,,,,,,,1500,2581,58.1114743743821,"[{""adm1_code"":2618,""adm1_name"":""Administrative unit not available""}]",2003-07-01,2023-09-25
2001-0301-AUS,No,nat-met-sto-sev,Natural,Meteorological,Storm,Severe weather,,,AUS,Australia,Australia and New Zealand,Oceania,Gold Coast district (Queensland province),,,No,No,No,,,Kph,,,,2001,4,26,2001,4,26,,,180,,180,,,,,,,58.1114743743821,"[{""adm2_code"":154667,""adm2_name"":""Gold Coast (C)""}]",2003-07-01,2023-09-25
2001-0345-PNG,No,nat-geo-ear-gro,Natural,Geophysical,Earthquake,Ground movement,USGS:usp000ag32,,PNG,Papua New Guinea,Melanesia,Oceania,Mumeng district (Morobe province),,"Slide (land, mud, snow, rock)",No,No,No,,6.4,Moment Magnitude,-6.884,146.388,,2001,6,5,2001,6,5,,1,,200,201,,,,,,,58.1114743743821,"[{""adm2_code"":37525,""adm2_name"":""Mumeng""}]",2008-05-08,2023-09-25
2001-0531-PNG,No,nat-bio-epi-vir,Natural,Biological,Epidemic,Viral disease,,,PNG,Papua New Guinea,Melanesia,Oceania,"Dogura, Salamo, Daio, Hagita, Samarai, Alotau, Waterluma, Gamadodo (Milne Bay province)",,,No,No,No,,6000,Vaccinated,,,,2001,11,1,2001,11,1,,,1395,,1395,,,,,,,58.1114743743821,,2003-07-01,2023-09-25
2001-0655-AUS,No,nat-cli-wil-lan,Natural,Climatological,Wildfire,"Land fire (Brush, Bush, Pasture)",,,AUS,Australia,Australia and New Zealand,Oceania,New South Wales province,,,No,No,No,,280,Km2,,,,2001,10,,2001,10,,,,,,,,,,,,,58.1114743743821,"[{""adm1_code"":470,""adm1_name"":""New South Wales""}]",2003-07-01,2023-09-25
2001-0659-COK,No,nat-met-sto-tro,Natural,Meteorological,Storm,Tropical cyclone,,Trina,COK,Cook Islands,Polynesia,Oceania,"Rarotonga, Avarua, Mangaia islands",,,No,No,No,24,130,Kph,,,,2001,12,2,2001,12,2,,,744,,744,,,,,,,58.1114743743821,"[{""adm1_code"":980,""adm1_name"":""Administrative unit not available""}]",2003-07-01,2023-09-25
2001-0699-AUS,No,nat-cli-wil-lan,Natural,Climatological,Wildfire,"Land fire (Brush, Bush, Pasture)",,,AUS,Australia,Australia and New Zealand,Oceania,"Sydney (Ashfield (A), Auburn (C), Bankstown (C), Botany Bay (C), Burwood (A), Canada Bay (A), Canterbury (C), Holroyd (C), Hunters Hill (A), Hurstville (C), Kogarah (C), Ku-ring-gai (A), Lane Cove (A), Leichhardt (A), Manly (A), Marrickville (A), Mosman (A), North Sydney (A), Parramatta (C), Pittwater (A), Randwick (C), Rockdale (C), Ryde (C), Strathfield (A), Sutherland Shire (A), Sydney (C), Warringah (A), Waverley (A), Willoughby (C), Woollahra (A) districts, New South Wales province), Canberra (Unincorporated ACT district, Australian Capital Territory province)",,,Yes,No,Yes,,5500,Km2,,,,2001,12,25,2002,1,16,,,4400,,4400,,,35000,60229,90000,154875,58.1114743743821,"[{""adm2_code"":4940,""adm2_name"":""Unincorporated ACT""},{""adm2_code"":4944,""adm2_name"":""Ashfield (A)""},{""adm2_code"":4945,""adm2_name"":""Auburn (C)""},{""adm2_code"":4948,""adm2_name"":""Bankstown (C)""},{""adm2_code"":4963,""adm2_name"":""Botany Bay (C)""},{""adm2_code"":4967,""adm2_name"":""Burwood (A)""},{""adm2_code"":4972,""adm2_name"":""Canterbury (C)""},{""adm2_code"":5020,""adm2_name"":""Holroyd (C)""},{""adm2_code"":5023,""adm2_name"":""Hunters Hill (A)""},{""adm2_code"":5024,""adm2_name"":""Hurstville (C)""},{""adm2_code"":5030,""adm2_name"":""Kogarah (C)""},{""adm2_code"":5031,""adm2_name"":""Ku-ring-gai (A)""},{""adm2_code"":5035,""adm2_name"":""Lane Cove (A)""},{""adm2_code"":5044,""adm2_name"":""Manly (A)""},{""adm2_code"":5045,""adm2_name"":""Marrickville (A)""},{""adm2_code"":5048,""adm2_name"":""Mosman (A)""},{""adm2_code"":5060,""adm2_name"":""North Sydney (A)""},{""adm2_code"":5066,""adm2_name"":""Parramatta (C)""},{""adm2_code"":5069,""adm2_name"":""Pittwater (A)""},{""adm2_code"":5073,""adm2_name"":""Randwick (C)""},{""adm2_code"":5075,""adm2_name"":""Rockdale (C)""},{""adm2_code"":5076,""adm2_name"":""Ryde (C)""},{""adm2_code"":5085,""adm2_name"":""Strathfield (A)""},{""adm2_code"":5086,""adm2_name"":""Sutherland Shire (A)""},{""adm2_code"":5104,""adm2_name"":""Warringah (A)""},{""adm2_code"":5105,""adm2_name"":""Waverley (A)""},{""adm2_code"":5109,""adm2_name"":""Willoughby (C)""},{""adm2_code"":5114,""adm2_name"":""Woollahra (A)""},{""adm2_code"":143252,""adm2_name"":""Canada Bay (A)""},{""adm2_code"":154629,""adm2_name"":""Leichhardt (A)""},{""adm2_code"":154637,""adm2_name"":""Sydney (C)""}]",2005-12-01,2023-09-25
2001-0711-TON,No,nat-met-sto-tro,Natural,Meteorological,Storm,Tropical cyclone,,Waka,TON,Tonga,Polynesia,Oceania,"Vava'u, Niuafo'ou islands (Tonga province)",,,Yes,No,No,868,260,Kph,,,,2001,12,31,2001,12,31,,,16500,,16500,,,,,51300,88279,58.1114743743821,"[{""adm1_code"":2976,""adm1_name"":""Administrative unit not available""}]",2005-04-19,2023-09-25
2001-0779-NZL,No,nat-met-ext-hea,Natural,Meteorological,Extreme temperature,Heat wave,,,NZL,New Zealand,Australia and New Zealand,Oceania,"Canterbury, Nelson-marlborough, Otago, Southland, Westland provinces",,Drought,No,No,No,,,°C,,,,2001,1,,2001,4,,,,,,,,,,,200000,344166,58.1114743743821,"[{""adm1_code"":2173,""adm1_name"":""Canterbury""},{""adm1_code"":2176,""adm1_name"":""Nelson-marlborough""},{""adm1_code"":2178,""adm1_name"":""Otago""},{""adm1_code"":2179,""adm1_name"":""Southland""},{""adm1_code"":2184,""adm1_name"":""Westland""}]",2006-03-08,2023-09-25
2002-0002-VUT,No,nat-geo-ear-gro,Natural,Geophysical,Earthquake,Ground movement,USGS:usp000avpw,,VUT,Vanuatu,Melanesia,Oceania,Port Vila city (Shefa province),,"Slide (land, mud, snow, rock)",No,No,No,,7.2,Moment Magnitude,-17.6,167.856,,2002,1,3,2002,1,3,,,500,,500,,,,,,,59.0331440786142,"[{""adm2_code"":31853,""adm2_name"":""Administrative unit not available""}]",2004-03-24,2025-03-14
2002-0036-NZL,No,nat-hyd-flo-riv,Natural,Hydrological,Flood,Riverine flood,,,NZL,New Zealand,Australia and New Zealand,Oceania,Canterbury province,Heavy rains,,No,No,No,,8030,Km2,,,Ciliwung,2002,1,12,2002,1,15,,,300,,300,,,,,500,847,59.0331440786142,"[{""adm1_code"":2173,""adm1_name"":""Canterbury""}]",2005-09-21,2023-09-25
2002-0070-PNG,No,nat-geo-ear-gro,Natural,Geophysical,Earthquake,Ground movement,USGS:usp000aw5z,,PNG,Papua New Guinea,Melanesia,Oceania,Aitape district (West Sepik province),,,No,No,No,,6.7,Moment Magnitude,-3.212,142.427,,2002,1,10,2002,1,10,1,,,1000,1000,,,,,,,59.0331440786142,"[{""adm2_code"":37557,""adm2_name"":""Aitape""}]",2003-09-04,2023-09-25
2002-0126-FSM,No,nat-met-sto-tro,Natural,Meteorological,Storm,Tropical cyclone,,Mitag,FSM,Micronesia (Federated States of),Micronesia,Oceania,Yap Island (Micronesia province),,Surge,No,No,Yes,,212,Kph,,,,2002,3,3,2002,3,3,,,,175,175,,,,,,,59.0331440786142,"[{""adm1_code"":2060,""adm1_name"":""Administrative unit not available""}]",2005-05-09,2023-09-25
2002-0157-AUS,No,nat-met-sto-sto,Natural,Meteorological,Storm,Storm (General),,,AUS,Australia,Australia and New Zealand,Oceania,"Sydney, Liverpoool, Fairfield, Holroyd, Parramatta, Blacktown, The Hills Shire, Campbelltown districts (New South Wales province)",,Rain,No,No,Yes,,100,Kph,,,,2002,2,16,2002,2,16,,,,,,,,,,,,59.0331440786142,"[{""adm2_code"":4951,""adm2_name"":""The Hills Shire (A)""},{""adm2_code"":4956,""adm2_name"":""Blacktown (C)""},{""adm2_code"":4971,""adm2_name"":""Campbelltown (C)""},{""adm2_code"":4999,""adm2_name"":""Fairfield (C)""},{""adm2_code"":5020,""adm2_name"":""Holroyd (C)""},{""adm2_code"":5039,""adm2_name"":""Liverpool (C)""},{""adm2_code"":5066,""adm2_name"":""Parramatta (C)""},{""adm2_code"":154637,""adm2_name"":""Sydney (C)""}]",2005-05-10,2023-09-25
2002-0190-PNG,No,nat-hyd-mmw-lan,Natural,Hydrological,Mass movement (wet),Landslide (wet),,,PNG,Papua New Guinea,Melanesia,Oceania,"Wantoat village (Markham area, Kaiapit district, Morobe province)",,,No,No,No,,,,,,,2002,4,2,2002,4,2,36,11,163,,174,,,,,,,59.0331440786142,"[{""adm2_code"":37522,""adm2_name"":""Kaiapit""}]",2003-07-01,2023-09-25
2002-0303-PNG,No,nat-bio-epi-vir,Natural,Biological,Epidemic,Viral disease,,,PNG,Papua New Guinea,Melanesia,Oceania,Western Highlands,,,No,No,No,,,Vaccinated,,,,2002,1,1,2002,1,1,122,,2215,,2215,,,,,,,59.0331440786142,,2003-07-01,2023-09-25
2002-0397-FSM,No,nat-met-sto-tro,Natural,Meteorological,Storm,Tropical cyclone,,Chata'an,FSM,Micronesia (Federated States of),Micronesia,Oceania,"Weno, Tonoas, Fefan, Udot, Uman, Siis villages (Chuuk island, Micronesia province)",,,No,No,No,138,112,Kph,,,,2002,7,1,2002,7,1,47,148,1300,,1448,,,,,500,847,59.0331440786142,"[{""adm1_code"":2060,""adm1_name"":""Administrative unit not available""}]",2005-04-19,2023-09-25
2002-0432-GUM,No,nat-met-sto-tro,Natural,Meteorological,Storm,Tropical cyclone,,Chata'an,GUM,Guam,Micronesia,Oceania,Guam province,,,No,No,No,,177,Kph,,,,2002,7,5,2002,7,5,,,4044,,4044,,,,,60000,101638,59.0331440786142,"[{""adm1_code"":1359,""adm1_name"":""Administrative unit not available""}]",2003-07-01,2023-09-25
2002-0492-PNG,No,nat-geo-vol-ash,Natural,Geophysical,Volcanic activity,Ash fall,,Mt Pago,PNG,Papua New Guinea,Melanesia,Oceania,Kimbe district (West New Britain province),,,No,No,No,1180,,,,,,2002,7,2,2002,7,2,,,13000,,13000,,,,,,,59.0331440786142,"[{""adm2_code"":37556,""adm2_name"":""Kimbe""}]",2014-07-28,2023-09-25
2002-0577-PNG,No,nat-geo-ear-gro,Natural,Geophysical,Earthquake,Ground movement,USGS:usp000bbpf,,PNG,Papua New Guinea,Melanesia,Oceania,Wewak district (East Sepik province),,Tsunami/Tidal wave,No,No,No,53,7.6,Moment Magnitude,-3.302,142.945,,2002,9,8,2002,9,8,4,70,4400,,4470,,,,,,,59.0331440786142,"[{""adm2_code"":37488,""adm2_name"":""Wewak""}]",2005-04-19,2023-09-25
2002-0637-AUS,No,nat-met-sto-sev,Natural,Meteorological,Storm,Severe weather,,,AUS,Australia,Australia and New Zealand,Oceania,New South Wales province,,,No,No,No,,120,Kph,,,,2002,9,19,2002,9,19,,,,,,,,,,,,59.0331440786142,"[{""adm1_code"":470,""adm1_name"":""New South Wales""}]",2003-07-01,2023-09-25
2002-0753-GUM,No,nat-met-sto-tro,Natural,Meteorological,Storm,Tropical cyclone,,Pongsona,GUM,Guam,Micronesia,Oceania,Guam province,,,No,No,No,,180,Kph,,,,2002,12,8,2002,12,8,1,,6000,5100,11100,,,,,70000,118577,59.0331440786142,"[{""adm1_code"":1359,""adm1_name"":""Administrative unit not available""}]",2003-07-01,2023-09-25
2002-0765-AUS,No,nat-cli-wil-lan,Natural,Climatological,Wildfire,"Land fire (Brush, Bush, Pasture)",,,AUS,Australia,Australia and New Zealand,Oceania,"Sydney (Ashfield (A), Auburn (C), Bankstown (C), Botany Bay (C), Burwood (A), Canada Bay (A), Canterbury (C), Holroyd (C), Hunters Hill (A), Hurstville (C), Kogarah (C), Ku-ring-gai (A), Lane Cove (A), Leichhardt (A), Manly (A), Marrickville (A), Mosman (A), North Sydney (A), Parramatta (C), Pittwater (A), Randwick (C), Rockdale (C), Ryde (C), Strathfield (A), Sutherland Shire (A), Sydney (C), Warringah (A), Waverley (A), Willoughby (C), Woollahra (A) districts, New South Wales province)",,,No,No,No,,,Km2,,,,2002,10,8,2002,12,6,2,4,,240,244,,,,,50000,84698,59.0331440786142,"[{""adm2_code"":4944,""adm2_name"":""Ashfield (A)""},{""adm2_code"":4945,""adm2_name"":""Auburn (C)""},{""adm2_code"":4948,""adm2_name"":""Bankstown (C)""},{""adm2_code"":4963,""adm2_name"":""Botany Bay (C)""},{""adm2_code"":4967,""adm2_name"":""Burwood (A)""},{""adm2_code"":4972,""adm2_name"":""Canterbury (C)""},{""adm2_code"":5020,""adm2_name"":""Holroyd (C)""},{""adm2_code"":5023,""adm2_name"":""Hunters Hill (A)""},{""adm2_code"":5024,""adm2_name"":""Hurstville (C)""},{""adm2_code"":5030,""adm2_name"":""Kogarah (C)""},{""adm2_code"":5031,""adm2_name"":""Ku-ring-gai (A)""},{""adm2_code"":5035,""adm2_name"":""Lane Cove (A)""},{""adm2_code"":5044,""adm2_name"":""Manly (A)""},{""adm2_code"":5045,""adm2_name"":""Marrickville (A)""},{""adm2_code"":5048,""adm2_name"":""Mosman (A)""},{""adm2_code"":5060,""adm2_name"":""North Sydney (A)""},{""adm2_code"":5066,""adm2_name"":""Parramatta (C)""},{""adm2_code"":5069,""adm2_name"":""Pittwater (A)""},{""adm2_code"":5073,""adm2_name"":""Randwick (C)""},{""adm2_code"":5075,""adm2_name"":""Rockdale (C)""},{""adm2_code"":5076,""adm2_name"":""Ryde (C)""},{""adm2_code"":5085,""adm2_name"":""Strathfield (A)""},{""adm2_code"":5086,""adm2_name"":""Sutherland Shire (A)""},{""adm2_code"":5104,""adm2_name"":""Warringah (A)""},{""adm2_code"":5105,""adm2_name"":""Waverley (A)""},{""adm2_code"":5109,""adm2_name"":""Willoughby (C)""},{""adm2_code"":5114,""adm2_name"":""Woollahra (A)""},{""adm2_code"":143252,""adm2_name"":""Canada Bay (A)""},{""adm2_code"":154629,""adm2_name"":""Leichhardt (A)""},{""adm2_code"":154637,""adm2_name"":""Sydney (C)""}]",2005-12-01,2023-09-25
2002-0770-VUT,No,nat-geo-ear-gro,Natural,Geophysical,Earthquake,Ground movement,USGS:usp000bjhn,,VUT,Vanuatu,Melanesia,Oceania,Merelava island (Torba province),,"Slide (land, mud, snow, rock)",No,No,No,,5.9,Moment Magnitude,-14.49,167.827,,2002,11,27,2002,11,27,,3,500,,503,,,,,,,59.0331440786142,"[{""adm2_code"":31855,""adm2_name"":""Administrative unit not available""}]",2003-07-01,2023-09-25
2002-0798-AUS,No,nat-met-sto-sto,Natural,Meteorological,Storm,Storm (General),,,AUS,Australia,Australia and New Zealand,Oceania,"Port Stephens, Greater Taree districts (New South Wales province)",,,No,No,No,,,Kph,,,,2002,12,5,2002,12,5,,,120,9,129,,,,,,,59.0331440786142,"[{""adm2_code"":5009,""adm2_name"":""Greater Taree (C)""},{""adm2_code"":5070,""adm2_name"":""Port Stephens (A)""}]",2003-07-01,2023-09-25
2002-0811-SLB,No,nat-met-sto-tro,Natural,Meteorological,Storm,Tropical cyclone,,Zoe,SLB,Solomon Islands,Melanesia,Oceania,"Tikopia, Fataka, Anuta islands (Temotu area, Solomon Islands province)",,Surge,Yes,No,Yes,584,,Kph,,,,2002,12,28,2002,12,29,,10,,1100,1110,,,,,,,59.0331440786142,"[{""adm1_code"":2687,""adm1_name"":""Administrative unit not available""}]",2005-04-13,2023-11-10
2002-0815-PNG,No,nat-bio-epi-vir,Natural,Biological,Epidemic,Viral disease,,,PNG,Papua New Guinea,Melanesia,Oceania,Hengonofi area,,,No,No,No,,,Vaccinated,,,,2002,12,24,2002,12,24,20,,,,,,,,,,,59.0331440786142,,2003-07-01,2023-09-25
2002-0826-MNP,No,nat-met-sto-tro,Natural,Meteorological,Storm,Tropical cyclone,,Pongsona,MNP,Northern Mariana Islands,Micronesia,Oceania,"Saipan, Rota islands (Northern Mariana Islands province)",,,No,No,No,,,Kph,,,,2002,12,8,2002,12,8,,,,300,300,,,,,,,59.0331440786142,"[{""adm1_code"":2243,""adm1_name"":""Administrative unit not available""}]",2010-03-25,2023-09-25
2002-0829-VUT,No,nat-hyd-flo-riv,Natural,Hydrological,Flood,Riverine flood,,,VUT,Vanuatu,Melanesia,Oceania,Tafea province,Heavy rain,,No,No,No,26,146,Km2,,,,2002,12,21,2002,12,25,,1,3000,,3001,,,,,,,59.0331440786142,"[{""adm1_code"":3300,""adm1_name"":""Tafea""}]",2005-09-26,2023-09-25
2002-9611-AUS,No,nat-cli-dro-dro,Natural,Climatological,Drought,Drought,,,AUS,Australia,Australia and New Zealand,Oceania,"Queensland, New South Wales provinces",El Nino,Wildfire,No,No,No,,,Km2,,,,2002,4,,2002,11,,,,,,,,,,,2000000,3387927,59.0331440786142,"[{""adm1_code"":470,""adm1_name"":""New South Wales""},{""adm1_code"":473,""adm1_name"":""Queensland""}]",2006-03-08,2023-09-25
2003-0024-FJI,No,nat-met-sto-tro,Natural,Meteorological,Storm,Tropical cyclone,,Ami,FJI,Fiji,Melanesia,Oceania,"Northern, Eastern, Western provinces",,"Slide (land, mud, snow, rock)|Surge",Yes,Yes,Yes,2254,150,Kph,,,,2003,1,14,2003,1,14,17,,30000,,30000,,,,,30000,49691,60.3732510662594,"[{""adm1_code"":40188,""adm1_name"":""Eastern""},{""adm1_code"":40189,""adm1_name"":""Northern""},{""adm1_code"":40190,""adm1_name"":""Western""}]",2005-04-13,2023-09-25
2003-0030-AUS,No,nat-cli-wil-for,Natural,Climatological,Wildfire,Forest fire,,,AUS,Australia,Australia and New Zealand,Oceania,"Canberra region (Unincorporated ACT district, Australian Capital Territory province)","High temperature, high winds",,Yes,No,No,,30000,Km2,,,,2003,1,8,2003,2,18,4,150,2500,,2650,,,264000,437280,300000,496909,60.3732510662594,"[{""adm2_code"":4940,""adm2_name"":""Unincorporated ACT""}]",2004-08-12,2023-09-25
2003-0057-SLB,No,nat-met-sto-tro,Natural,Meteorological,Storm,Tropical cyclone,,Beni,SLB,Solomon Islands,Melanesia,Oceania,"Rennell, Bellona islands (Solomon Islands province)",,,No,No,No,,110,Kph,,,,2003,1,26,2003,1,28,,,275,,275,,,,,,,60.3732510662594,"[{""adm1_code"":2687,""adm1_name"":""Administrative unit not available""}]",2003-09-02,2023-09-25
2003-0066-AUS,No,nat-met-sto-sto,Natural,Meteorological,Storm,Storm (General),,,AUS,Australia,Australia and New Zealand,Oceania,New South Wales province,,,No,No,No,,100,Kph,,,,2003,1,9,2003,1,9,1,,,,,,,,,,,60.3732510662594,"[{""adm1_code"":470,""adm1_name"":""New South Wales""}]",2003-09-02,2023-09-25
2003-0079-AUS,No,nat-hyd-flo-riv,Natural,Hydrological,Flood,Riverine flood,,,AUS,Australia,Australia and New Zealand,Oceania,"Stanwell, Gracemere, Mount Morgan villages (Rockhampton district, Queensland province), Wowan, Baralaba, Moura villages (Banana district, Queensland province), Agnes Water, Makowata villages (Gladstone district, Queensland province), Blackall Tambo district (Queensland province)","Cyclone Beni, heavy rains",,No,No,Yes,,36500,Km2,,,,2003,2,5,2003,2,12,1,,20,,20,,,,,2000,3313,60.3732510662594,"[{""adm2_code"":154651,""adm2_name"":""Banana (S)""},{""adm2_code"":154653,""adm2_name"":""Blackall Tambo (R)""},{""adm2_code"":154666,""adm2_name"":""Gladstone (R)""},{""adm2_code"":154688,""adm2_name"":""Rockhampton (R)""}]",2004-01-20,2023-09-25
2003-0109-AUS,No,nat-hyd-flo-fla,Natural,Hydrological,Flood,Flash flood,,,AUS,Australia,Australia and New Zealand,Oceania,"Clarence Valley, Coffs Harbour, Kempsey, Gwydir, Tamworth Regional, Narrabri, Uralla, Moree Plains districts (New South Wales province)",Heavy rains,,No,No,No,,57420,Km2,,,"Mudgee, Talworth, Northern rivers",2003,2,21,2003,2,24,,,100,,100,,,,,,,60.3732510662594,"[{""adm2_code"":5028,""adm2_name"":""Kempsey (A)""},{""adm2_code"":5047,""adm2_name"":""Moree Plains (A)""},{""adm2_code"":5056,""adm2_name"":""Narrabri (A)""},{""adm2_code"":154617,""adm2_name"":""Clarence Valley (A)""},{""adm2_code"":154620,""adm2_name"":""Coffs Harbour (C)""},{""adm2_code"":154628,""adm2_name"":""Gwydir (A)""},{""adm2_code"":154631,""adm2_name"":""Liverpool Plains (A)""},{""adm2_code"":154638,""adm2_name"":""Tamworth Regional (A)""}]",2004-02-27,2023-09-25
2003-0135-NCL,No,nat-met-sto-tro,Natural,Meteorological,Storm,Tropical cyclone,,Erica,NCL,New Caledonia,Melanesia,Oceania,"Noumea, Bourail areas (South region), Kone area (North region)",,,No,No,No,300,200,Kph,,,,2003,3,13,2003,3,13,2,100,,1000,1100,,,,,40000,66255,60.3732510662594,"[{""adm1_code"":2170,""adm1_name"":""Administrative unit not available""}]",2005-04-13,2023-09-25
2003-0145-NCL,No,nat-bio-epi-vir,Natural,Biological,Epidemic,Viral disease,,Dengue,NCL,New Caledonia,Melanesia,Oceania,,,,No,No,No,,,Vaccinated,,,,2003,3,,2003,3,,,,437,,437,,,,,,,60.3732510662594,,2003-10-06,2023-09-25
2003-0208-PNG,No,nat-hyd-mmw-lan,Natural,Hydrological,Mass movement (wet),Landslide (wet),,,PNG,Papua New Guinea,Melanesia,Oceania,Southern Highlands province,Heavy rains,,No,No,No,,,,,,,2003,5,3,2003,5,3,13,21,,,21,,,,,,,60.3732510662594,"[{""adm1_code"":2305,""adm1_name"":""Southern Highlands""}]",2003-10-08,2023-09-25
2003-0224-MNP,No,nat-geo-vol-ash,Natural,Geophysical,Volcanic activity,Ash fall,,Mt Anatahan,MNP,Northern Mariana Islands,Micronesia,Oceania,Anatahan island (Administrative unit not available province),,,No,No,Yes,,,,,,,2003,5,10,2003,5,10,,,,,,,,,,,,60.3732510662594,"[{""adm1_code"":2243,""adm1_name"":""Administrative unit not available""}]",2003-10-08,2023-09-25
2003-0230-NZL,No,tec-tra-wat-wat,Technological,Transport,Water,Water,,"Vessel ""Lih Fa""",NZL,New Zealand,Australia and New Zealand,Oceania,Tasman sea,,,No,No,No,,,,,,,2003,4,16,2003,4,16,18,,,,,,,,,,,60.3732510662594,,2003-10-08,2023-09-25
2003-0287-ASM,No,nat-hyd-flo-fla,Natural,Hydrological,Flood,Flash flood,,,ASM,American Samoa,Polynesia,Oceania,"Pago pago, Fagatogo areas (Administrative unit not available province)",Heavy rains,"Slide (land, mud, snow, rock)",No,No,Yes,,174,Km2,,,,2003,5,18,2003,5,19,6,3,,,3,,,,,50000,82818,60.3732510662594,"[{""adm1_code"":389,""adm1_name"":""Administrative unit not available""}]",2004-01-22,2023-09-25
2003-0288-AUS,No,nat-met-sto-tor,Natural,Meteorological,Storm,Tornado,,,AUS,Australia,Australia and New Zealand,Oceania,Greater Bendigo district (Victoria province),,,No,No,No,,130,Kph,,,,2003,5,18,2003,5,18,,,240,30,270,,,,,,,60.3732510662594,"[{""adm2_code"":5378,""adm2_name"":""Greater Bendigo (C)""}]",2003-06-16,2023-09-25
2003-0292-AUS,No,nat-hyd-flo-fla,Natural,Hydrological,Flood,Flash flood,,,AUS,Australia,Australia and New Zealand,Oceania,"Gosford, Wyong, Wollongong districts (New South Wales province)",Brief torrential rains,,No,No,Yes,,5265,Km2,,,"Worona, Cooks",2003,5,13,2003,5,18,,,300,,300,,,,,,,60.3732510662594,"[{""adm2_code"":5004,""adm2_name"":""Gosford (C)""},{""adm2_code"":5113,""adm2_name"":""Wollongong (C)""},{""adm2_code"":5115,""adm2_name"":""Wyong (A)""}]",2004-01-22,2023-09-25
2003-0314-SLB,No,nat-met-sto-tro,Natural,Meteorological,Storm,Tropical cyclone,,Gina,SLB,Solomon Islands,Melanesia,Oceania,"Faea, Ravenga areas (Tikopia island, Solomon Islands province)",,"Slide (land, mud, snow, rock)",No,No,No,,111,Kph,,,,2003,6,5,2003,6,5,,,,150,150,,,,,,,60.3732510662594,"[{""adm1_code"":2687,""adm1_name"":""Administrative unit not available""}]",2003-07-01,2023-09-25
2003-0386-PNG,No,nat-hyd-mmw-lan,Natural,Hydrological,Mass movement (wet),Landslide (wet),,,PNG,Papua New Guinea,Melanesia,Oceania,"Namatanai, Konos districts (New Ireland province)",Torrential rains,,No,No,No,,,,,,,2003,8,1,2003,8,1,,,600,,600,,,,,,,60.3732510662594,"[{""adm2_code"":37530,""adm2_name"":""Konos""},{""adm2_code"":37533,""adm2_name"":""Namatanai""}]",2003-08-11,2023-09-25
2003-0490-NZL,No,nat-met-sto-sto,Natural,Meteorological,Storm,Storm (General),,,NZL,New Zealand,Australia and New Zealand,Oceania,Kapiti Coast District area (Wellington province),,"Flood|Slide (land, mud, snow, rock)",No,No,Yes,,,Kph,,,,2003,10,3,2003,10,3,2,,,,,,,,,3000,4969,60.3732510662594,"[{""adm1_code"":2183,""adm1_name"":""Wellington""}]",2004-01-30,2023-09-25
2003-0560-AUS,No,nat-met-sto-hai,Natural,Meteorological,Storm,Hail,,Hailstorm,AUS,Australia,Australia and New Zealand,Oceania,Sydney district (New South Wales province),,Flood,No,No,No,,,Kph,,,,2003,10,24,2003,10,24,,,1500,,1500,,,,,,,60.3732510662594,"[{""adm2_code"":154637,""adm2_name"":""Sydney (C)""}]",2003-11-24,2023-09-25
2003-0577-FSM,No,nat-met-sto-tro,Natural,Meteorological,Storm,Tropical cyclone,,Lupit,FSM,Micronesia (Federated States of),Micronesia,Oceania,"Ulithi Atoll, Woleai Atoll, Fais Island, Rumung Island, Yap Island areas (Micronesia province)",,,No,Yes,Yes,10,240,Kph,,,,2003,11,21,2003,11,25,,,,1000,1000,,,,,,,60.3732510662594,"[{""adm1_code"":2060,""adm1_name"":""Administrative unit not available""}]",2005-04-13,2023-09-25
2003-0587-AUS,No,nat-hyd-flo-fla,Natural,Hydrological,Flood,Flash flood,,,AUS,Australia,Australia and New Zealand,Oceania,"Darebin, Manningham districts (Victoria province)",Heavy rains,,No,No,No,,,Km2,,,,2003,12,2,2003,12,2,,,50,,50,,,,,75000,124227,60.3732510662594,"[{""adm2_code"":5370,""adm2_name"":""Darebin (C)""},{""adm2_code"":5393,""adm2_name"":""Manningham (C)""}]",2003-12-03,2023-09-25
2003-0615-AUS,No,nat-met-sto-lig,Natural,Meteorological,Storm,Lightning/Thunderstorms,,,AUS,Australia,Australia and New Zealand,Oceania,Melbourne district (Victoria province),,Flood,No,No,No,,,Kph,,,,2003,12,3,2003,12,3,,,,,,,,75000,124227,93000,154042,60.3732510662594,"[{""adm2_code"":5396,""adm2_name"":""Melbourne (C)""}]",2003-12-22,2023-09-25
2003-0616-AUS,No,nat-met-sto-hai,Natural,Meteorological,Storm,Hail,,,AUS,Australia,Australia and New Zealand,Oceania,Gladstone district (Queensland province),,,No,No,No,,,Kph,,,,2003,12,9,2003,12,9,,,300,,300,,,,,,,60.3732510662594,"[{""adm2_code"":154666,""adm2_name"":""Gladstone (R)""}]",2003-12-22,2023-09-25
2004-0004-ASM,No,nat-met-sto-tro,Natural,Meteorological,Storm,Tropical cyclone,GLIDE:ST-2004-000004,Heta,ASM,American Samoa,Polynesia,Oceania,American Samoa,,,No,No,Yes,,310,Kph,,,,2004,1,5,2004,1,5,,60,20000,3000,23060,,,,,150000,241976,61.9895859343217,"[{""adm1_code"":389,""adm1_name"":""Administrative unit not available""}]",2005-07-28,2025-03-04
2004-0004-NIU,No,nat-met-sto-tro,Natural,Meteorological,Storm,Tropical cyclone,GLIDE:ST-2004-000004,Heta,NIU,Niue,Polynesia,Oceania,Alofi area (Niue province),,,No,No,No,,300,Kph,,,,2004,1,6,2004,1,6,1,2,200,500,702,,,,,40000,64527,61.9895859343217,"[{""adm1_code"":2241,""adm1_name"":""Administrative unit not available""}]",2004-01-08,2025-03-04
2004-0004-TON,No,nat-met-sto-tro,Natural,Meteorological,Storm,Tropical cyclone,GLIDE:ST-2004-000004,Heta,TON,Tonga,Polynesia,Oceania,"Tafahi, Nuiatoputapu islands (Tonga province)",,,No,No,No,,,Kph,,,,2004,1,6,2004,1,6,,,,,,,,,,,,61.9895859343217,"[{""adm1_code"":2976,""adm1_name"":""Administrative unit not available""}]",2004-01-13,2025-03-04
2004-0004-WSM,No,nat-met-sto-tro,Natural,Meteorological,Storm,Tropical cyclone,GLIDE:ST-2004-000004,Heta,WSM,Samoa,Polynesia,Oceania,"Savaii, Upolu islands (Samoa province)",,Flood|Surge,No,No,Yes,,310,Kph,,,,2004,1,5,2004,1,5,1,,,,,,,,,,,61.9895859343217,"[{""adm1_code"":2618,""adm1_name"":""Administrative unit not available""}]",2004-01-16,2025-03-04
2004-0067-NZL,No,nat-hyd-flo-fla,Natural,Hydrological,Flood,Flash flood,,,NZL,New Zealand,Australia and New Zealand,Oceania,"Manawatu, Rangitikei, Tararua, Horowhenua, Ruapehu, Wanganui areas (Manawatu-Wanganui province), Wellington, Taranaki provinces",Unseasonable summer storms,,No,No,Yes,,,Km2,,,"Makino Stream, Rangitikei, Oroua, Manawatu, Mangaweka, Waitotara, Ruamahanga",2004,2,13,2004,2,25,2,,2500,,2500,,,70000,112922,200000,322635,61.9895859343217,"[{""adm1_code"":2180,""adm1_name"":""Taranaki""},{""adm1_code"":2182,""adm1_name"":""Wanganui-manawatu""},{""adm1_code"":2183,""adm1_name"":""Wellington""}]",2005-11-21,2023-09-25
2004-0080-VUT,No,nat-met-sto-tro,Natural,Meteorological,Storm,Tropical cyclone,,Ivy (P13),VUT,Vanuatu,Melanesia,Oceania,"Malekula, Ambrym, Paama islands (Malampa province), Epi, Shepard islands (Shefa province), Ambae, Maevo islands (Penama province), Erromango, Tanna islands (Tafea province)",,"Rain|Slide (land, mud, snow, rock)",Yes,No,No,123,190,Kph,,,,2004,2,25,2004,2,27,2,8,54000,,54008,,,,,,,61.9895859343217,"[{""adm1_code"":3296,""adm1_name"":""Malampa""},{""adm1_code"":3297,""adm1_name"":""Penama""},{""adm1_code"":3299,""adm1_name"":""Shefa""},{""adm1_code"":3300,""adm1_name"":""Tafea""}]",2005-12-01,2023-09-25
2004-0091-AUS,No,nat-hyd-flo-riv,Natural,Hydrological,Flood,Riverine flood,,,AUS,Australia,Australia and New Zealand,Oceania,"Mount Isa, Longreach, Rockhampton, Townsville, Barcoo, Diamantina, Paroo districts (Queensland province), Tamworth Regional, Moree Plains districts (New South Wales province)",Monsoonal rain,,No,No,No,,1232000,Km2,,,"Leichhardt, Gilliat, Flinders, Thomson, Cooper, Barcoo, Balonne, Weir, Bulloo, Nicholson, Gregory, Gilliat Channels, Barwon, Paroo, Peel, Mehi, Gwydir, Tully, Herbert, Barron",2004,1,14,2004,2,25,,,3400,,3400,,,,,32000,51622,61.9895859343217,"[{""adm2_code"":5047,""adm2_name"":""Moree Plains (A)""},{""adm2_code"":154638,""adm2_name"":""Tamworth Regional (A)""},{""adm2_code"":5136,""adm2_name"":""Barcoo (S)""},{""adm2_code"":5172,""adm2_name"":""Diamantina (S)""},{""adm2_code"":5216,""adm2_name"":""Mount Isa (C)""},{""adm2_code"":5225,""adm2_name"":""Paroo (S)""},{""adm2_code"":154678,""adm2_name"":""Longreach (R)""},{""adm2_code"":154688,""adm2_name"":""Rockhampton (R)""},{""adm2_code"":154698,""adm2_name"":""Townsville (C)""}]",2004-07-13,2023-09-25
2004-0104-PNG,No,nat-hyd-flo-riv,Natural,Hydrological,Flood,Riverine flood,,,PNG,Papua New Guinea,Melanesia,Oceania,"Western Highlands, Chimbu provinces",Heavy rains,"Slide (land, mud, snow, rock)",No,No,No,,2000,Km2,,,"Waghi, Komon, Minj, Tuman, Kane, Boko",2004,3,5,2004,3,9,,,10000,,10000,,,,,,,61.9895859343217,"[{""adm1_code"":2291,""adm1_name"":""Chimbu""},{""adm1_code"":2309,""adm1_name"":""Western Highlands""}]",2004-04-14,2023-09-25
2004-0150-FSM,No,nat-met-sto-tro,Natural,Meteorological,Storm,Tropical cyclone,,Cosme (Sudal/03W),FSM,Micronesia (Federated States of),Micronesia,Oceania,Yap area (Micronesia province),,Surge,No,No,Yes,7494,240,Kph,,,,2004,4,3,2004,4,18,1,8,6000,,6008,,,,,,,61.9895859343217,"[{""adm1_code"":2060,""adm1_name"":""Administrative unit not available""}]",2006-05-04,2023-09-25
2004-0153-FJI,No,nat-met-sto-tro,Natural,Meteorological,Storm,Tropical cyclone,,,FJI,Fiji,Melanesia,Oceania,"Central, Western, Northern provinces",,"Flood|Slide (land, mud, snow, rock)",No,No,No,,90,Kph,,,,2004,4,8,2004,4,8,16,,5000,,5000,,,,,4000,6453,61.9895859343217,"[{""adm1_code"":40187,""adm1_name"":""Central""},{""adm1_code"":40189,""adm1_name"":""Northern""},{""adm1_code"":40190,""adm1_name"":""Western""}]",2004-04-14,2023-09-25
2004-0294-FJI,No,nat-hyd-flo-fla,Natural,Hydrological,Flood,Flash flood,,,FJI,Fiji,Melanesia,Oceania,"Central, Western provinces",Torrential rains,"Slide (land, mud, snow, rock)",No,No,No,,,Km2,,,,2004,6,5,2004,6,5,,,600,,600,,,,,,,61.9895859343217,"[{""adm1_code"":40187,""adm1_name"":""Central""},{""adm1_code"":40190,""adm1_name"":""Western""}]",2004-07-01,2023-09-25
2004-0312-GUM,No,nat-met-sto-tro,Natural,Meteorological,Storm,Tropical cyclone,,Tingting,GUM,Guam,Micronesia,Oceania,"Agat, Merizo, Barrigada, Mangilao areas (Guam province)",,"Flood|Slide (land, mud, snow, rock)",No,No,Yes,,137,Kph,,,,2004,6,27,2004,6,28,1,,300,,300,,,,,,,61.9895859343217,"[{""adm1_code"":1359,""adm1_name"":""Administrative unit not available""}]",2012-04-23,2023-09-25
2004-0312-MNP,No,nat-met-sto-tro,Natural,Meteorological,Storm,Tropical cyclone,,Tingting,MNP,Northern Mariana Islands,Micronesia,Oceania,Saipan island (Northern Mariana Islands province),,,No,No,No,,,Kph,,,,2004,6,26,2004,6,27,3,,200,,200,,,,,,,61.9895859343217,"[{""adm1_code"":2243,""adm1_name"":""Administrative unit not available""}]",2012-04-23,2023-09-25
2004-0400-AUS,No,nat-met-sto-sto,Natural,Meteorological,Storm,Storm (General),,,AUS,Australia,Australia and New Zealand,Oceania,"Victoria, New South Wales provinces",,,No,No,No,,,Kph,,,,2004,7,17,2004,7,18,,,600,,600,,,,,,,61.9895859343217,"[{""adm1_code"":470,""adm1_name"":""New South Wales""},{""adm1_code"":476,""adm1_name"":""Victoria""}]",2004-08-09,2025-03-17
2004-0404-NZL,No,nat-hyd-flo-fla,Natural,Hydrological,Flood,Flash flood,,,NZL,New Zealand,Australia and New Zealand,Oceania,Bay of Plenty province,Torrential rain,"Slide (land, mud, snow, rock)",No,No,Yes,,,Km2,,,,2004,7,18,2004,7,18,2,,2850,,2850,,,,,45000,72593,61.9895859343217,"[{""adm1_code"":2172,""adm1_name"":""Bay Of Plenty""}]",2004-08-10,2023-09-25
2004-0432-AUS,No,nat-bio-inf-loc,Natural,Biological,Infestation,Locust infestation,,,AUS,Australia,Australia and New Zealand,Oceania,NSW,,,No,No,No,,,,,,,2004,8,,2004,8,,,,,,,,,,,,,61.9895859343217,,2004-08-23,2023-09-25
2004-0445-GUM,No,nat-met-sto-tro,Natural,Meteorological,Storm,Tropical cyclone,,Chaba,GUM,Guam,Micronesia,Oceania,Guam province,,,No,No,No,,,Kph,,,,2004,8,30,2004,9,1,,,,,,,,,,1000,1613,61.9895859343217,"[{""adm1_code"":1359,""adm1_name"":""Administrative unit not available""}]",2007-02-23,2023-09-25
2004-0537-AUS,No,nat-hyd-flo-riv,Natural,Hydrological,Flood,Riverine flood,,,AUS,Australia,Australia and New Zealand,Oceania,"Repton, Urunga villages (Bellingen district, New South Wales province), Coffs Harbour district (New South Wales province)",Heavy rain,,No,No,Yes,,1820,Km2,,,Bellingen river,2004,10,19,2004,10,22,,,100,,100,,,,,5500,8872,61.9895859343217,"[{""adm2_code"":4953,""adm2_name"":""Bellingen (A)""},{""adm2_code"":154620,""adm2_name"":""Coffs Harbour (C)""}]",2004-11-02,2023-09-25
2004-0574-AUS,No,tec-tra-rai-rai,Technological,Transport,Rail,Rail,,,AUS,Australia,Australia and New Zealand,Oceania,Near Bundaberg (Queensland state),,,No,No,No,,,,,,,2004,11,16,2004,11,16,,120,,,120,,,,,,,61.9895859343217,,2004-11-16,2023-09-25
2004-0589-AUS,No,nat-met-sto-sto,Natural,Meteorological,Storm,Storm (General),,,AUS,Australia,Australia and New Zealand,Oceania,Brisbane district (Queensland province),,Flood|Hail,No,No,No,,,Kph,,,,2004,11,7,2004,11,7,2,,45,,45,,,,,10000,16132,61.9895859343217,"[{""adm2_code"":154654,""adm2_name"":""Brisbane (C)""}]",2004-11-22,2023-09-25
2004-0610-PNG,No,nat-geo-vol-ash,Natural,Geophysical,Volcanic activity,Ash fall,,,PNG,Papua New Guinea,Melanesia,Oceania,Bogia district (Madang province),,,No,No,No,,,,,,,2004,10,,2004,11,,,,9600,,9600,,,,,,,61.9895859343217,"[{""adm2_code"":37507,""adm2_name"":""Bogia""}]",2014-07-28,2023-09-25
2004-0662-AUS,No,nat-hyd-flo-riv,Natural,Hydrological,Flood,Riverine flood,,,AUS,Australia,Australia and New Zealand,Oceania,"Eidsvold village (North Burnett district, Queensland province), Wee Waa village (Narrabri district, New South Wales province), Weemelah, Mungindi villages (Moree Plains district, New South Wales province), Mullumbimby, Billinudgel villages (Byron district, New South Wales province), Orange New South Wales",Heavy rain,,No,No,No,,80550,Km2,,,Tributaries of Darling river,2004,12,8,2004,12,22,3,,120,,120,,,,,15000,24198,61.9895859343217,"[{""adm2_code"":4968,""adm2_name"":""Byron (A)""},{""adm2_code"":5047,""adm2_name"":""Moree Plains (A)""},{""adm2_code"":5056,""adm2_name"":""Narrabri (A)""},{""adm2_code"":5064,""adm2_name"":""Orange (C)""},{""adm2_code"":154684,""adm2_name"":""North Burnett (R)""}]",2005-01-03,2023-09-25
2004-0674-AUS,No,nat-met-sto-sto,Natural,Meteorological,Storm,Storm (General),,,AUS,Australia,Australia and New Zealand,Oceania,"Victoria, Queensland provinces",,Hail|Rain,No,No,No,,,Kph,,,,2004,1,24,2004,1,31,1,,,,,,,30000,48395,50000,80659,61.9895859343217,"[{""adm1_code"":473,""adm1_name"":""Queensland""},{""adm1_code"":476,""adm1_name"":""Victoria""}]",2005-02-11,2023-09-25
2005-0014-AUS,No,nat-cli-wil-for,Natural,Climatological,Wildfire,Forest fire,,,AUS,Australia,Australia and New Zealand,Oceania,"Eyre peninsula (Ceduna (DC), Cleve (DC), Elliston (DC), Franklin Harbour (DC), Kimba (DC), Lower Eyre Peninsula (DC), Port Augusta (C), Port Lincoln (C), Streaky Bay (DC), Tumby Bay (DC), Whyalla (C), Wudinna (DC) districts, South Australia province)","High temperature, violent winds",,No,No,No,,1000,Km2,,,,2005,1,4,2005,1,26,12,20,200,,220,,,20000,31205,40000,62410,64.0927402574269,"[{""adm2_code"":5264,""adm2_name"":""Ceduna (DC)""},{""adm2_code"":5267,""adm2_name"":""Cleve (DC)""},{""adm2_code"":5270,""adm2_name"":""Elliston (DC)""},{""adm2_code"":5272,""adm2_name"":""Franklin Harbour (DC)""},{""adm2_code"":5279,""adm2_name"":""Kimba (DC)""},{""adm2_code"":5281,""adm2_name"":""Wudinna (DC)""},{""adm2_code"":5283,""adm2_name"":""Lower Eyre Peninsula (DC)""},{""adm2_code"":5301,""adm2_name"":""Port Augusta (C)""},{""adm2_code"":5302,""adm2_name"":""Port Lincoln (C)""},{""adm2_code"":5310,""adm2_name"":""Streaky Bay (DC)""},{""adm2_code"":5314,""adm2_name"":""Tumby Bay (DC)""},{""adm2_code"":5322,""adm2_name"":""Whyalla (C)""}]",2005-12-01,2023-09-25
2005-0068-AUS,No,nat-met-sto-sto,Natural,Meteorological,Storm,Storm (General),,,AUS,Australia,Australia and New Zealand,Oceania,"Narrabri, Jerilderie, Wagga Wagga, Griffith, Bega Valley, Eurobodalla, Shoalhaven, Campbelltown districts (New South Wales province)",,,No,No,No,,124,Kph,,,,2005,1,21,2005,1,21,,,600,,600,,,,,27000,42126,64.0927402574269,"[{""adm2_code"":4952,""adm2_name"":""Bega Valley (A)""},{""adm2_code"":4971,""adm2_name"":""Campbelltown (C)""},{""adm2_code"":4997,""adm2_name"":""Eurobodalla (A)""},{""adm2_code"":5010,""adm2_name"":""Griffith (C)""},{""adm2_code"":5026,""adm2_name"":""Jerilderie (A)""},{""adm2_code"":5056,""adm2_name"":""Narrabri (A)""},{""adm2_code"":5081,""adm2_name"":""Shoalhaven (C)""},{""adm2_code"":5099,""adm2_name"":""Wagga Wagga (C)""}]",2005-03-10,2023-09-25
2005-0102-COK,No,nat-met-sto-tro,Natural,Meteorological,Storm,Tropical cyclone,,Percy,COK,Cook Islands,Polynesia,Oceania,"Pukapuka, Nassau islands",,,No,No,Yes,,249,Kph,,,,2005,2,28,2005,2,28,,8,600,,608,,,,,,,64.0927402574269,"[{""adm1_code"":980,""adm1_name"":""Administrative unit not available""}]",2005-03-18,2023-09-25
2005-0102-TKL,No,nat-met-sto-tro,Natural,Meteorological,Storm,Tropical cyclone,,Percy,TKL,Tokelau,Polynesia,Oceania,"Nukunonu, Atafu, Fakaofo islands (Tokelau province)",,,No,No,No,,249,Kph,,,,2005,2,28,2005,2,28,,1,,25,26,,,,,,,64.0927402574269,"[{""adm1_code"":2975,""adm1_name"":""Administrative unit not available""}]",2005-03-14,2023-09-25
2005-0144-NZL,No,nat-met-sto-tor,Natural,Meteorological,Storm,Tornado,,,NZL,New Zealand,Australia and New Zealand,Oceania,Greymouth town (Westland province),,,No,No,No,,,Kph,,,,2005,3,10,2005,3,10,,,100,,100,,,,,10000,15602,64.0927402574269,"[{""adm1_code"":2184,""adm1_name"":""Westland""}]",2005-04-01,2023-09-25
2005-0151-ASM,No,nat-met-sto-tro,Natural,Meteorological,Storm,Tropical cyclone,,Olaf,ASM,American Samoa,Polynesia,Oceania,Manu'a island,,,No,No,No,,,Kph,,,,2005,2,16,2005,2,16,,,,,,,,,,,,64.0927402574269,"[{""adm1_code"":389,""adm1_name"":""Administrative unit not available""}]",2005-04-01,2023-09-25
2005-0151-WSM,No,nat-met-sto-tro,Natural,Meteorological,Storm,Tropical cyclone,,Olaf,WSM,Samoa,Polynesia,Oceania,Samoa province,,,No,No,No,,190,Kph,,,,2005,2,16,2005,2,16,9,,,,,,,,,,,64.0927402574269,"[{""adm1_code"":2618,""adm1_name"":""Administrative unit not available""}]",2005-04-01,2023-09-25
2005-0241-AUS,No,tec-tra-air-air,Technological,Transport,Air,Air,,Bi-moteur Fairchild Metroliner,AUS,Australia,Australia and New Zealand,Oceania,Lockhart river,,,No,No,No,,,,,,,2005,5,7,2005,5,7,15,,,,,,,,,,,64.0927402574269,,2005-05-09,2023-09-25
2005-0302-NZL,No,nat-hyd-flo-fla,Natural,Hydrological,Flood,Flash flood,,,NZL,New Zealand,Australia and New Zealand,Oceania,"Otumoetai, Whakatane, Matata areas (Bay Of Plenty province)",,"Slide (land, mud, snow, rock)",No,No,Yes,,630,Km2,,,,2005,5,18,2005,5,21,,,,400,400,,,43000,67090,72000,112337,64.0927402574269,"[{""adm1_code"":2172,""adm1_name"":""Bay Of Plenty""}]",2005-09-14,2023-09-25
2005-0308-PNG,No,nat-geo-vol-ash,Natural,Geophysical,Volcanic activity,Ash fall,,"Langila, Manam",PNG,Papua New Guinea,Melanesia,Oceania,"Aitavala, Masele, Kilenge, Ongaea, Potne, Sumel, Vem, Galegale, Tauale, Laut, Aimaga, Aipate, Gie villages (Gloucester district, West New Britain province)",,,No,No,No,,,,-4.08,145.037,,2005,6,2,2005,6,10,,,15000,,15000,,,,,,,64.0927402574269,"[{""adm2_code"":37554,""adm2_name"":""Gloucester""}]",2005-09-13,2023-09-25
2005-0328-PNG,No,nat-geo-ear-gro,Natural,Geophysical,Earthquake,Ground movement,USGS:usp000ds6y,,PNG,Papua New Guinea,Melanesia,Oceania,Lae district (Morobe province),,,No,No,No,,6.1,Moment Magnitude,-6.319,146.846,,2005,6,4,2005,6,4,1,,,200,200,,,,,,,64.0927402574269,"[{""adm2_code"":37523,""adm2_name"":""Lae""}]",2005-06-24,2023-09-25
2005-0518-PNG,No,nat-hyd-flo-riv,Natural,Hydrological,Flood,Riverine flood,,,PNG,Papua New Guinea,Melanesia,Oceania,"Arawa, Buin district (Northern Solomons province)",Heavy rainsfalls,,No,No,No,,,Km2,,,,2005,8,19,2005,8,19,1,,2493,,2493,,,,,,,64.0927402574269,"[{""adm2_code"":37537,""adm2_name"":""Arawa""},{""adm2_code"":37538,""adm2_name"":""Buin""}]",2006-01-19,2023-09-25
2005-0523-AUS,No,nat-hyd-flo-riv,Natural,Hydrological,Flood,Riverine flood,,,AUS,Australia,Australia and New Zealand,Oceania,"Coomera, Currumbin villages (Gold Coast district, Queensland province), Byron Bay area (Byron district, New South Wales province), Yamba area (Clarence Valley district, New South Wales province), Benora area (Tweed district, New South Wales province), Casino village (Richmond Valley district, New South Wales province), Kyogle, Lismore, Ballina districts (New South Wales province)",Heavy rains,Rain,No,No,No,,,Km2,,,,2005,6,30,2005,7,3,3,,3000,,3000,,,58000,90494,58000,90494,64.0927402574269,"[{""adm2_code"":4946,""adm2_name"":""Ballina (A)""},{""adm2_code"":4968,""adm2_name"":""Byron (A)""},{""adm2_code"":5032,""adm2_name"":""Kyogle (A)""},{""adm2_code"":5038,""adm2_name"":""Lismore (C)""},{""adm2_code"":5094,""adm2_name"":""Tweed (A)""},{""adm2_code"":154617,""adm2_name"":""Clarence Valley (A)""},{""adm2_code"":154636,""adm2_name"":""Richmond Valley (A)""},{""adm2_code"":154667,""adm2_name"":""Gold Coast (C)""}]",2006-02-27,2023-09-25
2005-0664-VUT,No,nat-geo-vol-ash,Natural,Geophysical,Volcanic activity,Ash fall,,Mt. Ambae,VUT,Vanuatu,Melanesia,Oceania,Ambae island (Penama province),,,No,No,Yes,,,,-16.507,168.346,,2005,11,27,2005,11,27,,,5000,,5000,,,,,,,64.0927402574269,"[{""adm2_code"":31851,""adm2_name"":""Administrative unit not available""}]",2005-12-08,2023-09-25
2005-0697-AUS,No,nat-met-sto-sto,Natural,Meteorological,Storm,Storm (General),,,AUS,Australia,Australia and New Zealand,Oceania,"Australian Capital Territory, Queensland, New South Wales, Victoria provinces",,,No,No,No,,,Kph,,,,2005,12,2,2005,12,2,1,,600,,600,,,,,15000,23404,64.0927402574269,"[{""adm1_code"":468,""adm1_name"":""Australian Capital Territory""},{""adm1_code"":470,""adm1_name"":""New South Wales""},{""adm1_code"":473,""adm1_name"":""Queensland""},{""adm1_code"":476,""adm1_name"":""Victoria""}]",2008-03-14,2023-09-25
2006-0043-AUS,No,nat-met-sto-tro,Natural,Meteorological,Storm,Tropical cyclone,,Clare,AUS,Australia,Australia and New Zealand,Oceania,"Wyndham-East Kimberley, Ashburton, East Pilbara, Port Hedland, Roebourne, Upper Gascoyne districts (Western Australia province)",,Flood,No,No,No,,,Kph,-23.26,116.94,,2006,1,9,2006,1,31,,,1500,,1500,,,,,2354,3558,66.1603305617979,"[{""adm2_code"":5435,""adm2_name"":""Ashburton (S)""},{""adm2_code"":5478,""adm2_name"":""East Pilbara (S)""},{""adm2_code"":5536,""adm2_name"":""Port Hedland (T)""},{""adm2_code"":5540,""adm2_name"":""Roebourne (S)""},{""adm2_code"":5553,""adm2_name"":""Upper Gascoyne (S)""},{""adm2_code"":5569,""adm2_name"":""Wyndham-East Kimberley (S)""}]",2007-01-04,2023-09-25
2006-0057-AUS,No,nat-cli-wil-for,Natural,Climatological,Wildfire,Forest fire,,,AUS,Australia,Australia and New Zealand,Oceania,"Victoria, New South Wales, Tasmania provinces",,,No,No,No,,,Km2,,,,2006,1,,2006,4,,3,,,81,81,,,,,50000,75574,66.1603305617979,"[{""adm1_code"":470,""adm1_name"":""New South Wales""},{""adm1_code"":475,""adm1_name"":""Tasmania""},{""adm1_code"":476,""adm1_name"":""Victoria""}]",2007-01-03,2023-09-25
2006-0059-PNG,No,nat-hyd-mmw-lan,Natural,Hydrological,Mass movement (wet),Landslide (wet),,,PNG,Papua New Guinea,Melanesia,Oceania,"Kwasang 2 village (Mumeng district, Morobe province)",Torrential rain,,No,No,No,,,,,,,2006,1,20,2006,4,18,14,,,10000,10000,,,,,,,66.1603305617979,"[{""adm2_code"":37525,""adm2_name"":""Mumeng""}]",2007-03-08,2023-09-25
2006-0071-FJI,No,nat-hyd-flo-riv,Natural,Hydrological,Flood,Riverine flood,,,FJI,Fiji,Melanesia,Oceania,Macuata district (Northern province),Heavy rain,"Slide (land, mud, snow, rock)",No,No,No,,2370,Km2,-16.45,179.65,"Waiqele, Naseakula",2006,2,4,2006,2,9,4,,224,,224,,,,,500,756,66.1603305617979,"[{""adm2_code"":40202,""adm2_name"":""Macuata""}]",2007-01-04,2023-09-25
2006-0073-FJI,No,nat-met-sto-tro,Natural,Meteorological,Storm,Tropical cyclone,,Jim,FJI,Fiji,Melanesia,Oceania,"Lautoka, Ba towns (Ba district, Western province), Rakiraki town (Ra district, Western province)",,Flood,No,No,No,,,Kph,-17.82,177.68,,2006,1,29,2006,2,6,,,168,,168,,,,,,,66.1603305617979,"[{""adm2_code"":40203,""adm2_name"":""Ba""},{""adm2_code"":40205,""adm2_name"":""Ra""}]",2007-01-04,2023-09-25
2006-0082-PNG,No,nat-hyd-flo-riv,Natural,Hydrological,Flood,Riverine flood,,,PNG,Papua New Guinea,Melanesia,Oceania,"Babiko, Mou, Apanapi, Rapa, Mekeo, Inauabui, Veifa, Biotou, Kairuku areas (Kairuku district, Central province)",Heavy rains,,No,No,No,,34450,Km2,-9.07,147.28,Kemp Welsh,2006,2,3,2006,2,19,1,,,12000,12000,,,,,,,66.1603305617979,"[{""adm2_code"":37473,""adm2_name"":""Kairuku""}]",2007-01-04,2023-09-25
2006-0139-AUS,No,nat-met-sto-tro,Natural,Meteorological,Storm,Tropical cyclone,,Larry,AUS,Australia,Australia and New Zealand,Oceania,Cairns district (Queensland province),,Flood,No,No,Yes,,290,Kph,-17.91,145.54,,2006,3,20,2006,4,2,,30,,7000,7030,,,335000,506346,1180000,1783546,66.1603305617979,"[{""adm2_code"":154657,""adm2_name"":""Cairns (R)""}]",2007-03-09,2023-09-25
2006-0155-AUS,No,nat-met-sto-tro,Natural,Meteorological,Storm,Tropical cyclone,,Glenda,AUS,Australia,Australia and New Zealand,Oceania,"Exmouth, Ashburton, East Pilbara, Port Hedland, Roebourne districts (Western Australia province)",,Rain,No,No,No,,235,Kph,-25.68,115.13,,2006,3,30,2006,4,5,,,500,,500,,,,,,,66.1603305617979,"[{""adm2_code"":5435,""adm2_name"":""Ashburton (S)""},{""adm2_code"":5478,""adm2_name"":""East Pilbara (S)""},{""adm2_code"":5480,""adm2_name"":""Exmouth (S)""},{""adm2_code"":5536,""adm2_name"":""Port Hedland (T)""},{""adm2_code"":5540,""adm2_name"":""Roebourne (S)""}]",2007-01-04,2023-09-25
2006-0179-AUS,No,nat-hyd-flo-riv,Natural,Hydrological,Flood,Riverine flood,,,AUS,Australia,Australia and New Zealand,Oceania,"Beswick village (Roper Gulf district, Northern Territory province), Katherine, Unincorporated NT districts, (Northern Territory province)",Monsoonal rain,,No,No,Yes,,39370,Km2,-14.18,132.39,"Katherine, Daly",2006,4,5,2006,4,10,,,1100,,1100,,,,,,,66.1603305617979,"[{""adm2_code"":154715,""adm2_name"":""Katherine (T)""},{""adm2_code"":154717,""adm2_name"":""Roper Gulf (S)""},{""adm2_code"":154722,""adm2_name"":""Unincorporated NT""}]",2007-01-04,2023-09-25
2006-0205-PNG,No,nat-hyd-flo-riv,Natural,Hydrological,Flood,Riverine flood,,,PNG,Papua New Guinea,Melanesia,Oceania,Ambunti district (East Sepik province),Heavy rain,"Slide (land, mud, snow, rock)",No,No,No,,41560,Km2,-4.26,143.22,"Sunuhu, Yumbanakor",2006,4,12,2006,4,18,,,400,,400,,,,,,,66.1603305617979,"[{""adm2_code"":37485,""adm2_name"":""Ambunti""}]",2007-01-04,2023-09-25
2006-0222-PNG,No,nat-hyd-mmw-mud,Natural,Hydrological,Mass movement (wet),Mudslide,,,PNG,Papua New Guinea,Melanesia,Oceania,"Kuma village (Mendi district, Southern Highlands province)",,"Slide (land, mud, snow, rock)",No,No,No,,,,-6.16,143.7,,2006,4,27,2006,4,30,1,,300,,300,,,,,,,66.1603305617979,"[{""adm2_code"":37549,""adm2_name"":""Mendi""}]",2007-01-04,2023-09-25
2006-0223-NZL,No,nat-hyd-flo-fla,Natural,Hydrological,Flood,Flash flood,,,NZL,New Zealand,Australia and New Zealand,Oceania,"Mosgiel, Dunedin, Oamaru, Waitati, Taieri Plains areas (Otago province)",Brief torrential rain,,No,No,No,,4630,Km2,-45.69,170.37,"Taieri, Silver, Stream, Leith",2006,4,26,2006,4,28,,,1200,,1200,,,,,3000,4534,66.1603305617979,"[{""adm1_code"":2178,""adm1_name"":""Otago""}]",2007-01-04,2023-09-25
2006-0281-VUT,No,nat-geo-vol-ash,Natural,Geophysical,Volcanic activity,Ash fall,,Lopevi,VUT,Vanuatu,Melanesia,Oceania,"Paama, Ambrym villages (Malampa province)",,,No,No,No,,,,-16.507,168.346,,2006,5,9,2006,5,9,,,,,,,,,,,,66.1603305617979,"[{""adm2_code"":31850,""adm2_name"":""Administrative unit not available""}]",2006-06-13,2023-09-25
2006-0540-PNG,No,nat-geo-vol-ash,Natural,Geophysical,Volcanic activity,Ash fall,GLIDE:VO-2006-000148,Tavurvur,PNG,Papua New Guinea,Melanesia,Oceania,"Kokopo, Rabaul districts (East New Britain province)",,,No,No,No,,,,,,,2006,10,7,2006,10,7,,,1221,,1221,,,,,,,66.1603305617979,"[{""adm2_code"":37482,""adm2_name"":""Kokopo""},{""adm2_code"":37484,""adm2_name"":""Rabaul""}]",2014-07-28,2025-03-06
2006-0660-AUS,No,nat-cli-wil-wil,Natural,Climatological,Wildfire,Wildfire (General),,,AUS,Australia,Australia and New Zealand,Oceania,"Blue mountains district, New South Wales province",,,No,No,Yes,,,Km2,,,,2006,11,16,2006,11,16,,,,,,,,,,,,66.1603305617979,"[{""adm2_code"":4959,""adm2_name"":""Blue Mountains (C)""}]",2006-12-04,2023-09-25
2006-0666-AUS,No,nat-cli-wil-for,Natural,Climatological,Wildfire,Forest fire,,,AUS,Australia,Australia and New Zealand,Oceania,"Tasmania, Victoria, New South Wales provinces",,,No,No,No,,,Km2,,,,2006,12,,2006,12,,1,,,60,60,,,,,50000,75574,66.1603305617979,"[{""adm1_code"":470,""adm1_name"":""New South Wales""},{""adm1_code"":475,""adm1_name"":""Tasmania""},{""adm1_code"":476,""adm1_name"":""Victoria""}]",2007-01-08,2023-09-25
2006-0715-PNG,No,nat-geo-vol-ash,Natural,Geophysical,Volcanic activity,Ash fall,,Karai,PNG,Papua New Guinea,Melanesia,Oceania,"Kaiamu, Malasi, Sulu, Silali villages (Bialla district, West New Britain province)",,,No,No,No,,,,,,,2006,7,13,2006,7,13,,,2078,,2078,,,,,,,66.1603305617979,"[{""adm2_code"":37553,""adm2_name"":""Bialla""}]",2007-01-09,2023-09-25
2006-9554-AUS,No,nat-cli-dro-dro,Natural,Climatological,Drought,Drought,,,AUS,Australia,Australia and New Zealand,Oceania,NO DATA: all country has been selected,,,No,No,No,,,Km2,,,,2006,10,,2006,,,,,,,,,,,,,,66.1603305617979,"[{""adm1_code"":468,""adm1_name"":""Australian Capital Territory""},{""adm1_code"":469,""adm1_name"":""Coral Sea Islands Territory""},{""adm1_code"":470,""adm1_name"":""New South Wales""},{""adm1_code"":471,""adm1_name"":""Northern Territory""},{""adm1_code"":472,""adm1_name"":""Other Territories""},{""adm1_code"":473,""adm1_name"":""Queensland""},{""adm1_code"":474,""adm1_name"":""South Australia""},{""adm1_code"":475,""adm1_name"":""Tasmania""},{""adm1_code"":476,""adm1_name"":""Victoria""},{""adm1_code"":477,""adm1_name"":""Western Australia""}]",2006-10-16,2023-09-25
2007-0108-FJI,No,nat-hyd-flo-riv,Natural,Hydrological,Flood,Riverine flood,,,FJI,Fiji,Melanesia,Oceania,"Central, Northern, Western provinces",Heavy rain,,No,No,No,,1690,Km2,-17.77,177.48,"Qawa, Nadi",2007,2,3,2007,2,20,1,,900,,900,,,,,30000,44087,68.0476738315874,"[{""adm1_code"":40187,""adm1_name"":""Central""},{""adm1_code"":40189,""adm1_name"":""Northern""},{""adm1_code"":40190,""adm1_name"":""Western""}]",2007-12-12,2023-09-25
2007-0127-SLB,No,nat-geo-ear-tsu,Natural,Geophysical,Earthquake,Tsunami,USGS:usp000f83m,,SLB,Solomon Islands,Melanesia,Oceania,Administrative unit not available,Earthquake,"Slide (land, mud, snow, rock)|Tsunami/Tidal wave",Yes,No,No,5113,8.1,Moment Magnitude,-8.466,157.043,,2007,4,1,2007,4,1,52,9,2375,,2384,,,,,,,68.0476738315874,"[{""adm2_code"":25652,""adm2_name"":""Administrative unit not available""}]",2011-07-28,2023-09-25
2007-0133-NZL,No,nat-met-sto-tro,Natural,Meteorological,Storm,Tropical cyclone,,Becky,NZL,New Zealand,Australia and New Zealand,Oceania,Bay of Islands area (Northland province),,"Flood|Slide (land, mud, snow, rock)",No,No,No,,,Kph,-35.35,173.98,,2007,3,29,2007,3,31,,,300,,300,,,,,,,68.0476738315874,"[{""adm1_code"":2177,""adm1_name"":""Northland""}]",2007-04-10,2023-09-25
2007-0151-FJI,No,nat-met-sto-tro,Natural,Meteorological,Storm,Tropical cyclone,,Cliff,FJI,Fiji,Melanesia,Oceania,Lau district (Eastern province),,"Slide (land, mud, snow, rock)",No,No,No,,120,Kph,,,,2007,4,5,2007,4,5,1,,,,,,,,,,,68.0476738315874,"[{""adm2_code"":40197,""adm2_name"":""Lau""}]",2007-04-20,2023-09-25
2007-0160-AUS,No,nat-hyd-flo-fla,Natural,Hydrological,Flood,Flash flood,,,AUS,Australia,Australia and New Zealand,Oceania,"Gosford, Dungog, Newcastle, Wyong, Port Stephens, Maitland, Cessnock districts (New South Wales province)",Storms and heavy rains,"Rain|Slide (land, mud, snow, rock)",No,No,Yes,,11380,Km2,-32.87,151.38,,2007,6,8,2007,6,12,9,,5000,,5000,,,680000,999299,1300000,1910425,68.0476738315874,"[{""adm2_code"":4976,""adm2_name"":""Cessnock (C)""},{""adm2_code"":4996,""adm2_name"":""Dungog (A)""},{""adm2_code"":5004,""adm2_name"":""Gosford (C)""},{""adm2_code"":5042,""adm2_name"":""Maitland (C)""},{""adm2_code"":5059,""adm2_name"":""Newcastle (C)""},{""adm2_code"":5070,""adm2_name"":""Port Stephens (A)""},{""adm2_code"":5115,""adm2_name"":""Wyong (A)""}]",2008-04-17,2023-09-25
2007-0350-PYF,No,tec-tra-air-air,Technological,Transport,Air,Air,,Bi-moteur Twin Otter - DHC-6,PYF,French Polynesia,Polynesia,Oceania,Near Morrea Isl.,,,No,No,No,,,,,,,2007,8,9,2007,8,9,20,,,,,,,,,,,68.0476738315874,,2007-08-14,2023-09-25
2007-0557-PNG,No,nat-met-sto-tro,Natural,Meteorological,Storm,Tropical cyclone,GLIDE:FL-2007-000209,Cyclone 'Guba',PNG,Papua New Guinea,Melanesia,Oceania,"Rabaraba district (Milne Bay Province), Northern province",Tropical cyclone Cuba,Flood,Yes,No,Yes,1302,,Kph,-9.03,149.22,,2007,11,12,2007,11,16,172,,162140,,162140,183000,268929,,,,,68.0476738315874,"[{""adm1_code"":2303,""adm1_name"":""Northern""},{""adm2_code"":37518,""adm2_name"":""Rabaraba""}]",2009-05-27,2023-09-25
2007-0591-AUS,No,nat-met-sto-tro,Natural,Meteorological,Storm,Tropical cyclone,GLIDE:TC-2007-000078,George and Jacob,AUS,Australia,Australia and New Zealand,Oceania,"Darwin district (Northern Territory province), Ashburton, East Pilbara, Port Hedland, Roebourne districts (Western Australia province)",,Flood,No,No,No,,275,Kph,-13.67,131.92,,2007,3,2,2007,3,16,2,,730,90,820,,,,,100000,146956,68.0476738315874,"[{""adm2_code"":5122,""adm2_name"":""Darwin (C)""},{""adm2_code"":5435,""adm2_name"":""Ashburton (S)""},{""adm2_code"":5478,""adm2_name"":""East Pilbara (S)""},{""adm2_code"":5536,""adm2_name"":""Port Hedland (T)""},{""adm2_code"":5540,""adm2_name"":""Roebourne (S)""}]",2008-08-04,2023-09-25
2007-0592-FJI,No,nat-hyd-flo-fla,Natural,Hydrological,Flood,Flash flood,GLIDE:FL-2007-000025,,FJI,Fiji,Melanesia,Oceania,"Central, Northern, Western provinces",,,No,No,No,,,Km2,-17.77,177.48,,2007,3,9,2007,3,12,5,,,,,,,,,7000,10287,68.0476738315874,"[{""adm1_code"":40187,""adm1_name"":""Central""},{""adm1_code"":40189,""adm1_name"":""Northern""},{""adm1_code"":40190,""adm1_name"":""Western""}]",2008-08-04,2023-09-25
2007-0655-FJI,No,nat-met-sto-tro,Natural,Meteorological,Storm,Tropical cyclone,GLIDE:TC-2007-000223,Daman,FJI,Fiji,Melanesia,Oceania,"Cikobia island (Lau district, Eastern province)",,,No,No,No,,250,Kph,,,,2007,12,5,2007,12,7,,,69,,69,,,,,652,958,68.0476738315874,"[{""adm2_code"":40197,""adm2_name"":""Lau""}]",2008-08-01,2025-03-17
2007-0714-AUS,No,tec-tra-rai-rai,Technological,Transport,Rail,Rail,,,AUS,Australia,Australia and New Zealand,Oceania,Near Kerang (Victoria state),,,No,No,No,,,,,,,2007,6,5,2007,6,5,11,23,,,23,,,,,,,68.0476738315874,,2008-04-24,2023-09-25
2008-0014-AUS,No,nat-hyd-flo-riv,Natural,Hydrological,Flood,Riverine flood,,,AUS,Australia,Australia and New Zealand,Oceania,"Brisbane, Southern Downs, Scenic Rim, Ipswich districts (Queensland province), Lismore, Richmond Valley, Kyogle, Tweed, Bellingen, Tenterfield, Ballina districts (New South Wales province)",Heavy rain,,No,No,No,,41560,Km2,-28.44,152.87,"Logan, Albert, Condamine, Macintyre, Tweedn Richmond, Coomera, Wilson, Bellinger, Boonoo, Clarence",2008,1,3,2008,1,9,1,,3000,,3000,,,,,90000,127370,70.6600890345053,"[{""adm2_code"":4946,""adm2_name"":""Ballina (A)""},{""adm2_code"":4953,""adm2_name"":""Bellingen (A)""},{""adm2_code"":5032,""adm2_name"":""Kyogle (A)""},{""adm2_code"":5038,""adm2_name"":""Lismore (C)""},{""adm2_code"":5091,""adm2_name"":""Tenterfield (A)""},{""adm2_code"":5094,""adm2_name"":""Tweed (A)""},{""adm2_code"":154636,""adm2_name"":""Richmond Valley (A)""},{""adm2_code"":154654,""adm2_name"":""Brisbane (C)""},{""adm2_code"":154672,""adm2_name"":""Ipswich (C)""},{""adm2_code"":154689,""adm2_name"":""Scenic Rim (R)""},{""adm2_code"":154692,""adm2_name"":""Southern Downs (R)""}]",2008-01-22,2023-09-25
2008-0017-AUS,No,nat-hyd-flo-riv,Natural,Hydrological,Flood,Riverine flood,,,AUS,Australia,Australia and New Zealand,Oceania,"Yamba area (Unincorporated NSW, New South Wales province), Proserpine, Airlie Beach, Bowen areas (Whitsunday district, Queensland province), Giru area (Burdekin district, Queensland province), Georgetown area (Etheridge district, Queensland province), Charleville area (Murweh district, Queensland province), Aramac, Muttaburra, Willow villages (Barcaldine district, Queensland province), Belyando, Clermont villages (Isaac district, Queensland province), Emerald, Sapphire villages (Central Highlands district, Queensland province), hargomindah village (Bulloo district, Queensland province), Mirani, Finch Hatton villages (Mackay district, Queensland province), Cunnamulla village (Paroo district, Queensland province), Townsville, Charters Towers, Longreach, Winton, Barcoo, Quilpie, Blackall Tambo districts (Queensland province)",Heavy rain,,No,No,No,,649500,Km2,-20.4,144.56,"Flindersn Don, Proserpine, Burdekin, Haughton, Dawson, Diamantina, Thomson, Lower Flinders, Norman, Einasleigh, Einsleigh, Warrego, Landsborough, Barcoo",2008,1,14,2008,2,1,,,3200,,3200,,,450000,636852,600000,849136,70.6600890345053,"[{""adm2_code"":5096,""adm2_name"":""Unincorporated NSW""},{""adm2_code"":5136,""adm2_name"":""Barcoo (S)""},{""adm2_code"":5149,""adm2_name"":""Bulloo (S)""},{""adm2_code"":5152,""adm2_name"":""Burdekin (S)""},{""adm2_code"":5179,""adm2_name"":""Etheridge (S)""},{""adm2_code"":5221,""adm2_name"":""Murweh (S)""},{""adm2_code"":5225,""adm2_name"":""Paroo (S)""},{""adm2_code"":5230,""adm2_name"":""Quilpie (S)""},{""adm2_code"":5253,""adm2_name"":""Winton (S)""},{""adm2_code"":154652,""adm2_name"":""Barcaldine (R)""},{""adm2_code"":154653,""adm2_name"":""Blackall Tambo (R)""},{""adm2_code"":154660,""adm2_name"":""Central Highlands (R)""},{""adm2_code"":154661,""adm2_name"":""Charters Towers (R)""},{""adm2_code"":154673,""adm2_name"":""Isaac (R)""},{""adm2_code"":154678,""adm2_name"":""Longreach (R)""},{""adm2_code"":154679,""adm2_name"":""Mackay (R)""},{""adm2_code"":154698,""adm2_name"":""Townsville (C)""},{""adm2_code"":154701,""adm2_name"":""Whitsunday (R)""}]",2009-03-02,2023-09-25
2008-0051-FJI,No,nat-met-sto-tro,Natural,Meteorological,Storm,Tropical cyclone,GLIDE:TC-2008-000016,"Cyclone ""Gene""",FJI,Fiji,Melanesia,Oceania,"Central, Eastern, Northern, Western provinces",,Flood,No,No,No,,177,Kph,,,,2008,1,28,2008,1,29,7,,,,,,,,,30000,42457,70.6600890345053,"[{""adm1_code"":40187,""adm1_name"":""Central""},{""adm1_code"":40188,""adm1_name"":""Eastern""},{""adm1_code"":40189,""adm1_name"":""Northern""},{""adm1_code"":40190,""adm1_name"":""Western""}]",2008-07-31,2025-03-17
2008-0098-AUS,No,nat-hyd-flo-riv,Natural,Hydrological,Flood,Riverine flood,,,AUS,Australia,Australia and New Zealand,Oceania,"Gooseponds, Hospital Bridge, Glenella, the CBD areas (Mackay district, Queensland province), Calliope, Gladstone, Miriam Vale, Agnes Water, Seventeen Seventy towns (Gladstone district, Queensland province), Gogango, Rockhampton towns (Rockhampton district, Queensland province), Bundaberg city (Bundaberg district, Queensland province), Giru village (Burdekin district, Queensland province), Thuringowa area (Townsville district, Queensland province), Atherton, Tolga towns (Tablelands district, Queensland province), Edmonton area (Cairns district, Queensland province)",Heavy rains,,No,No,No,,44350,Km2,-22.46,149.54,"Poineer, Burdekin, Fitzroy",2008,2,13,2008,2,26,2,,1000,,1000,,,890000,1259551,1100000,1556749,70.6600890345053,"[{""adm2_code"":5152,""adm2_name"":""Burdekin (S)""},{""adm2_code"":154655,""adm2_name"":""Bundaberg (R)""},{""adm2_code"":154657,""adm2_name"":""Cairns (R)""},{""adm2_code"":154666,""adm2_name"":""Gladstone (R)""},{""adm2_code"":154679,""adm2_name"":""Mackay (R)""},{""adm2_code"":154688,""adm2_name"":""Rockhampton (R)""},{""adm2_code"":154694,""adm2_name"":""Tablelands (R)""},{""adm2_code"":154698,""adm2_name"":""Townsville (C)""}]",2009-03-18,2023-09-25
2008-0525-AUS,No,nat-met-sto-lig,Natural,Meteorological,Storm,Lightning/Thunderstorms,,,AUS,Australia,Australia and New Zealand,Oceania,"Brisbane, Logan, Gold Coast, Sunshine Coast, Moreton Bay districts (Queensland province)",,Flood|Hail,No,No,Yes,,,Kph,-30.05,151.49,,2008,11,15,2008,11,21,1,,12000,,12000,,,380000,537786,450000,636852,70.6600890345053,"[{""adm2_code"":154654,""adm2_name"":""Brisbane (C)""},{""adm2_code"":154667,""adm2_name"":""Gold Coast (C)""},{""adm2_code"":154677,""adm2_name"":""Logan (C)""},{""adm2_code"":154682,""adm2_name"":""Moreton Bay (R)""},{""adm2_code"":154693,""adm2_name"":""Sunshine Coast (R)""}]",2009-03-19,2023-09-25
2008-0575-PNG,No,nat-hyd-flo-coa,Natural,Hydrological,Flood,Coastal flood,GLIDE:FL-2008-000243,,PNG,Papua New Guinea,Melanesia,Oceania,"East Sepik, Madang, Manus, Milne Bay, Morobe, New Ireland, Northern Solomons, West Sepik provinces",Low depression,,Yes,No,Yes,150,,Km2,,,,2008,12,8,2008,12,8,,,75300,,75300,,,,,,,70.6600890345053,"[{""adm1_code"":2293,""adm1_name"":""East Sepik""},{""adm1_code"":2297,""adm1_name"":""Madang""},{""adm1_code"":2298,""adm1_name"":""Manus""},{""adm1_code"":2299,""adm1_name"":""Milne Bay""},{""adm1_code"":2300,""adm1_name"":""Morobe""},{""adm1_code"":2302,""adm1_name"":""New Ireland""},{""adm1_code"":2304,""adm1_name"":""Northern Solomons""},{""adm1_code"":2307,""adm1_name"":""West Sepik""}]",2010-08-16,2023-09-25
2008-0581-AUS,No,nat-hyd-flo-riv,Natural,Hydrological,Flood,Riverine flood,,,AUS,Australia,Australia and New Zealand,Oceania,"Central Highlands, Isaac districts (Queensland province)",Heavy rain,Broken Dam/Burst bank,No,No,No,,105500,Km2,-21.56,147.03,,2008,11,20,2008,11,23,4,,1200,,1200,,,205000,290121,275000,389187,70.6600890345053,"[{""adm2_code"":154660,""adm2_name"":""Central Highlands (R)""},{""adm2_code"":154673,""adm2_name"":""Isaac (R)""}]",2009-03-18,2023-09-25
2008-0583-FSM,No,nat-hyd-flo-coa,Natural,Hydrological,Flood,Coastal flood,,,FSM,Micronesia (Federated States of),Micronesia,Oceania,"Kosrae, Pohnpei islands",,,No,No,Yes,,,Km2,,,,2008,12,9,2008,12,9,,,,,,,,,,,,70.6600890345053,"[{""adm1_code"":2060,""adm1_name"":""Administrative unit not available""}]",2009-01-14,2023-09-25
2008-0583-KIR,No,nat-hyd-flo-coa,Natural,Hydrological,Flood,Coastal flood,,,KIR,Kiribati,Micronesia,Oceania,Marakei island,,,No,No,No,,,Km2,,,,2008,12,9,2008,12,9,,,,85,85,,,,,,,70.6600890345053,"[{""adm1_code"":1739,""adm1_name"":""Administrative unit not available""}]",2009-01-14,2023-09-25
2008-0583-MHL,No,nat-hyd-flo-coa,Natural,Hydrological,Flood,Coastal flood,,,MHL,Marshall Islands,Micronesia,Oceania,"Majuro, Ebeye islands",,,No,No,Yes,,,Km2,,,,2008,12,10,2008,12,24,,,600,,600,,,,,,,70.6600890345053,"[{""adm1_code"":2002,""adm1_name"":""Administrative unit not available""}]",2010-06-07,2023-09-25
2008-0583-PNG,No,nat-hyd-flo-coa,Natural,Hydrological,Flood,Coastal flood,,,PNG,Papua New Guinea,Melanesia,Oceania,Northern Solomons province,,,No,No,No,,,Km2,,,,2008,12,12,2008,12,12,,,,,,,,,,,,70.6600890345053,"[{""adm1_code"":2304,""adm1_name"":""Northern Solomons""}]",2009-01-14,2023-09-25
2008-0625-PNG,No,nat-geo-mmd-lan,Natural,Geophysical,Mass movement (dry),Landslide (dry),,,PNG,Papua New Guinea,Melanesia,Oceania,"Kainantu gold mine site (Kainantu district, Eastern Highlands province)",,Industrial accidents,No,No,No,,,,,,,2008,1,6,2008,1,6,10,,,,,,,,,,,70.6600890345053,"[{""adm2_code"":37491,""adm2_name"":""Kainantu""}]",2014-07-11,2023-09-25
2008-0659-VUT,No,nat-geo-vol-ash,Natural,Geophysical,Volcanic activity,Ash fall,,Mt. Ambrym,VUT,Vanuatu,Melanesia,Oceania,Ambrym island (Malampa province),,,No,No,No,,,,,,,2008,12,,2009,4,,,,9000,,9000,,,,,,,70.6600890345053,"[{""adm2_code"":31850,""adm2_name"":""Administrative unit not available""}]",2009-12-08,2023-09-25
2009-0013-FJI,No,nat-hyd-flo-riv,Natural,Hydrological,Flood,Riverine flood,GLIDE:FL-2009-000010,,FJI,Fiji,Melanesia,Oceania,"North, Central, Western provinces",Heavy rains,Tsunami/Tidal wave,Yes,No,Yes,2516,348,Km2,-17.74,178.05,,2009,1,8,2009,1,19,12,,10556,,10556,,,,,43247,61423,70.4088617569341,"[{""adm1_code"":40187,""adm1_name"":""Central""},{""adm1_code"":40189,""adm1_name"":""Northern""},{""adm1_code"":40190,""adm1_name"":""Western""}]",2010-08-16,2024-09-20
2009-0039-SLB,No,nat-hyd-flo-riv,Natural,Hydrological,Flood,Riverine flood,GLIDE:FL-2009-000032,,SLB,Solomon Islands,Melanesia,Oceania,"Vatukakabo, Mataruka, Verasaba-Takaboru, Tababoru Sasa, Vatukalau, Takaburu, Vatusi, Talangia, Matoba, Barevo, Paru, Vanagobuli, Tina, Tanamao, Vura, Taluloki villages (Guadalcanal area), Malaita, Makira-Ulawa, Central areas",Heavy rain,"Slide (land, mud, snow, rock)",Yes,Yes,Yes,276,118000,Km2,-8.14,-158.66,,2009,1,29,2009,2,6,21,,7000,,7000,,,,,,,70.4088617569341,"[{""adm1_code"":2687,""adm1_name"":""Administrative unit not available""}]",2010-03-04,2024-09-20
2009-0048-AUS,No,nat-met-sto-tro,Natural,Meteorological,Storm,Tropical cyclone,,"Tropical storm ""Dominic""",AUS,Australia,Australia and New Zealand,Oceania,Queensland province,,Flood,No,No,Yes,,,Kph,-20.11,120.56,,2009,1,26,2009,2,20,,,400,,400,,,,,,,70.4088617569341,"[{""adm1_code"":473,""adm1_name"":""Queensland""}]",2009-05-22,2023-09-25
2009-0067-AUS,No,nat-cli-wil-lan,Natural,Climatological,Wildfire,"Land fire (Brush, Bush, Pasture)",GLIDE:WF-2009-000035,,AUS,Australia,Australia and New Zealand,Oceania,"Marysville, Kinglake, Taggerty cities (Murrindindi (S) district, Victoria province), Strathewen, St Andrews cities (Nillumbik (S) district, Victoria province), , Whittlesea city (Whittlesea district, Victoria province), Wandong city (Mitchell (S) district, Victoria province)",,Heat wave,No,No,No,,3100,Km2,,,,2009,2,2,2009,2,14,180,500,9454,,9954,,,770000,1093612,1300000,1846358,70.4088617569341,"[{""adm2_code"":5399,""adm2_name"":""Mitchell (S)""},{""adm2_code"":5409,""adm2_name"":""Nillumbik (S)""},{""adm2_code"":5427,""adm2_name"":""Whittlesea (C)""},{""adm2_code"":154648,""adm2_name"":""Murrindindi (S)""}]",2010-03-07,2024-09-20
2009-0171-VUT,No,nat-hyd-flo-riv,Natural,Hydrological,Flood,Riverine flood,,,VUT,Vanuatu,Melanesia,Oceania,"Linbul, Ranvetlam villages (Malampa province)",Heavy rains,"Slide (land, mud, snow, rock)",No,No,No,,,Km2,,,,2009,4,15,2009,4,15,,,950,,950,,,,,,,70.4088617569341,"[{""adm1_code"":3296,""adm1_name"":""Malampa""}]",2009-05-14,2023-09-25
2009-0200-COK,No,nat-bio-epi-vir,Natural,Biological,Epidemic,Viral disease,GLIDE:EP-2009-000103,Dengue,COK,Cook Islands,Polynesia,Oceania,"Arorangi, Nikao/Tepuka, Avarua, Tupapa, Titikaveka, Ngatangiia, Matavera, Avatiu, Takuvaine, Tutakimoa",,,No,No,No,,,Vaccinated,,,,2009,5,,2009,6,18,,,1247,,1247,,,,,,,70.4088617569341,,2010-01-12,2023-09-25
2009-0211-PNG,No,nat-hyd-mmw-lan,Natural,Hydrological,Mass movement (wet),Landslide (wet),,,PNG,Papua New Guinea,Melanesia,Oceania,"Zongefifi village (Sialum area, Finschhafen district, Morobe province)",Heavy rain,,No,No,No,,,,,,,2009,5,26,2009,5,26,19,,,,,,,,,,,70.4088617569341,"[{""adm2_code"":37520,""adm2_name"":""Finschhafen""}]",2009-05-29,2023-09-25
2009-0230-AUS,No,nat-met-sto-sev,Natural,Meteorological,Storm,Severe weather,,,AUS,Australia,Australia and New Zealand,Oceania,"Queensland, New South Wales provinces",,Flood,No,No,No,,130,Kph,-29.05,152.73,,2009,5,19,2009,5,28,1,,15000,,15000,,,,,60000,85217,70.4088617569341,"[{""adm1_code"":470,""adm1_name"":""New South Wales""},{""adm1_code"":473,""adm1_name"":""Queensland""}]",2010-01-15,2023-09-25
2009-0310-TON,No,tec-tra-wat-wat,Technological,Transport,Water,Water,,"Ferry ""Princess Ashika""",TON,Tonga,Polynesia,Oceania,Between Nuku'alofa to Ha'afeva (Ha'apai Islands),,,No,No,No,,,,,,,2009,8,6,2009,8,6,75,,54,,54,,,,,,,70.4088617569341,,2009-08-12,2023-09-25
2009-0324-PNG,No,tec-tra-air-air,Technological,Transport,Air,Air,,Twin Otter,PNG,Papua New Guinea,Melanesia,Oceania,,,,No,No,No,,,,,,,2009,8,11,2009,8,11,13,,,,,,,,,,,70.4088617569341,,2009-09-07,2023-09-25
2009-0357-PNG,No,nat-bio-epi-bac,Natural,Biological,Epidemic,Bacterial disease,,Cholera,PNG,Papua New Guinea,Melanesia,Oceania,"Tewai-Siassi, Finschafen, Huon, Nawae, Kabwum, Lae, Wasu (Morobe province); Goroka, Daulo (Eastern Highlands); Mt Hagen (Western Highlands); Madang (Madang); Angoram (East Sepik)",,,No,No,Yes,,,,,,,2009,7,18,2009,11,6,47,,863,,863,,,,,,,70.4088617569341,,2010-02-01,2023-09-25
2009-0358-PNG,No,nat-bio-epi-bac,Natural,Biological,Epidemic,Bacterial disease,,Dysentry,PNG,Papua New Guinea,Melanesia,Oceania,"Menyamya district (Morobe province); Goroka, Daulo; Obura Wonenara, Lufa (Eastern Highlands); Madang (Madang), Angoram (East Speik)",,,No,No,No,,,,,,,2009,8,22,2009,12,18,83,,1611,,1611,,,,,,,70.4088617569341,,2010-02-01,2023-09-25
2009-0369-PNG,No,nat-bio-epi-vir,Natural,Biological,Epidemic,Viral disease,,Influenza,PNG,Papua New Guinea,Melanesia,Oceania,Menyamya,,,No,No,No,,,Vaccinated,,,,2009,9,11,2009,12,18,62,,4917,,4917,,,,,,,70.4088617569341,,2010-02-01,2023-09-25
2009-0420-ASM,No,nat-geo-ear-tsu,Natural,Geophysical,Earthquake,Tsunami,GLIDE:TS-2009-000210|USGS:usp000h1ys,,ASM,American Samoa,Polynesia,Oceania,"Pago Pago, Tula villages",,Tsunami/Tidal wave,No,No,No,,8.1,Moment Magnitude,-15.489,-172.095,,2009,9,29,2009,9,29,34,,2500,,2500,,,,,,,70.4088617569341,"[{""adm2_code"":4197,""adm2_name"":""Administrative unit not available""}]",2014-05-13,2023-09-25
2009-0420-TON,No,nat-geo-ear-tsu,Natural,Geophysical,Earthquake,Tsunami,GLIDE:TS-2009-000210|USGS:usp000h1ys,,TON,Tonga,Polynesia,Oceania,Niuatoputapu island (Administrative unit not available province),,Tsunami/Tidal wave,Yes,No,No,,8.1,Moment Magnitude,-15.489,-172.095,,2009,9,29,2009,9,29,9,7,500,,507,,,,,9500,13493,70.4088617569341,"[{""adm2_code"":27407,""adm2_name"":""Administrative unit not available""}]",2014-05-13,2023-09-25
2009-0420-WSM,No,nat-geo-ear-tsu,Natural,Geophysical,Earthquake,Tsunami,GLIDE:TS-2009-000210|USGS:usp000h1ys,,WSM,Samoa,Polynesia,Oceania,Administrative unit not available province,,Tsunami/Tidal wave,Yes,No,No,,8.1,Moment Magnitude,-15.489,-172.095,,2009,9,29,2009,9,29,148,310,5274,,5584,,,,,124040,176171,70.4088617569341,"[{""adm2_code"":25301,""adm2_name"":""Administrative unit not available""}]",2014-02-19,2023-09-25
2009-0467-AUS,No,tec-tra-wat-wat,Technological,Transport,Water,Water,,,AUS,Australia,Australia and New Zealand,Oceania,Cocos Island,,,No,No,No,,,,,,,2009,11,1,2009,11,1,25,,15,,15,,,,,,,70.4088617569341,,2010-01-04,2023-09-25
2009-0553-VUT,No,nat-geo-vol-ash,Natural,Geophysical,Volcanic activity,Ash fall,,Mt. Garet,VUT,Vanuatu,Melanesia,Oceania,Gaua island (Torba province),,,No,No,No,,,,,,,2009,11,26,2009,11,26,,,400,,400,,,,,,,70.4088617569341,"[{""adm2_code"":31855,""adm2_name"":""Administrative unit not available""}]",2009-12-16,2023-09-25
2009-0554-FJI,No,nat-met-sto-tro,Natural,Meteorological,Storm,Tropical cyclone,GLIDE:TC-2009-000258,Cyclone 'Mick',FJI,Fiji,Melanesia,Oceania,"Central, Western provinces",,Flood,No,No,No,121,100,Kph,,,,2009,12,14,2009,12,15,2,,3845,,3845,,,,,13300,18890,70.4088617569341,"[{""adm1_code"":40187,""adm1_name"":""Central""},{""adm1_code"":40190,""adm1_name"":""Western""}]",2010-02-09,2023-09-25
2009-0589-AUS,No,nat-hyd-flo-riv,Natural,Hydrological,Flood,Riverine flood,,,AUS,Australia,Australia and New Zealand,Oceania,New South Wales province,Tropical cyclone Laurence,,No,No,Yes,,149300,Km2,-31.17,151.75,Castlereagh,2009,12,25,2009,12,28,,,200,,200,,,,,,,70.4088617569341,"[{""adm1_code"":470,""adm1_name"":""New South Wales""}]",2010-01-04,2023-09-25
2009-0615-AUS,No,nat-hyd-flo-riv,Natural,Hydrological,Flood,Riverine flood,,,AUS,Australia,Australia and New Zealand,Oceania,"Queensland, New South Wales provinces",Hevay rains and two cylones Ellie and Charlotte,,No,No,No,,,Km2,,,,2009,1,13,2009,2,25,7,,9000,,9000,,,12000,17043,150000,213041,70.4088617569341,"[{""adm1_code"":470,""adm1_name"":""New South Wales""},{""adm1_code"":473,""adm1_name"":""Queensland""}]",2010-03-04,2023-09-25
2009-0616-AUS,No,nat-met-ext-hea,Natural,Meteorological,Extreme temperature,Heat wave,,,AUS,Australia,Australia and New Zealand,Oceania,"Victoria, New South wales (South), Tasmania (Northern) provinces",,,No,No,No,,48.8,°C,,,,2009,1,27,2009,2,8,347,2000,,,2000,,,,,,,70.4088617569341,"[{""adm1_code"":470,""adm1_name"":""New South Wales""},{""adm1_code"":475,""adm1_name"":""Tasmania""},{""adm1_code"":476,""adm1_name"":""Victoria""}]",2010-03-07,2023-09-25
2010-0003-SLB,No,nat-geo-ear-gro,Natural,Geophysical,Earthquake,Ground movement,USGS:usp000h5np,,SLB,Solomon Islands,Melanesia,Oceania,Administrative unit not available,,"Slide (land, mud, snow, rock)|Tsunami/Tidal wave",Yes,No,No,131,7.1,Moment Magnitude,-8.783,157.354,,2010,1,3,2010,1,3,,1,1125,,1126,,,,,,,71.5635955751889,"[{""adm2_code"":25652,""adm2_name"":""Administrative unit not available""}]",2014-05-12,2023-09-25
2010-0044-PYF,No,nat-met-sto-tro,Natural,Meteorological,Storm,Tropical cyclone,,"Cyclone ""Oli""",PYF,French Polynesia,Polynesia,Oceania,"Tubuai island (Australes archipelagos), Bora Bora, Maupiti, Raiatea, Tahaa, Huahine islands (Iles sous le Vent group), Tahiti, Moorea, Maiao island (Iles du vent group)",,Flood|Surge,No,No,Yes,,260,Kph,,,,2010,2,4,2010,2,4,1,11,3400,,3411,,,,,11000,15371,71.5635955751889,"[{""adm1_code"":1273,""adm1_name"":""Administrative unit not available""}]",2010-02-10,2023-09-25
2010-0054-SLB,No,nat-hyd-flo-riv,Natural,Hydrological,Flood,Riverine flood,,,SLB,Solomon Islands,Melanesia,Oceania,"Guadalcanal, Isabel, Makira, Malaita Islands areas",Tropical Depression,,No,No,No,,,Km2,,,,2010,1,21,2010,2,9,2,1,16016,,16017,,,,,,,71.5635955751889,"[{""adm1_code"":2687,""adm1_name"":""Administrative unit not available""}]",2010-02-10,2023-09-25
2010-0066-AUS,No,nat-hyd-flo-riv,Natural,Hydrological,Flood,Riverine flood,,,AUS,Australia,Australia and New Zealand,Oceania,"Bega Valley, Eurobodalla, Bombala, Cooma-Monaro, Snowy River, Mid-Western Regional districts (New South Wales province)",Heavy rains,,No,No,Yes,,311900,Km2,-32.42,149.59,,2010,2,13,2010,2,16,,,,,,,,,,,,71.5635955751889,"[{""adm2_code"":4952,""adm2_name"":""Bega Valley (A)""},{""adm2_code"":4961,""adm2_name"":""Bombala (A)""},{""adm2_code"":4997,""adm2_name"":""Eurobodalla (A)""},{""adm2_code"":5083,""adm2_name"":""Snowy River (A)""},{""adm2_code"":154622,""adm2_name"":""Cooma-Monaro (A)""},{""adm2_code"":154632,""adm2_name"":""Mid-Western Regional (A)""}]",2011-01-10,2023-09-25
2010-0078-COK,No,nat-met-sto-tro,Natural,Meteorological,Storm,Tropical cyclone,GLIDE:TC-2010-000024,Pat,COK,Cook Islands,Polynesia,Oceania,"Aitutaki, Rarotonga, Palmerston islands",,,No,No,Yes,,200,Kph,,,,2010,2,11,2010,2,19,,8,2194,,2202,,,,,,,71.5635955751889,"[{""adm1_code"":980,""adm1_name"":""Administrative unit not available""}]",2010-03-25,2023-09-25
2010-0102-AUS,No,nat-met-sto-lig,Natural,Meteorological,Storm,Lightning/Thunderstorms,,,AUS,Australia,Australia and New Zealand,Oceania,"Victoria, New South Wales, Tasmania provinces",,Flood|Hail,No,No,No,,100,Kph,,,,2010,3,6,2010,3,10,,,,,,,,950000,1327491,1330000,1858487,71.5635955751889,"[{""adm1_code"":470,""adm1_name"":""New South Wales""},{""adm1_code"":475,""adm1_name"":""Tasmania""},{""adm1_code"":476,""adm1_name"":""Victoria""}]",2011-03-16,2023-09-25
2010-0103-AUS,No,nat-hyd-flo-riv,Natural,Hydrological,Flood,Riverine flood,,,AUS,Australia,Australia and New Zealand,Oceania,"Charleville town (Murweh district, Queensland province), Roma town (Maranoa district, Queensland province), Thallon, Bollon, Dirranbandi towns (Balonne district, Queensland province), Brisbane district (Queensland province),",Heavy rains,,No,No,Yes,,431681,Km2,-26.21,147.95,,2010,2,28,2010,3,17,,,,,,,,48000,67073,109000,152312,71.5635955751889,"[{""adm2_code"":5133,""adm2_name"":""Balonne (S)""},{""adm2_code"":5221,""adm2_name"":""Murweh (S)""},{""adm2_code"":154654,""adm2_name"":""Brisbane (C)""},{""adm2_code"":154681,""adm2_name"":""Maranoa (R)""}]",2011-03-17,2023-09-25
2010-0106-FJI,No,nat-met-sto-tro,Natural,Meteorological,Storm,Tropical cyclone,GLIDE:TC-2010-000054,"Cyclone ""Tomas""",FJI,Fiji,Melanesia,Oceania,"Central, Easter, Northern, Western provinces",,Flood,Yes,No,Yes,1973,250,Kph,,,,2010,3,14,2010,3,16,2,,39101,,39101,,,,,39427,55094,71.5635955751889,"[{""adm1_code"":40187,""adm1_name"":""Central""},{""adm1_code"":40188,""adm1_name"":""Eastern""},{""adm1_code"":40189,""adm1_name"":""Northern""},{""adm1_code"":40190,""adm1_name"":""Western""}]",2014-05-12,2023-09-25
2010-0120-AUS,No,nat-met-sto-tro,Natural,Meteorological,Storm,Tropical cyclone,GLIDE:TC-2010-000060,"Cyclone ""Ului""",AUS,Australia,Australia and New Zealand,Oceania,"Mackay, Whitsunday districts (Queensland province)",,,No,No,No,,200,Kph,,,,2010,3,21,2010,3,21,1,,,,,,,,,,,71.5635955751889,"[{""adm2_code"":154679,""adm2_name"":""Mackay (R)""},{""adm2_code"":154701,""adm2_name"":""Whitsunday (R)""}]",2010-03-29,2023-09-25
2010-0120-SLB,No,nat-met-sto-tro,Natural,Meteorological,Storm,Tropical cyclone,GLIDE:TC-2010-000060,"Cyclone ""Ului""",SLB,Solomon Islands,Melanesia,Oceania,"Isabel, Malaita, Guadalcanal, Temotu, Makira/Uluawa, Rennel/Bellona areas (Solomon Islands province)",,Flood|Surge,No,No,No,,,Kph,,,,2010,3,15,2010,3,15,,,205,590,795,,,,,,,71.5635955751889,"[{""adm1_code"":2687,""adm1_name"":""Administrative unit not available""}]",2010-04-12,2024-08-27
2010-0125-AUS,No,nat-met-sto-sev,Natural,Meteorological,Storm,Severe weather,,,AUS,Australia,Australia and New Zealand,Oceania,"Joondalup, Mandurah, Perth districts (Western Australia province)",,Hail,No,No,Yes,,120,Kph,,,,2010,3,22,2010,3,22,,,,,,,,990000,1383385,1390000,1942328,71.5635955751889,"[{""adm2_code"":5492,""adm2_name"":""Joondalup (C)""},{""adm2_code"":5506,""adm2_name"":""Mandurah (C)""},{""adm2_code"":5533,""adm2_name"":""Perth (C)""}]",2011-03-16,2023-09-25
2010-0463-NZL,No,nat-geo-ear-gro,Natural,Geophysical,Earthquake,Ground movement,USGS:usp000hk46,,NZL,New Zealand,Australia and New Zealand,Oceania,Christchurch city (Canterbury province),,,No,No,Yes,,7,Moment Magnitude,-43.522,171.83,,2010,9,4,2010,9,4,,2,300000,,300002,,,5000000,6986793,6500000,9082830,71.5635955751889,"[{""adm2_code"":22381,""adm2_name"":""Administrative unit not available""}]",2010-10-14,2023-09-25
2010-0465-AUS,No,nat-hyd-flo-riv,Natural,Hydrological,Flood,Riverine flood,,,AUS,Australia,Australia and New Zealand,Oceania,"Alpine, Ballarat, Banyule, Baw Baw, Darebin, East Gippsland, Greater Shepparton, Hepburn, Hume, Latrobe, Mansfield, Moonee Valley, Moreland, Nillumbik, South Gippsland, Strathbogie, Wangaratta, Wellington, Whittlesea districts (Victoria province)",Heavy rains,"Slide (land, mud, snow, rock)",No,No,Yes,,7093,Km2,-38.07,143.32,,2010,9,1,2010,9,15,,,10000,,10000,,,,,,,71.5635955751889,"[{""adm2_code"":5356,""adm2_name"":""Ballarat (C)""},{""adm2_code"":5357,""adm2_name"":""Banyule (C)""},{""adm2_code"":5370,""adm2_name"":""Darebin (C)""},{""adm2_code"":5372,""adm2_name"":""East Gippsland (S)""},{""adm2_code"":5381,""adm2_name"":""Greater Shepparton (C)""},{""adm2_code"":5382,""adm2_name"":""Hepburn (S)""},{""adm2_code"":5386,""adm2_name"":""Hume (C)""},{""adm2_code"":5390,""adm2_name"":""Latrobe (C)""},{""adm2_code"":5402,""adm2_name"":""Moonee Valley (C)""},{""adm2_code"":5404,""adm2_name"":""Moreland (C)""},{""adm2_code"":5409,""adm2_name"":""Nillumbik (S)""},{""adm2_code"":5414,""adm2_name"":""South Gippsland (S)""},{""adm2_code"":5417,""adm2_name"":""Strathbogie (S)""},{""adm2_code"":5422,""adm2_name"":""Wangaratta (RC)""},{""adm2_code"":5424,""adm2_name"":""Wellington (S)""},{""adm2_code"":5427,""adm2_name"":""Whittlesea (C)""},{""adm2_code"":154644,""adm2_name"":""Alpine (S)""},{""adm2_code"":154645,""adm2_name"":""Baw Baw (S)""},{""adm2_code"":154647,""adm2_name"":""Mansfield (S)""}]",2011-01-05,2023-09-25
2010-0604-NZL,No,tec-ind-exp-exp,Technological,Industrial accident,Explosion (Industrial),Explosion (Industrial),,Coal mine,NZL,New Zealand,Australia and New Zealand,Oceania,Pike River,,,No,No,No,,,m3,,,,2010,11,19,2010,11,19,29,2,,,2,,,,,,,71.5635955751889,,2010-11-22,2023-09-25
2010-0624-AUS,No,nat-hyd-flo-riv,Natural,Hydrological,Flood,Riverine flood,,,AUS,Australia,Australia and New Zealand,Oceania,"Benalla, Buloke, Campaspe, Gannawarra, Greater Shepparton, Hindmarsh, Indigo, Loddon, Mildura, Moira, Swan Hill, Towong, Wangaratta, Wodonga, Yarriambiack districts (North Central Victoria province), Queensland, New South Wales provinces",Heavy rain,,No,No,No,,832001,Km2,-29.83,147.38,,2010,11,27,2010,12,6,,,1000,,1000,,,,,,,71.5635955751889,"[{""adm1_code"":470,""adm1_name"":""New South Wales""},{""adm1_code"":473,""adm1_name"":""Queensland""},{""adm2_code"":5363,""adm2_name"":""Buloke (S)""},{""adm2_code"":5364,""adm2_name"":""Campaspe (S)""},{""adm2_code"":5374,""adm2_name"":""Gannawarra (S)""},{""adm2_code"":5381,""adm2_name"":""Greater Shepparton (C)""},{""adm2_code"":5383,""adm2_name"":""Hindmarsh (S)""},{""adm2_code"":5387,""adm2_name"":""Indigo (S)""},{""adm2_code"":5391,""adm2_name"":""Loddon (S)""},{""adm2_code"":5398,""adm2_name"":""Mildura (RC)""},{""adm2_code"":5400,""adm2_name"":""Moira (S)""},{""adm2_code"":5419,""adm2_name"":""Swan Hill (RC)""},{""adm2_code"":5420,""adm2_name"":""Towong (S)""},{""adm2_code"":5422,""adm2_name"":""Wangaratta (RC)""},{""adm2_code"":5428,""adm2_name"":""Wodonga (RC)""},{""adm2_code"":5432,""adm2_name"":""Yarriambiack (S)""},{""adm2_code"":154646,""adm2_name"":""Benalla (RC)""}]",2011-01-05,2023-09-25
2010-0635-AUS,No,tec-tra-wat-wat,Technological,Transport,Water,Water,,,AUS,Australia,Australia and New Zealand,Oceania,Christmas Islands,,,No,No,No,,,,,,,2010,12,15,2010,12,15,48,,42,,42,,,,,,,71.5635955751889,,2010-12-20,2023-09-25
2010-0640-NZL,No,tec-tra-wat-wat,Technological,Transport,Water,Water,,,NZL,New Zealand,Australia and New Zealand,Oceania,,,,No,No,No,,,,,,,2010,12,13,2010,12,13,22,,20,,20,,,,,,,71.5635955751889,,2011-01-04,2023-09-25
2010-0656-AUS,No,nat-hyd-flo-riv,Natural,Hydrological,Flood,Riverine flood,GLIDE:FL-2010-000259,,AUS,Australia,Australia and New Zealand,Oceania,"New South Wales, Queensland, Victoria provinces","Cyclone Tasha, La Nina",,No,No,Yes,1100,911256,Km2,-24.77,147.63,"Fitzroy, Burnet, Condamine, Balone, Dawson, Mackenzie, Nogoa, Weir rivers",2010,12,25,2011,2,4,35,,175000,,175000,,,2500000,3493396,7300000,10200717,71.5635955751889,"[{""adm1_code"":470,""adm1_name"":""New South Wales""},{""adm1_code"":473,""adm1_name"":""Queensland""},{""adm1_code"":476,""adm1_name"":""Victoria""}]",2012-01-09,2023-09-25
2011-0068-NZL,No,nat-geo-ear-gro,Natural,Geophysical,Earthquake,Ground movement,GLIDE:EQ-2011-000024|USGS:usp000huvq,,NZL,New Zealand,Australia and New Zealand,Oceania,Christchurch city (Canterbury province),,,Yes,No,Yes,9823,6.1,Moment Magnitude,-43.583,172.68,,2011,2,22,2011,2,22,181,1500,300000,,301500,,,12000000,16255152,15000000,20318939,73.822750859736,"[{""adm2_code"":22381,""adm2_name"":""Administrative unit not available""}]",2014-07-28,2023-09-25
2011-0070-AUS,No,nat-met-sto-tro,Natural,Meteorological,Storm,Tropical cyclone,GLIDE:TC-2011-000015,"Tropical Cyclone ""Yasi""",AUS,Australia,Australia and New Zealand,Oceania,"Cassowary, Innisfail, Silkwood, Mission Beach, Cardwell, Tully towns (Cassowary Coast district, Queensland province), Townsville town (Townsville district, Queensland province), Ingham town (Hinchinbrook district, Queensland province)",,Flood,No,No,No,,290,Kph,,,,2011,2,2,2011,2,5,1,,7300,,7300,,,1300000,1760975,2500000,3386490,73.822750859736,"[{""adm2_code"":154659,""adm2_name"":""Cassowary Coast (R)""},{""adm2_code"":154670,""adm2_name"":""Hinchinbrook (S)""},{""adm2_code"":154698,""adm2_name"":""Townsville (C)""}]",2012-03-29,2023-09-25
2011-0070-PNG,No,nat-met-sto-tro,Natural,Meteorological,Storm,Tropical cyclone,GLIDE:TC-2011-000015,"Tropical Cyclone ""Yasi""",PNG,Papua New Guinea,Melanesia,Oceania,Alotau district (Milne Bay province),,,No,No,No,,,Kph,,,,2011,2,2,2011,2,2,,,,,,,,,,,,73.822750859736,"[{""adm2_code"":37514,""adm2_name"":""Alotau""}]",2011-04-01,2023-09-25
2011-0070-SLB,No,nat-met-sto-tro,Natural,Meteorological,Storm,Tropical cyclone,GLIDE:TC-2011-000015,"Tropical Cyclone ""Yasi""",SLB,Solomon Islands,Melanesia,Oceania,Solomon Islands province,,Flood,No,No,No,,,Kph,,,,2011,2,2,2011,2,2,,,,,,,,,,,,73.822750859736,"[{""adm1_code"":2687,""adm1_name"":""Administrative unit not available""}]",2011-04-01,2023-09-25
2011-0070-VUT,No,nat-met-sto-tro,Natural,Meteorological,Storm,Tropical cyclone,GLIDE:TC-2011-000015,"Tropical Cyclone ""Yasi""",VUT,Vanuatu,Melanesia,Oceania,"Banks, Torres Island areas (Torba province)",,Flood|Surge,No,No,No,,,Kph,,,,2011,1,30,2011,1,31,,,,,,,,,,,,73.822750859736,"[{""adm1_code"":3301,""adm1_name"":""Torba""}]",2011-04-01,2023-09-25
2011-0071-VUT,No,nat-met-sto-tro,Natural,Meteorological,Storm,Tropical cyclone,GLIDE:TC-2011-000009,"Tropical cyclone ""Vania""",VUT,Vanuatu,Melanesia,Oceania,Tafea province,,,Yes,No,No,195,,Kph,,,,2011,1,12,2011,1,13,,,32000,,32000,,,,,,,73.822750859736,"[{""adm1_code"":3300,""adm1_name"":""Tafea""}]",2014-07-28,2023-09-25
2011-0080-AUS,No,nat-hyd-flo-riv,Natural,Hydrological,Flood,Riverine flood,,,AUS,Australia,Australia and New Zealand,Oceania,"Fitzroy Crossing area (Derby-West Kimberley district, Western Australia province), Warmum area (Halls Creek district, Western Australia province)",,,No,No,No,,114051,Km2,-18.939,122.73,,2011,3,14,2011,3,18,,,217,,217,,,,,,,73.822750859736,"[{""adm2_code"":5472,""adm2_name"":""Derby-West Kimberley (S)""},{""adm2_code"":5488,""adm2_name"":""Halls Creek (S)""}]",2011-04-20,2023-09-25
2011-0091-TON,No,nat-met-sto-tro,Natural,Meteorological,Storm,Tropical cyclone,,Tropical cyclone Wilma,TON,Tonga,Polynesia,Oceania,Ha'apai island (Tonga province),,,No,No,No,86,,Kph,,,,2011,1,25,2011,1,29,3,,7600,,7600,,,,,3000,4064,73.822750859736,"[{""adm1_code"":2976,""adm1_name"":""Administrative unit not available""}]",2014-07-28,2024-08-27
2011-0381-PNG,No,tec-tra-air-air,Technological,Transport,Air,Air,,Dash-8,PNG,Papua New Guinea,Melanesia,Oceania,Near Madang,,,No,No,No,,,,,,,2011,10,13,2011,10,13,28,4,,,4,,,,,,,73.822750859736,,2011-10-13,2023-09-25
2011-0388-NZL,No,nat-geo-ear-gro,Natural,Geophysical,Earthquake,Ground movement,USGS:usp000j33b,,NZL,New Zealand,Australia and New Zealand,Oceania,"Canterbury, Nelson-marlborough, Otago, Southland, Westland provinces",,"Slide (land, mud, snow, rock)",No,No,No,,5.9,Moment Magnitude,-43.564,172.743,,2011,6,13,2011,6,13,1,45,,300,345,,,2000000,2709192,3000000,4063788,73.822750859736,"[{""adm2_code"":22381,""adm2_name"":""Administrative unit not available""},{""adm2_code"":22384,""adm2_name"":""Administrative unit not available""},{""adm2_code"":22386,""adm2_name"":""Administrative unit not available""},{""adm2_code"":22387,""adm2_name"":""Administrative unit not available""},{""adm2_code"":22392,""adm2_name"":""Administrative unit not available""}]",2011-10-19,2023-09-25
2011-0435-NZL,No,tec-ind-ind-ind,Technological,Industrial accident,Industrial accident (General),Industrial accident (General),,Petrol,NZL,New Zealand,Australia and New Zealand,Oceania,Near Tauranga,,,No,No,No,,,m3,,,,2011,10,11,2011,10,11,,,,,,,,,,,,73.822750859736,,2011-11-08,2023-09-25
2011-0483-AUS,No,tec-mis-fir-fir,Technological,Miscellaneous accident,Fire (Miscellaneous),Fire (Miscellaneous),,Nursing home,AUS,Australia,Australia and New Zealand,Oceania,Near Sydney,,,No,No,No,,,,,,,2011,11,18,2011,11,18,10,,,,,,,,,,,73.822750859736,,2011-12-01,2023-09-25
2011-0640-AUS,No,nat-cli-wil-lan,Natural,Climatological,Wildfire,"Land fire (Brush, Bush, Pasture)",,,AUS,Australia,Australia and New Zealand,Oceania,"Margaret river city (Augusta-Margaret River (S) district, Western Australia province)",,,No,No,No,,,Km2,,,,2011,8,23,2011,8,24,,,120,,120,,,,,54000,73148,73.822750859736,"[{""adm2_code"":5436,""adm2_name"":""Augusta-Margaret River (S)""}]",2012-04-05,2023-09-25
2011-9390-TUV,No,nat-cli-dro-dro,Natural,Climatological,Drought,Drought,GLIDE:DR-2011-000176,,TUV,Tuvalu,Polynesia,Oceania,Nukulaelae Isl. Funati Islands,La Nina,,Yes,No,Yes,,,Km2,,,,2011,9,,2011,,,,,,,,,,,,,,73.822750859736,"[{""adm1_code"":3103,""adm1_name"":""Administrative unit not available""}]",2011-11-09,2023-09-25
2012-0003-NZL,No,tec-tra-air-air,Technological,Transport,Air,Air,,Balloon,NZL,New Zealand,Australia and New Zealand,Oceania,Near Carterton,,,No,No,No,,,,,,,2012,1,7,2012,1,7,11,,,,,,,,,,,75.3503857046957,,2012-01-12,2023-09-25
2012-0024-FJI,No,nat-hyd-flo-riv,Natural,Hydrological,Flood,Riverine flood,,,FJI,Fiji,Melanesia,Oceania,Western province,"Heavy rains, TRopical depression","Slide (land, mud, snow, rock)",Yes,No,Yes,1641,,Km2,-17.784,178.08,,2012,1,22,2012,2,6,10,,4561,,4561,,,,,17000,22561,75.3503857046957,"[{""adm1_code"":40190,""adm1_name"":""Western""}]",2013-03-08,2023-09-25
2012-0029-AUS,No,nat-hyd-flo-riv,Natural,Hydrological,Flood,Riverine flood,,,AUS,Australia,Australia and New Zealand,Oceania,"New South Wales, Queensland provinces",Monsoonal rain,,No,No,No,,761154,Km2,-21.71,146.64,,2012,1,22,2012,3,7,2,,13000,,13000,,,140000,185799,225000,298605,75.3503857046957,"[{""adm1_code"":470,""adm1_name"":""New South Wales""},{""adm1_code"":473,""adm1_name"":""Queensland""}]",2012-04-10,2023-09-25
2012-0030-PNG,No,tec-tra-wat-wat,Technological,Transport,Water,Water,GLIDE:AC-2012-000027,Ferry MV Rabaul Queen,PNG,Papua New Guinea,Melanesia,Oceania,Morobe province,,,No,No,No,,,,,,,2012,2,2,2012,2,2,246,,246,,246,,,,,,,75.3503857046957,,2012-02-24,2024-08-27
2012-0037-AUS,No,nat-hyd-flo-riv,Natural,Hydrological,Flood,Riverine flood,,,AUS,Australia,Australia and New Zealand,Oceania,"New South Wales province (Bellingen, Byron, Kyogle, Lismore, Richmond Valley, Clarence Valley, Coffs Harbour, Inverell, Nambucca, Kempsey, Tweed, Tenterfield, Greater Taree, Moree Plains, Narrabri (Wee Waa town), Gunnedah, Gwydir (Bingara, Gravesend, Yallaroi towns), Brewarrina (Goodooga town), Walgett (Collarenebri, Lightning Ridge, Cumborah towns), Bourke districts), Queensland province (Balonne (St. George, Dirranbandi, Roma towns), Paroo (Cunnamulla town), Maranoa (Mitchell town (Booringa area)), Murweh (Charleville town) districts),",Heavy rains,,No,No,No,,,Km2,,,"Balonne, Bulloo, Condamine, Cooper, Culgoa, Macintyre, Maranoa, Moonie, Namoi, Paroo, Warwick",2012,2,24,2012,3,16,2,,3000,,3000,,,137000,181817,363000,481749,75.3503857046957,"[{""adm2_code"":4953,""adm2_name"":""Bellingen (A)""},{""adm2_code"":4964,""adm2_name"":""Bourke (A)""},{""adm2_code"":4965,""adm2_name"":""Brewarrina (A)""},{""adm2_code"":4968,""adm2_name"":""Byron (A)""},{""adm2_code"":5009,""adm2_name"":""Greater Taree (C)""},{""adm2_code"":5025,""adm2_name"":""Inverell (A)""},{""adm2_code"":5028,""adm2_name"":""Kempsey (A)""},{""adm2_code"":5032,""adm2_name"":""Kyogle (A)""},{""adm2_code"":5038,""adm2_name"":""Lismore (C)""},{""adm2_code"":5047,""adm2_name"":""Moree Plains (A)""},{""adm2_code"":5055,""adm2_name"":""Nambucca (A)""},{""adm2_code"":5056,""adm2_name"":""Narrabri (A)""},{""adm2_code"":5091,""adm2_name"":""Tenterfield (A)""},{""adm2_code"":5094,""adm2_name"":""Tweed (A)""},{""adm2_code"":5102,""adm2_name"":""Walgett (A)""},{""adm2_code"":154617,""adm2_name"":""Clarence Valley (A)""},{""adm2_code"":154620,""adm2_name"":""Coffs Harbour (C)""},{""adm2_code"":154627,""adm2_name"":""Gunnedah (A)""},{""adm2_code"":154628,""adm2_name"":""Gwydir (A)""},{""adm2_code"":154636,""adm2_name"":""Richmond Valley (A)""},{""adm2_code"":5133,""adm2_name"":""Balonne (S)""},{""adm2_code"":5221,""adm2_name"":""Murweh (S)""},{""adm2_code"":5225,""adm2_name"":""Paroo (S)""},{""adm2_code"":154681,""adm2_name"":""Maranoa (R)""}]",2013-03-27,2023-09-25
2012-0052-PNG,No,nat-hyd-mmw-lan,Natural,Hydrological,Mass movement (wet),Landslide (wet),GLIDE:LS-2012-000010,,PNG,Papua New Guinea,Melanesia,Oceania,"Tumbi village (Tari district, Southern Highlands province)",,,No,No,No,,,,,,,2012,1,24,2012,1,24,60,,,,,,,,,,,75.3503857046957,"[{""adm2_code"":37552,""adm2_name"":""Tari""}]",2012-02-24,2023-09-25
2012-0069-FJI,No,nat-hyd-flo-riv,Natural,Hydrological,Flood,Riverine flood,,,FJI,Fiji,Melanesia,Oceania,Western province,"Heavy rains, tropical depression TD17F-2012",,Yes,No,Yes,3675,,Km2,-17.798,178.02,,2012,3,29,2012,3,30,5,,14984,,14984,,,,,72000,95554,75.3503857046957,"[{""adm1_code"":40190,""adm1_name"":""Western""}]",2013-03-28,2023-09-25
2012-0224-AUS,No,tec-tra-wat-wat,Technological,Transport,Water,Water,,,AUS,Australia,Australia and New Zealand,Oceania,Near Christmas Isl.,,,No,No,No,,,,,,,2012,6,21,2012,6,21,75,,,,,,,,,,,75.3503857046957,,2012-07-19,2023-09-25
2012-0242-SLB,No,nat-hyd-flo-fla,Natural,Hydrological,Flood,Flash flood,,,SLB,Solomon Islands,Melanesia,Oceania,Makira-Ulawa area,,"Slide (land, mud, snow, rock)",No,No,No,,,Km2,,,,2012,2,1,2012,6,3,,,4836,,4836,,,,,,,75.3503857046957,"[{""adm1_code"":2687,""adm1_name"":""Administrative unit not available""}]",2012-07-23,2023-09-25
2012-0349-PNG,No,nat-hyd-flo-riv,Natural,Hydrological,Flood,Riverine flood,,,PNG,Papua New Guinea,Melanesia,Oceania,Southern Highlands province,Heavy rains,"Slide (land, mud, snow, rock)",No,No,No,,,Km2,,,,2012,9,1,2012,9,20,5,,200000,,200000,,,,,27000,35833,75.3503857046957,"[{""adm1_code"":2305,""adm1_name"":""Southern Highlands""}]",2013-01-28,2023-09-25
2012-0498-FJI,No,nat-met-sto-tro,Natural,Meteorological,Storm,Tropical cyclone,GLIDE:TC-2012-000201,Cyclone Evan,FJI,Fiji,Melanesia,Oceania,"Bua, Macuata, Cakaudrove districts (Northern province), Ba, Nadroga & Navosa, Ra districts (Western province)",,,Yes,No,No,,,Kph,,,,2012,12,16,2012,12,18,2,,8400,,8400,,,,,8400,11148,75.3503857046957,"[{""adm2_code"":40200,""adm2_name"":""Bua""},{""adm2_code"":40201,""adm2_name"":""Cakaudrove""},{""adm2_code"":40202,""adm2_name"":""Macuata""},{""adm2_code"":40203,""adm2_name"":""Ba""},{""adm2_code"":40204,""adm2_name"":""Nadroga \u0026 Navosa""},{""adm2_code"":40205,""adm2_name"":""Ra""}]",2014-07-29,2023-09-25
2012-0498-WLF,No,nat-met-sto-tro,Natural,Meteorological,Storm,Tropical cyclone,GLIDE:TC-2012-000201,Cyclone Evan,WLF,Wallis and Futuna Islands,Polynesia,Oceania,Wallis and Futuna province,,,No,No,No,,156,Kph,,,,2012,12,15,2012,12,15,,2,1250,,1252,,,,,,,75.3503857046957,"[{""adm1_code"":3392,""adm1_name"":""Administrative unit not available""}]",2014-07-29,2023-09-25
2012-0498-WSM,No,nat-met-sto-tro,Natural,Meteorological,Storm,Tropical cyclone,GLIDE:TC-2012-000201,Cyclone Evan,WSM,Samoa,Polynesia,Oceania,Samoa province,,Flood,Yes,No,No,3458,,Kph,,,,2012,12,13,2012,12,13,12,,12703,,12703,,,,,133000,176509,75.3503857046957,"[{""adm1_code"":2618,""adm1_name"":""Administrative unit not available""}]",2014-07-29,2023-09-25
2012-0500-PLW,No,nat-met-sto-tro,Natural,Meteorological,Storm,Tropical cyclone,GLIDE:TC-2012-000197,Typhoon Bopha,PLW,Palau,Micronesia,Oceania,"Angaur, Peleliu, Babaldaob",,,No,No,No,,,Kph,,,,2012,12,2,2012,12,2,,,,1250,1250,,,,,,,75.3503857046957,"[{""adm2_code"":23694,""adm2_name"":""Administrative unit not available""}]",2017-08-30,2023-09-25
2012-0533-NZL,No,nat-met-sto-tor,Natural,Meteorological,Storm,Tornado,,,NZL,New Zealand,Australia and New Zealand,Oceania,Auckland province,,,No,No,No,,110,Kph,,,,2012,12,6,2012,12,6,3,7,450,,457,,,,,9100,12077,75.3503857046957,"[{""adm1_code"":2171,""adm1_name"":""Auckland""}]",2013-01-28,2023-09-25
2013-0008-AUS,No,nat-met-sto-tro,Natural,Meteorological,Storm,Tropical cyclone,GLIDE:TC-2013-000014,Ex-Tropical cyclone Oswald,AUS,Australia,Australia and New Zealand,Oceania,"Brisbane, Ipswich, Bundaberg, Rockhampton districts (Queensland province), New South Wales province",,Flood,No,No,No,,,Kph,,,,2013,1,23,2013,1,30,6,,7500,,7500,,,1000000,1307974,2000000,2615947,76.454145985163,"[{""adm1_code"":470,""adm1_name"":""New South Wales""},{""adm2_code"":154654,""adm2_name"":""Brisbane (C)""},{""adm2_code"":154655,""adm2_name"":""Bundaberg (R)""},{""adm2_code"":154672,""adm2_name"":""Ipswich (C)""},{""adm2_code"":154688,""adm2_name"":""Rockhampton (R)""}]",2014-03-19,2023-09-25
2013-0024-AUS,No,nat-cli-wil-lan,Natural,Climatological,Wildfire,"Land fire (Brush, Bush, Pasture)",,,AUS,Australia,Australia and New Zealand,Oceania,"Dunnaley, Boomer Bay cities (Sorell (M) district, Tasmania province), Sommers Bay (Tasman district, Tasmania province), Bicheno city (Glamorgan/Spring Bay (M) district, Tasmania province); New South Wales, Victoria","Heat wave, dry conditions and gusty winds",,No,No,Yes,,,Km2,,,,2013,1,1,2013,1,17,1,,450,,450,,,80000,104638,98000,128181,76.454145985163,"[{""adm1_code"":470,""adm1_name"":""New South Wales""},{""adm1_code"":476,""adm1_name"":""Victoria""},{""adm2_code"":5337,""adm2_name"":""Glamorgan/Spring Bay (M)""},{""adm2_code"":5348,""adm2_name"":""Sorell (M)""},{""adm2_code"":5350,""adm2_name"":""Tasman (M)""}]",2014-03-20,2023-09-25
2013-0028-PNG,No,nat-hyd-flo-riv,Natural,Hydrological,Flood,Riverine flood,GLIDE:FL-2013-000017,,PNG,Papua New Guinea,Melanesia,Oceania,"Yakamul, Paup, Afua villages (Aitape district, West Sepik province), Lae, Bulolo, Markham, Nawaeb, Menyamya villages (Lae district, Morobe province), Central, National Capital District, Western Highlands provinces",,"Slide (land, mud, snow, rock)",Yes,No,No,,,Km2,,,,2013,1,,2013,1,,,,35000,,35000,,,,,,,76.454145985163,"[{""adm1_code"":2290,""adm1_name"":""Central""},{""adm1_code"":2301,""adm1_name"":""National Capital District""},{""adm1_code"":2309,""adm1_name"":""Western Highlands""},{""adm2_code"":37523,""adm2_name"":""Lae""},{""adm2_code"":37557,""adm2_name"":""Aitape""}]",2014-07-29,2023-09-25
2013-0029-SLB,No,nat-geo-ear-tsu,Natural,Geophysical,Earthquake,Tsunami,GLIDE:TS-2013-000015|USGS:usc000f1s0,,SLB,Solomon Islands,Melanesia,Oceania,Santa Cruz islands (Temotu (Adminitrative unit not available) province),,Tsunami/Tidal wave,Yes,No,No,,8,Moment Magnitude,-10.799,165.114,,2013,2,6,2013,2,6,10,,3329,,3329,,,,,2000,2616,76.454145985163,"[{""adm2_code"":25652,""adm2_name"":""Administrative unit not available""}]",2014-07-29,2023-09-25
2013-0253-AUS,No,tec-tra-wat-wat,Technological,Transport,Water,Water,,,AUS,Australia,Australia and New Zealand,Oceania,Near Christmas Island,,,No,No,No,,,,,,,2013,6,9,2013,6,9,13,,,,,,,,,,,76.454145985163,,2013-07-25,2023-09-25
2013-0268-NZL,No,nat-geo-ear-gro,Natural,Geophysical,Earthquake,Ground movement,USGS:usb000iivv,,NZL,New Zealand,Australia and New Zealand,Oceania,"Wellington's Central Business Center, Paraparaumu, Wainuiomata, Porirua, Hutt Valley areas (Wellington province)",,,No,No,No,,6.5,Moment Magnitude,-41.704,174.337,,2013,7,21,2013,7,21,,4,13836,,13840,,,11800,15434,50000,65399,76.454145985163,"[{""adm2_code"":22391,""adm2_name"":""Administrative unit not available""}]",2013-08-12,2023-09-25
2013-0402-AUS,No,nat-cli-wil-lan,Natural,Climatological,Wildfire,"Land fire (Brush, Bush, Pasture)",,,AUS,Australia,Australia and New Zealand,Oceania,Blue Mountains (C) district (New South Wales province),High temperature and violent winds,,No,No,Yes,,,Km2,,,,2013,10,18,2013,10,31,2,,990,,990,,,164000,214508,268000,350537,76.454145985163,"[{""adm2_code"":4959,""adm2_name"":""Blue Mountains (C)""}]",2014-03-20,2023-09-25
2013-0420-SLB,No,nat-hyd-flo-riv,Natural,Hydrological,Flood,Riverine flood,,,SLB,Solomon Islands,Melanesia,Oceania,Guadalcanal area,,,No,No,No,,,Km2,,,,2013,8,29,2013,9,2,,,10227,,10227,,,,,2000,2616,76.454145985163,"[{""adm1_code"":2687,""adm1_name"":""Administrative unit not available""}]",2014-01-06,2023-09-25
2013-0421-NZL,No,nat-met-sto-sto,Natural,Meteorological,Storm,Storm (General),,,NZL,New Zealand,Australia and New Zealand,Oceania,"Canterbury, Wellington, Hawke's Bay, East Cape provinces",,,No,No,No,,,Kph,,,,2013,9,10,2013,9,11,,,,,,,,,,20000,26159,76.454145985163,"[{""adm1_code"":2173,""adm1_name"":""Canterbury""},{""adm1_code"":2174,""adm1_name"":""East Cape""},{""adm1_code"":2175,""adm1_name"":""Hawke's Bay""},{""adm1_code"":2183,""adm1_name"":""Wellington""}]",2013-10-28,2023-09-25
2013-0433-PLW,No,nat-met-sto-tro,Natural,Meteorological,Storm,Tropical cyclone,GLIDE:TC-2013-000139,Typhoon Haiyan (Yolanda),PLW,Palau,Micronesia,Oceania,"Ngercelong, Ngaraard, Ngardmau, Koror, Airai, Aimelick, Ngatpang, Ngiwal, Melekeok, Ngchesar, Ngeramlengu areas (Palau province)",,,Yes,No,No,,160,Kph,,,,2013,11,7,2013,11,7,,,,,,,,,,,,76.454145985163,"[{""adm1_code"":2278,""adm1_name"":""Administrative unit not available""}]",2014-07-29,2023-09-25
2013-0509-SLB,No,nat-bio-epi-vir,Natural,Biological,Epidemic,Viral disease,GLIDE:EP-2013-000039,Dengue,SLB,Solomon Islands,Melanesia,Oceania,"Guadalcanal, Gizo provinces",,,Yes,No,No,,,Vaccinated,,,,2013,1,,2013,4,,8,,6700,,6700,,,,,,,76.454145985163,,2014-07-29,2023-09-25
2013-9150-MHL,No,nat-cli-dro-dro,Natural,Climatological,Drought,Drought,GLIDE:DR-2013-000053,,MHL,Marshall Islands,Micronesia,Oceania,"North of the capital Majuro, atolls/islands of Namu, Likiep and Mejit",Prolonged dry weather,,No,No,Yes,,,Km2,,,,2013,5,,2013,5,,,,6384,,6384,,,,,,,76.454145985163,"[{""adm1_code"":2002,""adm1_name"":""Administrative unit not available""}]",2014-07-29,2023-09-25
2013-9203-NZL,No,nat-cli-dro-dro,Natural,Climatological,Drought,Drought,,,NZL,New Zealand,Australia and New Zealand,Oceania,"Auckland, Bay of Plenty, East Cape, Hawke's Bay, Northland, Taranaki, Waikato, Wanganui-manawatu, Wellington provinces (North Island)",,,No,No,No,,,Km2,,,,2013,1,,2013,5,,,,,,,,,,,823000,1076462,76.454145985163,"[{""adm1_code"":2171,""adm1_name"":""Auckland""},{""adm1_code"":2172,""adm1_name"":""Bay Of Plenty""},{""adm1_code"":2174,""adm1_name"":""East Cape""},{""adm1_code"":2175,""adm1_name"":""Hawke's Bay""},{""adm1_code"":2177,""adm1_name"":""Northland""},{""adm1_code"":2180,""adm1_name"":""Taranaki""},{""adm1_code"":2181,""adm1_name"":""Waikato""},{""adm1_code"":2182,""adm1_name"":""Wanganui-manawatu""},{""adm1_code"":2183,""adm1_name"":""Wellington""}]",2014-03-20,2023-09-25
2014-0001-TON,No,nat-met-sto-tro,Natural,Meteorological,Storm,Tropical cyclone,,Ian,TON,Tonga,Polynesia,Oceania,"Mo'unga'one, Ha'ano, Foa, Lifuka, Lofanga, Uiha islands (Ha'apai island group, Tonga province), Vava'u island group (Tonga province)",,,Yes,No,Yes,,270,Kph,,,,2014,1,6,2014,1,11,1,14,4000,,4014,,,,,31000,39900,77.6944061345599,"[{""adm1_code"":2976,""adm1_name"":""Administrative unit not available""}]",2014-07-29,2023-09-25
2014-0004-AUS,No,nat-cli-wil-lan,Natural,Climatological,Wildfire,"Land fire (Brush, Bush, Pasture)",,,AUS,Australia,Australia and New Zealand,Oceania,"Kalamunda (S), Mundaring (S) districts (Perth Hills region, Western Australia province)","Extreme heat, dry conditions and gusty winds",,No,No,No,,,Km2,,,,2014,1,13,2014,1,13,2,,,168,168,,,,,25000,32177,77.6944061345599,"[{""adm2_code"":5493,""adm2_name"":""Kalamunda (S)""},{""adm2_code"":5520,""adm2_name"":""Mundaring (S)""}]",2014-02-07,2023-09-25
2014-0010-AUS,No,nat-met-ext-hea,Natural,Meteorological,Extreme temperature,Heat wave,,,AUS,Australia,Australia and New Zealand,Oceania,"Western Australia, Victoria provinces",,,No,No,No,,52,°C,,,,2014,1,13,2014,1,18,139,,,,,,,,,,,77.6944061345599,"[{""adm1_code"":476,""adm1_name"":""Victoria""},{""adm1_code"":477,""adm1_name"":""Western Australia""}]",2014-01-16,2025-03-17
2014-0062-AUS,No,nat-cli-wil-lan,Natural,Climatological,Wildfire,"Land fire (Brush, Bush, Pasture)",,,AUS,Australia,Australia and New Zealand,Oceania,"Mickleham, Craigieburn cities (Hume district, Victoria province), Whittlesea (S), Nillumbik (S) districts (Melbourne north outskirts, Victoria province), Wallan, Kilmore, Beveridge cities (Mitchell (S) district, Victoria province), Warrandyte city (Manningham (C) district, Victoria province), Wunghnu city (Moira (S) district, Victoria province), Glenaladale, Walpa cities (East Gippsland (S) district, Victoria province), Yarram city (Wellington district, Victoria province), Morwell city (Latrobe district, Victoria province), Gisborne (Macedon Ranges district, Victoria province)","Dry and warm winds, high temperature",Industrial accidents|Pollution,No,No,No,,,Km2,,,,2014,2,7,2014,2,28,,20,,102,122,,,,,100000,128709,77.6944061345599,"[{""adm2_code"":5372,""adm2_name"":""East Gippsland (S)""},{""adm2_code"":5386,""adm2_name"":""Hume (C)""},{""adm2_code"":5390,""adm2_name"":""Latrobe (C)""},{""adm2_code"":5392,""adm2_name"":""Macedon Ranges (S)""},{""adm2_code"":5393,""adm2_name"":""Manningham (C)""},{""adm2_code"":5399,""adm2_name"":""Mitchell (S)""},{""adm2_code"":5400,""adm2_name"":""Moira (S)""},{""adm2_code"":5409,""adm2_name"":""Nillumbik (S)""},{""adm2_code"":5424,""adm2_name"":""Wellington (S)""},{""adm2_code"":5427,""adm2_name"":""Whittlesea (C)""}]",2014-02-10,2025-03-17
2014-0091-SLB,No,nat-hyd-flo-fla,Natural,Hydrological,Flood,Flash flood,,,SLB,Solomon Islands,Melanesia,Oceania,"Honiara, Guadalcanal, Makira, Malaita, Isabel Islands areas",Prolonged heavy rainfall associated with a tropical depression,Broken Dam/Burst bank,Yes,No,No,7548,5480.75,Km2,-9.678,160.34,,2014,4,1,2014,4,8,47,,52000,,52000,,,,,24000,30890,77.6944061345599,"[{""adm1_code"":2687,""adm1_name"":""Administrative unit not available""}]",2014-07-29,2023-09-25
2014-0096-VUT,No,nat-met-sto-tro,Natural,Meteorological,Storm,Tropical cyclone,GLIDE:TC-2014-000033,Tropical cylone Lusi,VUT,Vanuatu,Melanesia,Oceania,"Western Pentecost, East Ambae, Maewo areas (Penama province), Western Ambrym area (Malampa province), South Santo area (Sanma province), Gaua, Vanua Lava areas (Torba province), Shepherd area (Shefa province)",,Flood,No,No,No,,140,Kph,,,,2014,3,9,2014,3,12,12,6,20000,,20006,,,,,2000,2574,77.6944061345599,"[{""adm1_code"":3296,""adm1_name"":""Malampa""},{""adm1_code"":3297,""adm1_name"":""Penama""},{""adm1_code"":3298,""adm1_name"":""Sanma""},{""adm1_code"":3299,""adm1_name"":""Shefa""},{""adm1_code"":3301,""adm1_name"":""Torba""}]",2014-04-09,2023-09-25
2014-0097-KIR,No,nat-hyd-flo-coa,Natural,Hydrological,Flood,Coastal flood,,,KIR,Kiribati,Micronesia,Oceania,Marakei island,,,No,No,No,,,Km2,,,,2014,3,3,2014,3,3,,,220,,220,,,,,,,77.6944061345599,"[{""adm1_code"":1739,""adm1_name"":""Administrative unit not available""}]",2014-04-09,2023-09-25
2014-0097-MHL,No,nat-hyd-flo-coa,Natural,Hydrological,Flood,Coastal flood,,,MHL,Marshall Islands,Micronesia,Oceania,"Arno Majuro, Mili, Maloelap, Wotje Atolls, Kili Island",,Surge,No,No,No,,34.84,Km2,7.30951,168.73,,2014,3,3,2014,3,10,,,360,,360,,,,,,,77.6944061345599,"[{""adm1_code"":2002,""adm1_name"":""Administrative unit not available""}]",2014-05-14,2023-09-25
2014-0405-PNG,No,nat-hyd-flo-riv,Natural,Hydrological,Flood,Riverine flood,,,PNG,Papua New Guinea,Melanesia,Oceania,Gulf province,Heavy rains,,No,No,No,,,Km2,,,,2014,6,,2014,7,,,,27000,,27000,,,,,,,77.6944061345599,"[{""adm1_code"":2296,""adm1_name"":""Gulf""}]",2014-10-15,2023-09-25
2014-0410-PNG,No,nat-geo-vol-ash,Natural,Geophysical,Volcanic activity,Ash fall,,Mt. Bagana,PNG,Papua New Guinea,Melanesia,Oceania,"Arawa, Buin, Sohano districts, Northern Solomons province",,,No,No,No,,,,,,,2014,8,9,2014,8,9,,,1380,,1380,,,,,,,77.6944061345599,"[{""adm2_code"":37537,""adm2_name"":""Arawa""},{""adm2_code"":37538,""adm2_name"":""Buin""},{""adm2_code"":37539,""adm2_name"":""Sohano""}]",2014-10-15,2023-09-25
2014-0423-PNG,No,nat-met-sto-tro,Natural,Meteorological,Storm,Tropical cyclone,,Cyclone Ita,PNG,Papua New Guinea,Melanesia,Oceania,Milne Bay province,,,No,No,No,,,Kph,,,,2014,4,7,2014,4,9,,,12346,,12346,,,,,,,77.6944061345599,"[{""adm1_code"":2299,""adm1_name"":""Milne Bay""}]",2014-10-27,2023-09-25
2014-0475-AUS,No,nat-met-sto-lig,Natural,Meteorological,Storm,Lightning/Thunderstorms,,,AUS,Australia,Australia and New Zealand,Oceania,Brisbane district (Queensland province),,,No,No,No,,,Kph,,,,2014,11,22,2014,11,30,,12,52527,,52539,,,852000,1096604,1000000,1287094,77.6944061345599,"[{""adm2_code"":154654,""adm2_name"":""Brisbane (C)""}]",2014-12-12,2023-09-25
2015-0010-AUS,No,nat-cli-wil-lan,Natural,Climatological,Wildfire,"Land fire (Brush, Bush, Pasture)",,,AUS,Australia,Australia and New Zealand,Oceania,"Sampson Flat city (Playford (C) district, South Australia province), Kersbrook (Adelaide Hills (DC) district, Mount Lofty Ranges, South Australia province)",,,No,No,No,,,Km2,,,,2015,1,3,2015,1,8,,134,,,134,,,45000,57851,51000,65564,77.7865676599234,"[{""adm2_code"":5257,""adm2_name"":""Adelaide Hills (DC)""},{""adm2_code"":5299,""adm2_name"":""Playford (C)""}]",2015-01-13,2023-09-25
2015-0053-AUS,No,nat-met-sto-tro,Natural,Meteorological,Storm,Tropical cyclone,,Cyclone Lam,AUS,Australia,Australia and New Zealand,Oceania,"Northern Territory, Western Australia provinces",,,No,No,Yes,,185,Kph,,,,2015,2,20,2015,2,20,,,390,48,438,,,,,78000,100274,77.7865676599234,"[{""adm1_code"":471,""adm1_name"":""Northern Territory""},{""adm1_code"":477,""adm1_name"":""Western Australia""}]",2015-02-25,2023-09-25
2015-0079-AUS,No,nat-met-sto-tro,Natural,Meteorological,Storm,Tropical cyclone,DFO:4226,Cyclone 'Marcia',AUS,Australia,Australia and New Zealand,Oceania,"Queensland, New South Wales provinces",,,No,No,Yes,,210,Kph,,,,2015,2,22,2015,2,24,1,,,6000,6000,,,396000,509085,546000,701921,77.7865676599234,"[{""adm1_code"":470,""adm1_name"":""New South Wales""},{""adm1_code"":473,""adm1_name"":""Queensland""}]",2015-03-11,2023-09-25
2015-0093-KIR,No,nat-met-sto-tro,Natural,Meteorological,Storm,Tropical cyclone,GLIDE:TC-2015-000020,Cyclone 'Pam',KIR,Kiribati,Micronesia,Oceania,"Tarawa, Arorae, Tamana, Onotoa areas (Kiribati province)",,Flood,Yes,No,No,,,Kph,,,,2015,3,12,2015,3,13,,,1500,,1500,,,,,,,77.7865676599234,"[{""adm1_code"":1739,""adm1_name"":""Administrative unit not available""}]",2015-03-17,2023-09-25
2015-0093-PNG,No,nat-met-sto-tro,Natural,Meteorological,Storm,Tropical cyclone,GLIDE:TC-2015-000020,Cyclone 'Pam',PNG,Papua New Guinea,Melanesia,Oceania,"West New Britain, Madang provinces",,,No,No,No,,,Kph,,,,2015,3,13,2015,3,13,,,9199,,9199,,,,,,,77.7865676599234,"[{""adm1_code"":2297,""adm1_name"":""Madang""},{""adm1_code"":2306,""adm1_name"":""West New Britain""}]",2016-02-29,2023-09-25
2015-0093-SLB,No,nat-met-sto-tro,Natural,Meteorological,Storm,Tropical cyclone,GLIDE:TC-2015-000020,Cyclone 'Pam',SLB,Solomon Islands,Melanesia,Oceania,"Temotu, Malaita areas (Solomon Islands province)",,Flood,Yes,No,No,,,Kph,,,,2015,3,6,2015,3,6,,,44096,,44096,,,,,,,77.7865676599234,"[{""adm1_code"":2687,""adm1_name"":""Administrative unit not available""}]",2015-03-18,2023-09-25
2015-0093-TUV,No,nat-met-sto-tro,Natural,Meteorological,Storm,Tropical cyclone,GLIDE:TC-2015-000020,Cyclone 'Pam',TUV,Tuvalu,Polynesia,Oceania,"Nanumea, Nanumaga, Niutao, Nui, Vaitupu, Nukufetau, Nukulaelae atolls (Tuvalu province)",,Surge,Yes,No,Yes,,,Kph,,,,2015,3,10,2015,3,11,,,4613,,4613,,,,,,,77.7865676599234,"[{""adm1_code"":3103,""adm1_name"":""Administrative unit not available""}]",2015-03-17,2023-09-25
2015-0093-VUT,No,nat-met-sto-tro,Natural,Meteorological,Storm,Tropical cyclone,GLIDE:TC-2015-000020,Cyclone 'Pam',VUT,Vanuatu,Melanesia,Oceania,"Torba, Penama, Sanma, Malampa, Shefa, Tafea provinces",,Flood,Yes,Yes,Yes,44127,250,Kph,,,,2015,3,12,2015,3,14,11,,188000,,188000,,,,,449400,577735,77.7865676599234,"[{""adm1_code"":3296,""adm1_name"":""Malampa""},{""adm1_code"":3297,""adm1_name"":""Penama""},{""adm1_code"":3298,""adm1_name"":""Sanma""},{""adm1_code"":3299,""adm1_name"":""Shefa""},{""adm1_code"":3300,""adm1_name"":""Tafea""},{""adm1_code"":3301,""adm1_name"":""Torba""}]",2015-03-16,2023-09-25
2015-0097-PNG,No,nat-hyd-flo-flo,Natural,Hydrological,Flood,Flood (General),,,PNG,Papua New Guinea,Melanesia,Oceania,"Central, Madang, Milne Bay, Morobe, National Capital District, Northern, Northern, Solomons, West New Britain provinces","Heavy rains, Tropical Cyclones Nathan and Pam",,No,No,No,,,Km2,,,,2015,3,4,2015,3,18,,,20000,,20000,,,,,,,77.7865676599234,"[{""adm1_code"":2290,""adm1_name"":""Central""},{""adm1_code"":2297,""adm1_name"":""Madang""},{""adm1_code"":2299,""adm1_name"":""Milne Bay""},{""adm1_code"":2300,""adm1_name"":""Morobe""},{""adm1_code"":2301,""adm1_name"":""National Capital District""},{""adm1_code"":2303,""adm1_name"":""Northern""},{""adm1_code"":2304,""adm1_name"":""Northern Solomons""},{""adm1_code"":2306,""adm1_name"":""West New Britain""}]",2015-03-18,2023-09-25
2015-0105-FSM,No,nat-met-sto-tro,Natural,Meteorological,Storm,Tropical cyclone,GLIDE:TC-2015-000028,Typhoon' Maysak',FSM,Micronesia (Federated States of),Micronesia,Oceania,"Chuuk, Ulithi Atoll, Yap areas (Micronesia province)",,,Yes,No,Yes,,260,Kph,,,,2015,3,27,2015,3,30,5,,35000,,35000,,,,,11000,14141,77.7865676599234,"[{""adm1_code"":2060,""adm1_name"":""Administrative unit not available""}]",2015-04-01,2025-03-17
2015-0135-AUS,No,nat-met-sto-tro,Natural,Meteorological,Storm,Tropical cyclone,,Cyclone 'Olwyn',AUS,Australia,Australia and New Zealand,Oceania,"Carnarvon, Ashburton, Upper Gascoyne, Geraldton-Greenough, Irwin districts (Western Australia province)",,,No,No,No,,160,Kph,,,,2015,3,12,2015,3,15,,,600,,600,,,49000,62993,57000,73277,77.7865676599234,"[{""adm2_code"":5435,""adm2_name"":""Ashburton (S)""},{""adm2_code"":5454,""adm2_name"":""Carnarvon (S)""},{""adm2_code"":5490,""adm2_name"":""Irwin (S)""},{""adm2_code"":5553,""adm2_name"":""Upper Gascoyne (S)""},{""adm2_code"":154709,""adm2_name"":""Geraldton-Greenough (C)""}]",2015-04-09,2023-09-25
2015-0148-AUS,No,nat-met-sto-sev,Natural,Meteorological,Storm,Severe weather,DFO:4244,,AUS,Australia,Australia and New Zealand,Oceania,"Dungog, Hunters Hill, Sydney districts (New South Wales province)",,Flood|Surge,No,No,No,,135,Kph,,,,2015,4,20,2015,4,28,7,,1000,,1000,,,730000,938465,1300000,1671240,77.7865676599234,"[{""adm2_code"":4996,""adm2_name"":""Dungog (A)""},{""adm2_code"":5023,""adm2_name"":""Hunters Hill (A)""},{""adm2_code"":154637,""adm2_name"":""Sydney (C)""}]",2015-04-28,2023-09-25
2015-0206-NZL,No,nat-hyd-flo-flo,Natural,Hydrological,Flood,Flood (General),DFO:4253,,NZL,New Zealand,Australia and New Zealand,Oceania,Wellington province,Heavy rains,,No,No,No,,7484,Km2,-41.092,175.35,,2015,5,13,2015,5,21,1,,100,,100,,,,,100000,128557,77.7865676599234,"[{""adm1_code"":2183,""adm1_name"":""Wellington""}]",2015-06-04,2023-09-25
2015-0256-NZL,No,nat-hyd-flo-riv,Natural,Hydrological,Flood,Riverine flood,DFO:4264,,NZL,New Zealand,Australia and New Zealand,Oceania,"Horowhenua, Manawatu, Rangitikei, Whanganui areas (Wanganui-manawatu province), Taranaki province",Heavy rains,,No,No,No,,8948.6,Km2,-39.8648,175.23,,2015,6,22,2015,6,29,,,400,,400,,,,,171000,219832,77.7865676599234,"[{""adm1_code"":2180,""adm1_name"":""Taranaki""},{""adm1_code"":2182,""adm1_name"":""Wanganui-manawatu""}]",2015-07-15,2023-09-25
2015-0281-SLB,No,nat-met-sto-tro,Natural,Meteorological,Storm,Tropical cyclone,,Tropical cylone Raquel,SLB,Solomon Islands,Melanesia,Oceania,Solomon Islands province,,,No,No,No,,,Kph,,,,2015,7,5,2015,7,6,9,,,400,400,,,,,2000,2571,77.7865676599234,"[{""adm1_code"":2687,""adm1_name"":""Administrative unit not available""}]",2015-07-23,2023-09-25
2015-0339-MNP,No,nat-met-sto-tro,Natural,Meteorological,Storm,Tropical cyclone,,Typhoon 'Soudelor' (Hanna),MNP,Northern Mariana Islands,Micronesia,Oceania,Saipan island (Northern Mariana Islands province),,,No,No,Yes,,170,Kph,,,,2015,8,1,2015,8,2,,10,350,,360,,,,,,,77.7865676599234,"[{""adm1_code"":2243,""adm1_name"":""Administrative unit not available""}]",2015-09-07,2023-09-25
2015-0514-AUS,No,nat-cli-wil-lan,Natural,Climatological,Wildfire,"Land fire (Brush, Bush, Pasture)",,,AUS,Australia,Australia and New Zealand,Oceania,"Pinery, Balaklava cities (Wakefield (DC) district, North Mount Lofty Ranges, South Australia province), Roseworthy city (Light (RegC) district, South Australia province)",,,No,No,No,,,Km2,,,,2015,11,25,2015,11,28,2,30,126,105,261,,,120000,154268,200000,257114,77.7865676599234,"[{""adm2_code"":5282,""adm2_name"":""Light (RegC)""},{""adm2_code"":5318,""adm2_name"":""Wakefield (DC)""}]",2015-12-01,2024-08-27
2015-0560-AUS,No,nat-cli-wil-for,Natural,Climatological,Wildfire,Forest fire,,,AUS,Australia,Australia and New Zealand,Oceania,"Wye River, Separation Creek cities (Colac-Otway (S) district, Victoria province)",,,No,No,No,,,Km2,,,,2015,12,19,2015,12,26,,,,348,348,,,,,100000,128557,77.7865676599234,"[{""adm2_code"":5368,""adm2_name"":""Colac-Otway (S)""}]",2016-01-05,2023-09-25
2015-0576-AUS,No,nat-hyd-flo-fla,Natural,Hydrological,Flood,Flash flood,,,AUS,Australia,Australia and New Zealand,Oceania,"Queensland, New South Wales provinces",,,No,No,No,,,Km2,,,,2015,4,30,2015,5,3,6,,,,,,,,,400000,514228,77.7865676599234,"[{""adm1_code"":470,""adm1_name"":""New South Wales""},{""adm1_code"":473,""adm1_name"":""Queensland""}]",2016-01-22,2023-09-25
2015-9410-PNG,No,nat-cli-dro-dro,Natural,Climatological,Drought,Drought,GLIDE:CW-2015-000116-PNG,,PNG,Papua New Guinea,Melanesia,Oceania,"Kandep district (Enga province), Sirunki city (Lagaip district, Enga province), Mendi, Ialibu, Pangia districts (Southern Highlands province), Tambul district (Western Highlands province), Menyamya district (Morobe province); Kundiawa, Gembogl, Sinasina(-Yongomugl), Gumine, Chuave, Kerowagi, Karimui (-Nomane) districts (Chimbu province), Henganofi, Goroka (Unggai-Bena) districts (Eastern Highlands province), Rabaul, Kokopo districts (East New Britain province), Goilala district (Central province), Manus province",El nino,Cold wave,Yes,No,No,,,Km2,,,,2015,5,,2015,10,,24,,2520000,,2520000,,,,,60000,77134,77.7865676599234,"[{""adm1_code"":2298,""adm1_name"":""Manus""},{""adm2_code"":37471,""adm2_name"":""Goilala""},{""adm2_code"":37475,""adm2_name"":""Chuave""},{""adm2_code"":37476,""adm2_name"":""Gembogl""},{""adm2_code"":37477,""adm2_name"":""Gumine""},{""adm2_code"":37478,""adm2_name"":""Karimui""},{""adm2_code"":37479,""adm2_name"":""Kerowagi""},{""adm2_code"":37480,""adm2_name"":""Kundiawa""},{""adm2_code"":37481,""adm2_name"":""Sinasina""},{""adm2_code"":37482,""adm2_name"":""Kokopo""},{""adm2_code"":37484,""adm2_name"":""Rabaul""},{""adm2_code"":37489,""adm2_name"":""Goroka""},{""adm2_code"":37490,""adm2_name"":""Henganofi""},{""adm2_code"":37495,""adm2_name"":""Kandep""},{""adm2_code"":37497,""adm2_name"":""Lagaip""},{""adm2_code"":37524,""adm2_name"":""Menyamya""},{""adm2_code"":37546,""adm2_name"":""Ialibu""},{""adm2_code"":37549,""adm2_name"":""Mendi""},{""adm2_code"":37551,""adm2_name"":""Pangia""},{""adm2_code"":37566,""adm2_name"":""Tambul""}]",2015-09-09,2023-09-25
2015-9483-FJI,No,nat-cli-dro-dro,Natural,Climatological,Drought,Drought,,,FJI,Fiji,Melanesia,Oceania,NO DATA: all country selected,El NIno,,No,No,No,,,Km2,,,,2015,9,,2015,10,,,,67000,,67000,,,,,,,77.7865676599234,"[{""adm1_code"":40187,""adm1_name"":""Central""},{""adm1_code"":40188,""adm1_name"":""Eastern""},{""adm1_code"":40189,""adm1_name"":""Northern""},{""adm1_code"":40190,""adm1_name"":""Western""}]",2015-10-28,2023-09-25
2015-9483-SLB,No,nat-cli-dro-dro,Natural,Climatological,Drought,Drought,,,SLB,Solomon Islands,Melanesia,Oceania,"Bellona, Rennell, Makira",,,No,No,No,,,Km2,,,,2015,,,2015,12,,,,,,,,,,,,,77.7865676599234,"[{""adm1_code"":2687,""adm1_name"":""Administrative unit not available""}]",2015-12-17,2023-09-25
2015-9483-TON,No,nat-cli-dro-dro,Natural,Climatological,Drought,Drought,,,TON,Tonga,Polynesia,Oceania,"Vava'u, Ha'apai, Tongatapu, Niuafo'ou, Niuatoputapu",El NIno,,No,No,Yes,,,Km2,,,,2015,8,,2015,12,,,,,,,,,,,,,77.7865676599234,"[{""adm1_code"":2976,""adm1_name"":""Administrative unit not available""}]",2015-10-28,2023-09-25
2015-9483-WSM,No,nat-cli-dro-dro,Natural,Climatological,Drought,Drought,,,WSM,Samoa,Polynesia,Oceania,"Upolu Isl., Savaii Isl.",,,No,No,Yes,,,Km2,,,,2015,6,,2015,12,,,,,,,,,,,,,77.7865676599234,"[{""adm1_code"":2618,""adm1_name"":""Administrative unit not available""}]",2015-12-17,2023-09-25
2015-9496-MHL,No,nat-cli-dro-dro,Natural,Climatological,Drought,Drought,,,MHL,Marshall Islands,Micronesia,Oceania,,"El NIno, low precipitation",,Yes,No,Yes,,,Km2,,,,2015,,,2016,5,,,,21000,,21000,,,,,4900,6299,77.7865676599234,"[{""adm2_code"":19488,""adm2_name"":""Administrative unit not available""}]",2016-12-15,2023-09-25
2015-9621-PLW,No,nat-cli-dro-dro,Natural,Climatological,Drought,Drought,,,PLW,Palau,Micronesia,Oceania,,"Poor rainfall, El Nino",,Yes,No,No,,,Km2,,,,2015,10,,2016,3,,,,14200,,14200,,,,,,,77.7865676599234,,2021-08-04,2023-09-25
2016-0004-TON,No,nat-met-sto-tro,Natural,Meteorological,Storm,Tropical cyclone,,Cyclone Ulla,TON,Tonga,Polynesia,Oceania,"Vava'u, Ha'apai islands (Administrative unit not available)",,,No,No,No,,150,Kph,,,,2016,1,2,2016,1,2,,,392,,392,,,,,,,78.7679229975209,"[{""adm1_code"":2976,""adm1_name"":""Administrative unit not available""}]",2016-01-12,2025-03-17
2016-0014-AUS,No,nat-cli-wil-lan,Natural,Climatological,Wildfire,"Land fire (Brush, Bush, Pasture)",,Yarloop busfires,AUS,Australia,Australia and New Zealand,Oceania,"Yarloop, Cookernup areas (Harvey (S) district, Western Australia province), Hamel, Waroona areas (Waroona (S) district, Western Australia province)",Lighthning,,No,No,Yes,,,Km2,,,,2016,1,5,2016,1,10,2,,,540,540,,,50000,63478,110000,139651,78.7679229975209,"[{""adm2_code"":5489,""adm2_name"":""Harvey (S)""},{""adm2_code"":5560,""adm2_name"":""Waroona (S)""}]",2016-02-02,2023-09-25
2016-0041-FJI,No,nat-met-sto-tro,Natural,Meteorological,Storm,Tropical cyclone,DFO:4329|GLIDE:TC-2016-000014,Cyclone Winston,FJI,Fiji,Melanesia,Oceania,"Savusavu (Cakaudrove district, Northern province, Vanua Levu Isl. and Taveuni Isl.), Bua, Macuata districts (Northern province, Vanua Levu Isl.), Western, Central provinces (Viti Levu, Yasawa, Mamanuca Isl.), Lau district (Eastern province, Vanua Balavu, Nayau Isl.), Lomaiviti district (Eastern province, Koro Isl.)",,Flood|Surge,Yes,Yes,Yes,41862,,Kph,,,,2016,2,20,2016,2,21,45,144,540414,,540558,,,50000,63478,600000,761731,78.7679229975209,"[{""adm2_code"":40191,""adm2_name"":""Naitasiri""},{""adm2_code"":40192,""adm2_name"":""Namosi""},{""adm2_code"":40193,""adm2_name"":""Rewa""},{""adm2_code"":40194,""adm2_name"":""Serua""},{""adm2_code"":40195,""adm2_name"":""Tailevu""},{""adm2_code"":40197,""adm2_name"":""Lau""},{""adm2_code"":40198,""adm2_name"":""Lomaiviti""},{""adm2_code"":40200,""adm2_name"":""Bua""},{""adm2_code"":40201,""adm2_name"":""Cakaudrove""},{""adm2_code"":40202,""adm2_name"":""Macuata""},{""adm2_code"":40203,""adm2_name"":""Ba""},{""adm2_code"":40204,""adm2_name"":""Nadroga \u0026 Navosa""},{""adm2_code"":40205,""adm2_name"":""Ra""}]",2016-02-22,2023-11-10
2016-0041-TON,No,nat-met-sto-tro,Natural,Meteorological,Storm,Tropical cyclone,DFO:4329|GLIDE:TC-2016-000014,Cyclone Winston,TON,Tonga,Polynesia,Oceania,Vava’u Isl.,,,No,No,No,,,Kph,,,,2016,2,19,2016,2,19,,,,,,,,,,,,78.7679229975209,"[{""adm2_code"":27407,""adm2_name"":""Administrative unit not available""}]",2016-02-22,2023-09-25
2016-0096-NZL,No,nat-hyd-flo-fla,Natural,Hydrological,Flood,Flash flood,DFO:4342,,NZL,New Zealand,Australia and New Zealand,Oceania,"Riwaka city (Administrative unit not available district, Nelson-marlborough province), Administrative unit not available district (Westland province)",,,No,No,No,,39333.76,Km2,-42.169,172.21,"Riwaka, Waiho, Takaka, Aorere rivers",2016,3,23,2016,3,24,,,300,,300,,,,,25000,31739,78.7679229975209,"[{""adm2_code"":22384,""adm2_name"":""Administrative unit not available""},{""adm2_code"":22392,""adm2_name"":""Administrative unit not available""}]",2016-04-11,2023-09-25
2016-0104-PNG,No,tec-tra-air-air,Technological,Transport,Air,Air,,,PNG,Papua New Guinea,Melanesia,Oceania,Kiunga district (Western province),,,No,No,No,,,,,,,2016,4,14,2016,4,14,12,,,,,,,,,,,78.7679229975209,"[{""adm2_code"":37571,""adm2_name"":""Kiunga""}]",2016-04-15,2023-09-25
2016-0141-FJI,No,nat-met-sto-tro,Natural,Meteorological,Storm,Tropical cyclone,,Tropical cyclone Zena,FJI,Fiji,Melanesia,Oceania,"Central, Western provinces (Viti Levu Isl.)",,Flood,No,No,No,,,Kph,,,,2016,4,4,2016,4,7,2,,5000,,5000,,,,,,,78.7679229975209,"[{""adm1_code"":40187,""adm1_name"":""Central""},{""adm1_code"":40190,""adm1_name"":""Western""}]",2016-05-10,2023-09-25
2016-0141-TON,No,nat-met-sto-tro,Natural,Meteorological,Storm,Tropical cyclone,,Tropical cyclone Zena,TON,Tonga,Polynesia,Oceania,"Eua, Tongatapu, Ha'apai, Tongatapu, 'Eua, Vava'u islands (Administrative unit not available)",,,No,No,No,,,Kph,,,,2016,4,7,2016,4,7,,,,,,,,,,,,78.7679229975209,"[{""adm1_code"":2976,""adm1_name"":""Administrative unit not available""}]",2016-12-07,2023-09-25
2016-0201-AUS,No,nat-met-sto-bli,Natural,Meteorological,Storm,Blizzard/Winter storm,,,AUS,Australia,Australia and New Zealand,Oceania,"New South Wales, Queensland, Tasmania provinces",,Flood,No,No,No,,115,Kph,,,,2016,6,4,2016,6,5,5,,,,,,,310000,393561,500000,634776,78.7679229975209,"[{""adm1_code"":470,""adm1_name"":""New South Wales""},{""adm1_code"":473,""adm1_name"":""Queensland""},{""adm1_code"":475,""adm1_name"":""Tasmania""}]",2016-06-29,2023-09-25
2016-0392-SLB,No,nat-bio-epi-vir,Natural,Biological,Epidemic,Viral disease,,Dengue,SLB,Solomon Islands,Melanesia,Oceania,"Guadalcanal (including Honiara), Malaita, Isabel provinces",,,No,No,No,,,Vaccinated,,,,2016,10,8,2016,11,,15,1212,12030,,13242,,,,,,,78.7679229975209,,2016-11-17,2024-08-27
2016-0395-NZL,No,nat-geo-ear-tsu,Natural,Geophysical,Earthquake,Tsunami,GLIDE:EQ-2016-000116,,NZL,New Zealand,Australia and New Zealand,Oceania,"Culverden, Kaikoura (Canterbury province), Wellington province",,"Slide (land, mud, snow, rock)|Tsunami/Tidal wave",No,No,No,,7.8,Moment Magnitude,-42.725,173.064,,2016,11,14,2016,11,14,2,50,,,50,,,2100000,2666060,3900000,4951254,78.7679229975209,"[{""adm1_code"":2173,""adm1_name"":""Canterbury""},{""adm1_code"":2183,""adm1_name"":""Wellington""}]",2016-11-17,2023-09-25
2016-0428-AUS,No,nat-hyd-flo-flo,Natural,Hydrological,Flood,Flood (General),DFO:4399,,AUS,Australia,Australia and New Zealand,Oceania,"Victoria, South Australia provinces",Heay rains,,No,No,No,,634200.41,Km2,-33.277,139.898,,2016,9,10,2016,9,22,1,,280,,280,,,,,25000,31739,78.7679229975209,"[{""adm1_code"":474,""adm1_name"":""South Australia""},{""adm1_code"":476,""adm1_name"":""Victoria""}]",2016-11-21,2023-09-25
2016-0483-SLB,No,nat-geo-ear-gro,Natural,Geophysical,Earthquake,Ground movement,GLIDE:EQ-2016-000128,,SLB,Solomon Islands,Melanesia,Oceania,"Malaita, Makira-Ulawa, Temotu provinces",,Tsunami/Tidal wave,No,No,No,,7.8,Moment Magnitude,-10.676,161.33,,2016,12,8,2016,12,8,,1,9769,,9770,,,,,,,78.7679229975209,"[{""adm2_code"":25652,""adm2_name"":""Administrative unit not available""}]",2016-12-09,2023-09-25
2016-0515-AUS,No,nat-bio-epi-vir,Natural,Biological,Epidemic,Viral disease,,Dengue,AUS,Australia,Australia and New Zealand,Oceania,,,,No,No,No,,,Vaccinated,,,,2016,1,1,2016,1,30,,2016,,,2016,,,,,,,78.7679229975209,,2017-01-04,2023-09-25
2016-0528-VUT,No,nat-bio-epi-vir,Natural,Biological,Epidemic,Viral disease,GLIDE:EP-2017-000006-VUT,Dengue,VUT,Vanuatu,Melanesia,Oceania,"Efate, Urban Port vila; Sola (Torba); Luganville (Sanma); Emae (Shefa); Norsup (Malampa province); Lenakel (Tanna, Tafea province)",,,No,No,No,,,Vaccinated,,,,2016,11,30,2017,3,19,,351,,,351,,,,,,,78.7679229975209,,2017-02-08,2023-09-25
2016-0579-PNG,No,nat-hyd-flo-flo,Natural,Hydrological,Flood,Flood (General),,,PNG,Papua New Guinea,Melanesia,Oceania,"Jiwaka, Morobe, and Simbu provinces",Heavy rains,,Yes,No,No,,,Km2,,,,2016,2,,2016,2,,,,6600,,6600,,,,,,,78.7679229975209,"[{""adm1_code"":2300,""adm1_name"":""Morobe""}]",2021-08-04,2023-09-25
2016-9495-FSM,No,nat-cli-dro-dro,Natural,Climatological,Drought,Drought,,,FSM,Micronesia (Federated States of),Micronesia,Oceania,"Yap, Chuuk regions",,,No,No,Yes,,,Km2,,,,2016,,,2016,5,,,,100000,,100000,,,,,,,78.7679229975209,"[{""adm2_code"":21438,""adm2_name"":""Administrative unit not available""}]",2016-12-15,2023-09-25
2017-0049-PYF,No,nat-hyd-flo-flo,Natural,Hydrological,Flood,Flood (General),,,PYF,French Polynesia,Polynesia,Oceania,"Tahiti, Moorea",,,No,No,Yes,,,Km2,,,,2017,1,20,2017,1,23,,4,4500,500,5004,,,,,2000,2486,80.4457792619455,"[{""adm2_code"":16355,""adm2_name"":""Administrative unit not available""}]",2017-02-09,2023-09-25
2017-0072-AUS,No,nat-cli-wil-wil,Natural,Climatological,Wildfire,Wildfire (General),,Sir Ivan fire,AUS,Australia,Australia and New Zealand,Oceania,"New South Wales states (Dunedoo, Uarbry, Pappinbarra, Dondingalong, Kempsey, Boggabri, Narrabri, Mudgee)",,Heat wave,No,No,No,,59000,Km2,,,,2017,2,9,2017,2,13,,2,27,114,143,,,15000,18646,20000,24861,80.4457792619455,"[{""adm2_code"":5016,""adm2_name"":""Port Macquarie-Hastings (A)""},{""adm2_code"":5028,""adm2_name"":""Kempsey (A)""},{""adm2_code"":5056,""adm2_name"":""Narrabri (A)""},{""adm2_code"":154632,""adm2_name"":""Mid-Western Regional (A)""},{""adm2_code"":154642,""adm2_name"":""Warrumbungle Shire (A)""}]",2017-03-16,2023-09-25
2017-0105-AUS,No,nat-met-sto-tro,Natural,Meteorological,Storm,Tropical cyclone,GLIDE:TC-2017-000031,Debbie,AUS,Australia,Australia and New Zealand,Oceania,"Logan region; Queensland; Nouvelle-Galles du Sud, au sud du Queensland, Sydney; Bowen (Whitsunday), Mackay, Proserpine (Whitsunday), Airlie beach (Whitsunday Isl.)",,Flood,No,No,No,,263,Kph,,,Logan river,2017,3,27,2017,4,6,12,,45000,,45000,,,1400000,1740303,2700000,3356298,80.4457792619455,"[{""adm2_code"":154637,""adm2_name"":""Sydney (C)""},{""adm2_code"":154677,""adm2_name"":""Logan (C)""},{""adm2_code"":154679,""adm2_name"":""Mackay (R)""},{""adm2_code"":154701,""adm2_name"":""Whitsunday (R)""}]",2017-04-19,2023-09-25
2017-0222-NZL,No,nat-hyd-flo-flo,Natural,Hydrological,Flood,Flood (General),,,NZL,New Zealand,Australia and New Zealand,Oceania,"North Coast, North Island. From Auckland to Wellington, Titirangi, Kohimarama , Manawatu-Wanganui Region, Whanganui, Rangitikei, Whakat?ne districts, Bay of Plenty, Edgecumbe city, Minginui, Ruat?huna, Te Wh?iti and R??toki communities",Heavy rains,"Slide (land, mud, snow, rock)",No,No,Yes,,23530.76,Km2,-38.204,176.79,Whakatane and Rangitaiki Rivers,2017,4,5,2017,4,21,,,2200,,2200,,,65000,80800,71000,88258,80.4457792619455,"[{""adm1_code"":2171,""adm1_name"":""Auckland""},{""adm1_code"":2172,""adm1_name"":""Bay Of Plenty""},{""adm1_code"":2181,""adm1_name"":""Waikato""},{""adm1_code"":2182,""adm1_name"":""Wanganui-manawatu""},{""adm1_code"":2183,""adm1_name"":""Wellington""}]",2017-06-28,2023-09-25
2017-0231-VUT,No,nat-met-sto-tro,Natural,Meteorological,Storm,Tropical cyclone,GLIDE:TC-2017-000045,Tropical cyclone 'Donna',VUT,Vanuatu,Melanesia,Oceania,"Torba, Malampa, Sanma provinces",,,No,No,No,,215,Kph,,,,2017,5,7,2017,5,12,,,2564,,2564,,,,,,,80.4457792619455,"[{""adm1_code"":3296,""adm1_name"":""Malampa""},{""adm1_code"":3298,""adm1_name"":""Sanma""},{""adm1_code"":3301,""adm1_name"":""Torba""}]",2017-06-29,2023-09-25
2017-0319-NZL,No,nat-met-sto-bli,Natural,Meteorological,Storm,Blizzard/Winter storm,,,NZL,New Zealand,Australia and New Zealand,Oceania,"Otago (Dunedin, Taieri, Outram, Henley, Mosgiel, Oamaru, Milton), Canterbury (Christchurch, Selwyn, Timaru), Auckland, Wellington, Waikato (Waihi, Taupo, Rotorua), Bay of Plenty (Murupara), East Cape (Hicks Bay)",,Flood|Snow/ice,No,No,Yes,,,Kph,,,"Heathcote, Taieri",2017,7,21,2017,7,23,,,171,12,183,,,,,20000,24861,80.4457792619455,"[{""adm1_code"":2171,""adm1_name"":""Auckland""},{""adm1_code"":2172,""adm1_name"":""Bay Of Plenty""},{""adm1_code"":2173,""adm1_name"":""Canterbury""},{""adm1_code"":2174,""adm1_name"":""East Cape""},{""adm1_code"":2178,""adm1_name"":""Otago""},{""adm1_code"":2181,""adm1_name"":""Waikato""},{""adm1_code"":2183,""adm1_name"":""Wellington""}]",2017-08-04,2023-09-25
2017-0394-VUT,No,nat-geo-vol-ash,Natural,Geophysical,Volcanic activity,Ash fall,GLIDE:VO-2017-000140,Mt Monaro,VUT,Vanuatu,Melanesia,Oceania,"Ambae, Ni-Vanuatu island",,,No,No,Yes,,,,,,,2017,9,23,2017,10,2,,,11000,,11000,,,,,,,80.4457792619455,"[{""adm1_code"":3297,""adm1_name"":""Penama""}]",2017-09-28,2023-09-25
2017-0562-AUS,No,nat-met-sto-hai,Natural,Meteorological,Storm,Hail,,,AUS,Australia,Australia and New Zealand,Oceania,,,,No,No,No,,,Kph,,,,2017,3,6,2017,3,9,,,6000,,6000,,,390000,484799,490000,609106,80.4457792619455,,2018-03-14,2023-09-25
2018-0017-PNG,No,nat-geo-vol-vol,Natural,Geophysical,Volcanic activity,Volcanic activity (General),GLIDE:VO-2018-000002,,PNG,Papua New Guinea,Melanesia,Oceania,"Manot, Taragauo, Dong Sarakbano, Niukatnam, Rumgio (Kadovar islands)",,,No,No,No,,,,,,,2018,1,5,2018,1,6,,,736,,736,,,,,,,82.4106679610351,"[{""adm2_code"":37488,""adm2_name"":""Wewak""}]",2018-01-18,2023-09-25
2018-0042-TON,No,nat-met-sto-tro,Natural,Meteorological,Storm,Tropical cyclone,GLIDE:TC-2018-000102,Cyclone Gita,TON,Tonga,Polynesia,Oceania,"Tongatapu, Ha’apai and Eua islands",,Flood,Yes,No,Yes,,285,Kph,,,,2018,2,12,2018,2,13,,,87000,,87000,,,,,,,82.4106679610351,"[{""adm2_code"":27407,""adm2_name"":""Administrative unit not available""}]",2018-02-20,2023-09-25
2018-0042-WSM,No,nat-met-sto-tro,Natural,Meteorological,Storm,Tropical cyclone,GLIDE:TC-2018-000102,Cyclone Gita,WSM,Samoa,Polynesia,Oceania,,,Flood,No,No,No,,,Kph,,,,2018,2,12,2018,2,12,,,,,,,,,,,,82.4106679610351,"[{""adm1_code"":2618,""adm1_name"":""Administrative unit not available""}]",2018-02-20,2023-09-25
2018-0055-PNG,No,nat-geo-ear-gro,Natural,Geophysical,Earthquake,Ground movement,GLIDE:EQ-2018-000020,,PNG,Papua New Guinea,Melanesia,Oceania,Southern Highlandsand Hela provinces,,"Slide (land, mud, snow, rock)",Yes,No,No,,7.5,Moment Magnitude,-6.149,142.766,,2018,2,26,2018,2,26,145,300,544000,,544300,,,,,61000,74020,82.4106679610351,"[{""adm1_code"":2305,""adm1_name"":""Southern Highlands""}]",2018-02-27,2023-09-25
2018-0069-KIR,No,tec-tra-wat-wat,Technological,Transport,Water,Water,,,KIR,Kiribati,Micronesia,Oceania,,,,No,No,No,,,,,,,2018,1,19,2018,1,19,80,,7,,7,,,,,,,82.4106679610351,,2018-02-28,2023-09-25
2018-0101-FJI,No,nat-met-sto-tro,Natural,Meteorological,Storm,Tropical cyclone,,Cyclone 'Josie',FJI,Fiji,Melanesia,Oceania,Nadi,,Flood,No,No,No,,100,Kph,,,,2018,4,2,2018,4,2,7,,89950,,89950,,,,,10000,12134,82.4106679610351,"[{""adm2_code"":40203,""adm2_name"":""Ba""}]",2018-04-03,2025-03-18
2018-0123-AUS,No,nat-hyd-flo-flo,Natural,Hydrological,Flood,Flood (General),DFO:4579,,AUS,Australia,Australia and New Zealand,Oceania,"Ingham, Halifax, Innisfail (Northern Queensland)",,,No,No,Yes,,105583.27,Km2,-17.015,145.218,,2018,3,9,2018,3,11,,,600,,600,,,,,11400,13833,82.4106679610351,"[{""adm2_code"":154659,""adm2_name"":""Cassowary Coast (R)""},{""adm2_code"":154670,""adm2_name"":""Hinchinbrook (S)""}]",2018-04-16,2023-09-25
2018-0147-VUT,No,nat-geo-vol-ash,Natural,Geophysical,Volcanic activity,Ash fall,GLIDE:VO-2018-000044,Aoba (Manaro Voui),VUT,Vanuatu,Melanesia,Oceania,Ambae,,,No,No,Yes,,,,,,,2018,3,,2018,5,,,,6300,,6300,,,,,,,82.4106679610351,"[{""adm1_code"":3297,""adm1_name"":""Penama""}]",2018-05-22,2025-03-06
2018-0194-FJI,No,nat-met-sto-tro,Natural,Meteorological,Storm,Tropical cyclone,GLIDE:TC-2018-000037,Tropical cyclone 'Keni',FJI,Fiji,Melanesia,Oceania,"Sigatoka, Nadi, Lautoka, Ba, Tavua, Rakiraki, Nalawa, Labasa, Suva- Kadavu, Levuka, Savusavu",,,No,No,No,,,Kph,,,,2018,4,9,2018,4,11,,,89250,,89250,,,,,50000,60672,82.4106679610351,"[{""adm2_code"":40193,""adm2_name"":""Rewa""},{""adm2_code"":40195,""adm2_name"":""Tailevu""},{""adm2_code"":40196,""adm2_name"":""Kadavu""},{""adm2_code"":40201,""adm2_name"":""Cakaudrove""},{""adm2_code"":40202,""adm2_name"":""Macuata""},{""adm2_code"":40203,""adm2_name"":""Ba""},{""adm2_code"":40204,""adm2_name"":""Nadroga \u0026 Navosa""},{""adm2_code"":40205,""adm2_name"":""Ra""}]",2018-07-12,2023-09-25
2018-0316-PNG,No,nat-geo-ear-gro,Natural,Geophysical,Earthquake,Ground movement,,,PNG,Papua New Guinea,Melanesia,Oceania,South Highlands,,,No,No,No,,,Moment Magnitude,-6.307,142.62,,2018,3,5,2018,3,5,11,,,,,,,,,,,82.4106679610351,"[{""adm1_code"":2305,""adm1_name"":""Southern Highlands""}]",2018-08-29,2023-09-25
2018-0317-PNG,No,nat-geo-ear-gro,Natural,Geophysical,Earthquake,Ground movement,,,PNG,Papua New Guinea,Melanesia,Oceania,Hela (South Highlands),,,No,No,No,,6.7,Moment Magnitude,-6.294,142.607,,2018,3,7,2018,3,7,25,,,,,,,,,,,82.4106679610351,"[{""adm1_code"":2305,""adm1_name"":""Southern Highlands""}]",2018-08-29,2023-09-25
2018-0399-MNP,No,nat-met-sto-tro,Natural,Meteorological,Storm,Tropical cyclone,,Typhoon 'Yutu' (Rosita),MNP,Northern Mariana Islands,Micronesia,Oceania,"Tinian, Saipan",,,No,No,No,,290,Kph,,,,2018,10,25,2018,10,25,2,,,,,,,,,,,82.4106679610351,"[{""adm1_code"":2243,""adm1_name"":""Administrative unit not available""}]",2018-11-26,2023-09-25
2018-0456-VUT,No,nat-geo-vol-ash,Natural,Geophysical,Volcanic activity,Ash fall,GLIDE:VO-2018-000424,Ambryn,VUT,Vanuatu,Melanesia,Oceania,Malampa province,,Earthquake,No,No,No,,,,,,,2018,12,15,2018,12,18,,,7286,,7286,,,,,,,82.4106679610351,"[{""adm1_code"":3296,""adm1_name"":""Malampa""}]",2019-01-02,2023-09-25
2018-0459-AUS,No,nat-met-ext-hea,Natural,Meteorological,Extreme temperature,Heat wave,,,AUS,Australia,Australia and New Zealand,Oceania,,,,No,No,No,,49.3,°C,,,,2018,12,,2019,1,,,,,,,,,,,,,82.4106679610351,,2019-01-02,2023-09-25
2018-0469-MHL,No,nat-met-sto-tro,Natural,Meteorological,Storm,Tropical cyclone,GLIDE:TC-2018-000427,Tropical cyclone 'Penny',MHL,Marshall Islands,Micronesia,Oceania,,,,No,No,Yes,,,Kph,,,,2019,1,5,2019,1,5,,,,,,,,,,,,83.9041700601057,"[{""adm1_code"":2002,""adm1_name"":""Administrative unit not available""}]",2019-01-17,2023-09-25
2018-0469-SLB,No,nat-met-sto-tro,Natural,Meteorological,Storm,Tropical cyclone,GLIDE:TC-2018-000427,Tropical cyclone 'Penny',SLB,Solomon Islands,Melanesia,Oceania,"Malaita, Western, Guadalcana, Isabel, Makita provinces",,Flood,No,No,No,,,Kph,,,,2018,12,29,2018,12,29,,,1000,,1000,,,,,,,82.4106679610351,"[{""adm1_code"":2687,""adm1_name"":""Administrative unit not available""}]",2019-01-16,2023-09-25
2018-0481-PLW,No,nat-bio-epi-vir,Natural,Biological,Epidemic,Viral disease,,Dengue,PLW,Palau,Micronesia,Oceania,"Koror, Airai, Ngarchelong, Melekeok, Aimeliik, Ngeremlengui, Peleliu, Ngchesar states",,,No,No,No,,,Vaccinated,,,,2018,12,7,2019,3,17,,124,,,124,,,,,,,82.4106679610351,,2019-03-20,2023-09-25
2018-0485-NZL,No,nat-hyd-flo-flo,Natural,Hydrological,Flood,Flood (General),,,NZL,New Zealand,Australia and New Zealand,Oceania,"Gisborne, Hawk's Bay region",Heavy rains,,No,No,No,,,Km2,,,,2018,6,11,2018,6,11,,,100,,100,,,,,25000,30336,82.4106679610351,"[{""adm1_code"":2175,""adm1_name"":""Hawke's Bay""}]",2019-03-22,2023-09-25
2018-9258-AUS,No,nat-cli-dro-dro,Natural,Climatological,Drought,Drought,,,AUS,Australia,Australia and New Zealand,Oceania,"New South Wales, Victoria , Queensland",Lack of rainfall and anomalous warmth,,No,No,No,,,Km2,,,,2018,1,,2018,8,,,,,,,,,,,1200000,1456122,82.4106679610351,"[{""adm1_code"":470,""adm1_name"":""New South Wales""},{""adm1_code"":473,""adm1_name"":""Queensland""},{""adm1_code"":476,""adm1_name"":""Victoria""}]",2018-08-08,2023-09-25
2019-0028-AUS,No,nat-hyd-flo-riv,Natural,Hydrological,Flood,Riverine flood,,,AUS,Australia,Australia and New Zealand,Oceania,"Townsville, Daintree, Giru (Queensland)",Heavy rains,,No,No,Yes,,,Km2,,,Daintree,2019,1,27,2019,2,9,3,,9900,,9900,,,635000,756816,2000000,2383672,83.9041700601057,"[{""adm2_code"":5152,""adm2_name"":""Burdekin (S)""},{""adm2_code"":154657,""adm2_name"":""Cairns (R)""},{""adm2_code"":154698,""adm2_name"":""Townsville (C)""}]",2019-01-28,2023-09-25
2019-0084-AUS,No,nat-cli-wil-lan,Natural,Climatological,Wildfire,"Land fire (Brush, Bush, Pasture)",,,AUS,Australia,Australia and New Zealand,Oceania,Gippsland region (South-east Victoria state),Heat wave and lighthening,Heat wave,No,No,No,,,Km2,,,,2019,3,1,2019,3,20,,,600,27,627,,,,,,,83.9041700601057,"[{""adm2_code"":5372,""adm2_name"":""East Gippsland (S)""},{""adm2_code"":5414,""adm2_name"":""South Gippsland (S)""}]",2019-03-06,2023-09-25
2019-0098-PNG,No,nat-hyd-flo-fla,Natural,Hydrological,Flood,Flash flood,,,PNG,Papua New Guinea,Melanesia,Oceania,"Gazelle, Pomio, Rabaul, Kokopo districts (East New Britain province)",Heavy rains,"Slide (land, mud, snow, rock)",No,No,No,,,Km2,,,,2019,2,11,2019,2,25,2,,,350,350,,,,,,,83.9041700601057,"[{""adm1_code"":2292,""adm1_name"":""East New Britain""}]",2019-03-08,2024-10-25
2019-0124-FSM,No,nat-met-sto-tro,Natural,Meteorological,Storm,Tropical cyclone,,Cyclone 'Wutip',FSM,Micronesia (Federated States of),Micronesia,Oceania,"Chuuk, Pohnpei, Yap Isl.",,,Yes,No,Yes,,100,Kph,,,,2019,2,19,2019,2,22,,,10000,,10000,,,,,,,83.9041700601057,"[{""adm1_code"":2060,""adm1_name"":""Administrative unit not available""}]",2019-03-25,2023-09-25
2019-0158-PNG,No,nat-hyd-mmw-lan,Natural,Hydrological,Mass movement (wet),Landslide (wet),,,PNG,Papua New Guinea,Melanesia,Oceania,"Tsak valley (Wapenamanda District, Enga Province, Highlands Region)",Heavy rains,,No,No,No,,,,,,,2019,4,15,2019,4,15,10,,,,,,,,,,,83.9041700601057,"[{""adm2_code"":37500,""adm2_name"":""Wapenamanda""}]",2019-04-18,2023-09-25
2019-0271-PNG,No,nat-geo-ear-gro,Natural,Geophysical,Earthquake,Ground movement,,,PNG,Papua New Guinea,Melanesia,Oceania,"New Ireland, New Britain, Duke of York Islands",,,No,No,No,,7.6,Moment Magnitude,-4.051,152.6,,2019,5,14,2019,5,14,,1,650,,651,,,,,,,83.9041700601057,"[{""adm1_code"":2292,""adm1_name"":""East New Britain""},{""adm1_code"":2302,""adm1_name"":""New Ireland""},{""adm1_code"":2306,""adm1_name"":""West New Britain""}]",2019-06-20,2023-09-25
2019-0298-PNG,No,nat-geo-vol-ash,Natural,Geophysical,Volcanic activity,Ash fall,,Mount Ulawun and Manam,PNG,Papua New Guinea,Melanesia,Oceania,West New Britain,,,No,No,No,,,,,,,2019,6,28,2019,6,28,,,15800,,15800,,,,,,,83.9041700601057,"[{""adm1_code"":2306,""adm1_name"":""West New Britain""}]",2019-07-05,2023-09-25
2019-0528-TON,No,nat-bio-epi-vir,Natural,Biological,Epidemic,Viral disease,,Measles,TON,Tonga,Polynesia,Oceania,,,,No,No,No,,,Vaccinated,,,,2019,10,,2019,10,28,,107,,,107,,,,,,,83.9041700601057,,2019-10-30,2023-09-25
2019-0531-FJI,No,nat-bio-epi-vir,Natural,Biological,Epidemic,Viral disease,GLIDE:EP-2019-000139,Measles,FJI,Fiji,Melanesia,Oceania,"Wainadoi, Nabukavesi, Namosi, Navua, Deuba",,,No,No,No,,,Vaccinated,,,,2019,11,,2019,11,,,14,,,14,,,,,,,83.9041700601057,,2019-11-25,2023-09-25
2019-0531-TON,No,nat-bio-epi-vir,Natural,Biological,Epidemic,Viral disease,GLIDE:EP-2019-000139,Measles,TON,Tonga,Polynesia,Oceania,,,,No,No,No,,,Vaccinated,,,,2019,10,22,2019,11,19,,394,,,394,,,,,,,83.9041700601057,,2019-11-25,2023-09-25
2019-0531-WSM,No,nat-bio-epi-vir,Natural,Biological,Epidemic,Viral disease,GLIDE:EP-2019-000139,Measles,WSM,Samoa,Polynesia,Oceania,Upolu and Savaii,,,No,No,Yes,,54046,Vaccinated,,,,2019,8,,2020,1,,83,5617,,,5617,,,,,,,83.9041700601057,"[{""adm1_code"":2618,""adm1_name"":""Administrative unit not available""}]",2019-11-04,2023-09-25
2019-0545-AUS,No,nat-cli-wil-lan,Natural,Climatological,Wildfire,"Land fire (Brush, Bush, Pasture)",GLIDE:WF-2019-000183,Currowan,AUS,Australia,Australia and New Zealand,Oceania,"New South Wales, Queensland; Victoria; South Australia, Western Australia",High temperatures and dry conditions,Heat wave|Pollution,No,No,Yes,,169967,Km2,,,,2019,9,1,2020,2,,32,24,1959,6900,8883,,,,,2000000,2383672,83.9041700601057,"[{""adm1_code"":470,""adm1_name"":""New South Wales""},{""adm1_code"":473,""adm1_name"":""Queensland""},{""adm1_code"":474,""adm1_name"":""South Australia""},{""adm1_code"":476,""adm1_name"":""Victoria""},{""adm1_code"":477,""adm1_name"":""Western Australia""}]",2019-11-19,2023-09-25
2019-0598-NZL,No,nat-geo-vol-ash,Natural,Geophysical,Volcanic activity,Ash fall,,Whakaari/White Island volcano,NZL,New Zealand,Australia and New Zealand,Oceania,Whakaari/White Island,,,No,No,No,,,,,,,2019,12,9,2019,12,9,21,23,,,23,,,,,,,83.9041700601057,"[{""adm1_code"":2172,""adm1_name"":""Bay Of Plenty""}]",2019-12-09,2025-03-18
2019-0642-FJI,No,nat-met-sto-tro,Natural,Meteorological,Storm,Tropical cyclone,GLIDE:TC-2019-000180,Tropical cyclone 'Sarai',FJI,Fiji,Melanesia,Oceania,"Ba, Nadroga, Lau, Kadavu",,,No,No,No,,,Kph,,,,2019,12,26,2019,12,26,1,,7780,,7780,,,,,,,83.9041700601057,"[{""adm2_code"":40196,""adm2_name"":""Kadavu""},{""adm2_code"":40197,""adm2_name"":""Lau""},{""adm2_code"":40203,""adm2_name"":""Ba""},{""adm2_code"":40204,""adm2_name"":""Nadroga \u0026 Navosa""}]",2020-01-03,2023-09-25
2020-0015-FJI,No,nat-met-sto-tro,Natural,Meteorological,Storm,Tropical cyclone,,Cyclone 'Tino',FJI,Fiji,Melanesia,Oceania,Viti Levu Island,,,No,No,No,,155,Kph,,,,2020,1,17,2020,1,18,2,,3115,,3115,,,,,,,84.9391981293886,"[{""adm1_code"":40187,""adm1_name"":""Central""},{""adm1_code"":40190,""adm1_name"":""Western""}]",2020-01-20,2023-09-25
2020-0015-TUV,No,nat-met-sto-tro,Natural,Meteorological,Storm,Tropical cyclone,,Cyclone 'Tino',TUV,Tuvalu,Polynesia,Oceania,,,,No,No,Yes,,,Kph,,,,2020,1,18,2020,1,18,,,5500,,5500,,,,,,,84.9391981293886,"[{""adm1_code"":3103,""adm1_name"":""Administrative unit not available""}]",2020-02-03,2023-09-25
2020-0019-AUS,No,nat-met-sto-lig,Natural,Meteorological,Storm,Lightning/Thunderstorms,,,AUS,Australia,Australia and New Zealand,Oceania,"New South Wales , Victoria States",,"Flood|Slide (land, mud, snow, rock)",No,No,Yes,,,Kph,,,,2020,1,19,2020,1,21,,,,,,,,1000000,1177313,1500000,1765969,84.9391981293886,"[{""adm1_code"":470,""adm1_name"":""New South Wales""},{""adm1_code"":476,""adm1_name"":""Victoria""}]",2020-01-22,2023-09-25
2020-0043-NZL,No,nat-hyd-flo-flo,Natural,Hydrological,Flood,Flood (General),,,NZL,New Zealand,Australia and New Zealand,Oceania,Gore district (Southland); Clutha District (Otago),Hevay rains,,No,No,Yes,,,Km2,,,Matura,2020,2,1,2020,2,5,,,2400,,2400,,,,,29000,34142,84.9391981293886,"[{""adm1_code"":2178,""adm1_name"":""Otago""},{""adm1_code"":2179,""adm1_name"":""Southland""}]",2020-02-05,2023-09-25
2020-0047-PNG,No,nat-hyd-flo-fla,Natural,Hydrological,Flood,Flash flood,,,PNG,Papua New Guinea,Melanesia,Oceania,Mul-Baiyer District (Western Highlinds Province),,,No,No,No,,,Km2,,,Kuma River,2020,2,5,2020,2,6,7,,200,,200,,,,,,,84.9391981293886,"[{""adm2_code"":37564,""adm2_name"":""Hagen North""}]",2020-02-06,2024-10-25
2020-0053-AUS,No,nat-hyd-flo-flo,Natural,Hydrological,Flood,Flood (General),DFO:4873,,AUS,Australia,Australia and New Zealand,Oceania,New South Wales,Heavy rains,Storm,No,No,No,,,Km2,,,,2020,2,4,2020,2,11,1,,,,,,,,,1200000,1412775,84.9391981293886,"[{""adm1_code"":470,""adm1_name"":""New South Wales""}]",2020-02-11,2024-04-12
2020-0111-PNG,No,nat-hyd-flo-flo,Natural,Hydrological,Flood,Flood (General),,,PNG,Papua New Guinea,Melanesia,Oceania,"Western Highlands, Chimbu provinces",Heavy rains,"Slide (land, mud, snow, rock)",No,No,No,,,Km2,,,Wahgi River,2020,3,21,2020,3,24,12,,700,,700,,,,,,,84.9391981293886,"[{""adm1_code"":2291,""adm1_name"":""Chimbu""},{""adm1_code"":2309,""adm1_name"":""Western Highlands""}]",2020-03-26,2024-04-12
2020-0132-FJI,No,nat-met-sto-tro,Natural,Meteorological,Storm,Tropical cyclone,GLIDE:TC-2020-000049|GLIDE:TC-2020-000051,Cyclone 'Harold',FJI,Fiji,Melanesia,Oceania,"Kadavvu, Southern Lau, Matuku, Vatulele",,,No,No,No,,,Kph,,,,2020,4,8,2020,4,9,1,,180000,,180000,,,,,13000,15305,84.9391981293886,"[{""adm2_code"":40196,""adm2_name"":""Kadavu""},{""adm2_code"":40197,""adm2_name"":""Lau""},{""adm2_code"":40204,""adm2_name"":""Nadroga \u0026 Navosa""}]",2020-04-16,2023-09-25
2020-0132-SLB,No,nat-met-sto-tro,Natural,Meteorological,Storm,Tropical cyclone,GLIDE:TC-2020-000049|GLIDE:TC-2020-000051,Cyclone 'Harold',SLB,Solomon Islands,Melanesia,Oceania,"Espiritu Santo, Malakula, Ambae, Pentecost, Maewo Islands; Guadalcanal, Makira-Ulawa, and Rennell and Bellona provinces",,Transport accident,No,No,No,,215,Kph,,,,2020,4,2,2020,4,3,48,,150000,,150000,,,,,,,84.9391981293886,"[{""adm1_code"":2687,""adm1_name"":""Administrative unit not available""}]",2020-04-06,2024-04-12
2020-0132-TON,No,nat-met-sto-tro,Natural,Meteorological,Storm,Tropical cyclone,GLIDE:TC-2020-000049|GLIDE:TC-2020-000051,Cyclone 'Harold',TON,Tonga,Polynesia,Oceania,"Tongatapu, 'Eua",,,No,No,No,,222,Kph,,,,2020,4,6,2020,4,9,,,25000,,25000,,,,,111000,130682,84.9391981293886,"[{""adm1_code"":2976,""adm1_name"":""Administrative unit not available""}]",2020-04-16,2023-09-25
2020-0132-VUT,No,nat-met-sto-tro,Natural,Meteorological,Storm,Tropical cyclone,GLIDE:TC-2020-000049|GLIDE:TC-2020-000051,Cyclone 'Harold',VUT,Vanuatu,Melanesia,Oceania,"Pentecost, Espiritu Santo, Penama, Sanma, Malampa, Shefa, Torba",,,No,No,No,,252,Kph,,,,2020,4,6,2020,4,6,3,120,130000,,130120,,,,,,,84.9391981293886,"[{""adm1_code"":3297,""adm1_name"":""Penama""},{""adm1_code"":3298,""adm1_name"":""Sanma""}]",2020-04-16,2023-09-25
2020-0138-PNG,No,nat-hyd-flo-riv,Natural,Hydrological,Flood,Riverine flood,,,PNG,Papua New Guinea,Melanesia,Oceania,"Moripi, Toaripi, Taure Lakekamu, Malalaua Urban, Kaipi Melaripi, Kerema Urban, Ihu East, Ihu West and Baimuru",Torrential rains,,No,No,No,,,Km2,,,Rumu river,2020,4,4,2020,4,7,,,60000,,60000,,,,,,,84.9391981293886,,2020-04-08,2023-09-25
2020-0146-PNG,No,nat-hyd-mmw-lan,Natural,Hydrological,Mass movement (wet),Landslide (wet),,,PNG,Papua New Guinea,Melanesia,Oceania,"Kundiawa-Gembogl District, Chimbu Province",Heavy rains,,No,No,No,,,,,,,2020,4,10,2020,4,10,10,,100,,100,,,,,,,84.9391981293886,"[{""adm2_code"":37476,""adm2_name"":""Gembogl""},{""adm2_code"":37480,""adm2_name"":""Kundiawa""}]",2020-04-16,2023-09-25
2020-0428-NZL,No,nat-cli-wil-for,Natural,Climatological,Wildfire,Forest fire,,,NZL,New Zealand,Australia and New Zealand,Oceania,Lake Ohau (Canterbury),High winds,,No,No,No,,,Km2,,,,2020,10,4,2020,10,5,,,195,,195,,,,,10000,11773,84.9391981293886,"[{""adm1_code"":2173,""adm1_name"":""Canterbury""}]",2020-10-15,2023-09-25
2020-0543-NZL,No,nat-hyd-flo-flo,Natural,Hydrological,Flood,Flood (General),,,NZL,New Zealand,Australia and New Zealand,Oceania,Napier (Hawke’s Bay region),Heavy rains,,No,No,Yes,,,Km2,,,,2020,11,9,2020,11,10,,,300,,300,,,,,71000,83589,84.9391981293886,"[{""adm1_code"":2175,""adm1_name"":""Hawke's Bay""}]",2020-12-10,2023-09-25
2020-0554-FJI,No,nat-met-sto-tro,Natural,Meteorological,Storm,Tropical cyclone,GLIDE:TC-2020-000238,Cyclone 'Yasa',FJI,Fiji,Melanesia,Oceania,"Lau group, Vanua Levu, Taveuni, Kadavu",,"Flood|Slide (land, mud, snow, rock)",Yes,No,Yes,,,Kph,,,,2020,12,17,2020,12,18,5,,22000,,22000,,,,,1120,1319,84.9391981293886,"[{""adm2_code"":40196,""adm2_name"":""Kadavu""},{""adm2_code"":40197,""adm2_name"":""Lau""},{""adm2_code"":40200,""adm2_name"":""Bua""},{""adm2_code"":40201,""adm2_name"":""Cakaudrove""},{""adm2_code"":40202,""adm2_name"":""Macuata""}]",2020-12-18,2023-11-10
2020-0571-PNG,No,nat-hyd-mmw-lan,Natural,Hydrological,Mass movement (wet),Landslide (wet),,,PNG,Papua New Guinea,Melanesia,Oceania,Saki village (Goilala district),Heavy rains,,No,No,No,,,,,,,2020,12,29,2020,12,30,13,,,,,,,,,,,84.9391981293886,"[{""adm2_code"":37471,""adm2_name"":""Goilala""}]",2021-01-04,2023-09-25
2020-0595-AUS,No,nat-met-sto-hai,Natural,Meteorological,Storm,Hail,,,AUS,Australia,Australia and New Zealand,Oceania,Brisbane,,,No,No,Yes,,,Kph,,,,2020,10,31,2020,10,31,,,,,,,,,,1200000,1412775,84.9391981293886,"[{""adm2_code"":154654,""adm2_name"":""Brisbane (C)""}]",2021-02-16,2023-09-25
2021-0058-AUS,No,nat-cli-wil-lan,Natural,Climatological,Wildfire,"Land fire (Brush, Bush, Pasture)",,,AUS,Australia,Australia and New Zealand,Oceania,Perth region,,,No,No,No,,,Km2,,,,2021,2,1,2021,2,7,,,,243,243,,,46000,51726,120000,134938,88.9294934772074,"[{""adm2_code"":5533,""adm2_name"":""Perth (C)""}]",2021-02-05,2023-09-25
2021-0070-FJI,No,nat-met-sto-tro,Natural,Meteorological,Storm,Tropical cyclone,,Tropical cyclone 'Ana',FJI,Fiji,Melanesia,Oceania,Viti levu,,,No,No,No,,140,Kph,,,,2021,1,30,2021,1,31,6,,82751,,82751,,,,,10000,11245,88.9294934772074,"[{""adm2_code"":40191,""adm2_name"":""Naitasiri""},{""adm2_code"":40192,""adm2_name"":""Namosi""},{""adm2_code"":40193,""adm2_name"":""Rewa""},{""adm2_code"":40194,""adm2_name"":""Serua""},{""adm2_code"":40195,""adm2_name"":""Tailevu""},{""adm2_code"":40203,""adm2_name"":""Ba""},{""adm2_code"":40204,""adm2_name"":""Nadroga \u0026 Navosa""},{""adm2_code"":40205,""adm2_name"":""Ra""}]",2021-02-08,2023-09-25
2021-0103-AUS,No,nat-hyd-flo-flo,Natural,Hydrological,Flood,Flood (General),,,AUS,Australia,Australia and New Zealand,Oceania,Northern Territory State,Heavy rains,,No,No,No,,,Km2,,,,2021,2,23,2021,2,26,,,250,,250,,,,,,,88.9294934772074,"[{""adm1_code"":471,""adm1_name"":""Northern Territory""}]",2021-02-26,2023-09-25
2021-0125-AUS,No,nat-met-sto-tro,Natural,Meteorological,Storm,Tropical cyclone,,Tropial cylone 'Niran',AUS,Australia,Australia and New Zealand,Oceania,Queensland and New South Wales,,Flood,No,No,No,,120,Kph,,,,2021,2,25,2021,3,4,,,6000,,6000,,,,,155000,174295,88.9294934772074,"[{""adm1_code"":470,""adm1_name"":""New South Wales""},{""adm1_code"":473,""adm1_name"":""Queensland""}]",2021-03-15,2023-09-25
2021-0125-NCL,No,nat-met-sto-tro,Natural,Meteorological,Storm,Tropical cyclone,,Tropial cylone 'Niran',NCL,New Caledonia,Melanesia,Oceania,,,,No,No,No,,,Kph,,,,2021,3,5,2021,3,7,,,,,,,,,,,,88.9294934772074,"[{""adm1_code"":2170,""adm1_name"":""Administrative unit not available""}]",2021-04-12,2023-09-25
2021-0169-AUS,No,nat-hyd-flo-flo,Natural,Hydrological,Flood,Flood (General),,,AUS,Australia,Australia and New Zealand,Oceania,"Greater Sidney, Hunter, Mid North Coast, Clearance Nambucca Regions (New South Wales); Queensland",Heavy rains,,No,No,No,,,Km2,,,,2021,3,18,2021,3,19,2,,18000,,18000,,,410000,461039,2100000,2361421,88.9294934772074,"[{""adm1_code"":470,""adm1_name"":""New South Wales""},{""adm1_code"":473,""adm1_name"":""Queensland""}]",2021-03-22,2024-10-28
2021-0173-AUS,No,nat-met-sto-tro,Natural,Meteorological,Storm,Tropical cyclone,,Tropical cyclone 'Seroja-21',AUS,Australia,Australia and New Zealand,Oceania,Kalbarri and Northampton Town,,,No,No,No,,155,Kph,,,,2021,4,11,2021,4,11,1,,2625,,2625,,,,,530000,595978,88.9294934772074,"[{""adm2_code"":5529,""adm2_name"":""Northampton (S)""}]",2021-04-13,2023-09-25
2021-0236-PLW,No,nat-met-sto-tro,Natural,Meteorological,Storm,Tropical cyclone,GLIDE:TC-2021-000040,Tropical cyclone 'Surigae',PLW,Palau,Micronesia,Oceania,"Anguar, Peleliu, Kayangel, Koror",,Surge,Yes,No,No,,136,Kph,,,,2021,4,13,2021,4,16,,,7288,,7288,,,,,,,88.9294934772074,"[{""adm1_code"":2278,""adm1_name"":""Administrative unit not available""}]",2021-07-27,2023-09-25
2021-0298-NZL,No,nat-hyd-flo-flo,Natural,Hydrological,Flood,Flood (General),,,NZL,New Zealand,Australia and New Zealand,Oceania,"West Coast, Auckland and Otago (Canterbury Region)",Heavy rains,,No,No,Yes,,,Km2,,,,2021,5,29,2021,6,1,,,750,,750,,,,,50000,56224,88.9294934772074,"[{""adm1_code"":2171,""adm1_name"":""Auckland""},{""adm1_code"":2178,""adm1_name"":""Otago""}]",2021-06-21,2023-09-25
2021-0317-NZL,No,nat-met-sto-tor,Natural,Meteorological,Storm,Tornado,,,NZL,New Zealand,Australia and New Zealand,Oceania,"Aukland City (North Island, northern New Zealand)",,,No,No,No,,,Kph,,,,2021,6,19,2021,6,19,1,,750,,750,,,,,30000,33735,88.9294934772074,"[{""adm1_code"":2171,""adm1_name"":""Auckland""}]",2021-06-22,2023-09-25
2021-0334-AUS,No,nat-hyd-flo-fla,Natural,Hydrological,Flood,Flash flood,,,AUS,Australia,Australia and New Zealand,Oceania,"Victoria, New South Wales, Queensland, and South Australia",,,No,No,No,,,Km2,,,,2021,6,9,2021,6,11,2,,600,,600,,,317000,356462,330000,371080,88.9294934772074,"[{""adm1_code"":470,""adm1_name"":""New South Wales""},{""adm1_code"":473,""adm1_name"":""Queensland""},{""adm1_code"":474,""adm1_name"":""South Australia""},{""adm1_code"":476,""adm1_name"":""Victoria""}]",2021-06-23,2024-10-30
2021-0499-NZL,No,nat-hyd-flo-flo,Natural,Hydrological,Flood,Flood (General),,,NZL,New Zealand,Australia and New Zealand,Oceania,Marlborough and Buller districts,,"Slide (land, mud, snow, rock)",No,No,Yes,,,Km2,,,,2021,7,15,2021,7,17,,,200,,200,,,,,140000,157428,88.9294934772074,"[{""adm1_code"":2176,""adm1_name"":""Nelson-marlborough""},{""adm1_code"":2184,""adm1_name"":""Westland""}]",2021-08-12,2023-09-25
2021-0611-NZL,No,nat-hyd-flo-flo,Natural,Hydrological,Flood,Flood (General),,,NZL,New Zealand,Australia and New Zealand,Oceania,"Kumeu, Huapai, Ranui, Piha and Henderson Valley communities (Auckland area)",Heavy rains,,No,No,No,,,Km2,,,,2021,8,30,2021,9,1,,,180,,180,,,,,57000,64096,88.9294934772074,"[{""adm1_code"":2171,""adm1_name"":""Auckland""}]",2021-09-17,2023-09-25
2021-0807-AUS,No,nat-hyd-flo-flo,Natural,Hydrological,Flood,Flood (General),,,AUS,Australia,Australia and New Zealand,Oceania,New South Wales and Queensland,,,No,No,No,,,Km2,,,Upper Lachlan River,2021,11,15,2021,12,1,2,,1000,,1000,,,,,100000,112449,88.9294934772074,"[{""adm1_code"":470,""adm1_name"":""New South Wales""},{""adm1_code"":473,""adm1_name"":""Queensland""}]",2021-12-15,2024-10-28
2021-0847-VUT,No,nat-geo-vol-ash,Natural,Geophysical,Volcanic activity,Ash fall,GLIDE:VO-2021-000174,Volcano 'Yasur',VUT,Vanuatu,Melanesia,Oceania,,,,No,No,No,,,,,,,2021,10,21,2021,10,22,,,3383,,3383,,,,,,,88.9294934772074,,2022-03-02,2023-09-25
2021-9547-TUV,No,nat-cli-dro-dro,Natural,Climatological,Drought,Drought,GLIDE:DR-2021-000120,,TUV,Tuvalu,Polynesia,Oceania,"Funafuti with Nukufetau (central); Nanumea, Nanumaga, Niutao, Nui, Vaitupu (northern)",,,No,No,No,,,Km2,,,,2021,1,,2021,6,,,,10204,,10204,,,,,,,88.9294934772074,"[{""adm1_code"":3103,""adm1_name"":""Administrative unit not available""}]",2021-08-27,2023-09-25
2022-0013-FJI,No,nat-met-sto-tro,Natural,Meteorological,Storm,Tropical cyclone,,Tropical storm 'Cody',FJI,Fiji,Melanesia,Oceania,"Tavua Town, Nadi City (Viti Levu)",,Flood,No,No,No,,74,Kph,,,,2022,1,8,2022,1,11,1,,69564,,69564,,,,,25000,26029,96.0463421255491,"[{""adm2_code"":40203,""adm2_name"":""Ba""}]",2022-01-12,2025-03-18
2022-0026-TON,No,nat-geo-vol-ash,Natural,Geophysical,Volcanic activity,Ash fall,GLIDE:VO-2022-000005,Hunga-Tonga-Hunga-Ha'apai,TON,Tonga,Polynesia,Oceania,Hunga Tonga-Hunga Ha’apai; Nuku’alofa; Uoleva; Uiha and Nomuka,,Tsunami/Tidal wave,No,Yes,Yes,,,,,,,2022,1,15,2022,1,15,4,,84176,,84176,,,,,118000,122857,96.0463421255491,"[{""adm1_code"":2976,""adm1_name"":""Administrative unit not available""}]",2022-01-19,2024-04-23
2022-0046-AUS,No,nat-hyd-flo-flo,Natural,Hydrological,Flood,Flood (General),,,AUS,Australia,Australia and New Zealand,Oceania,Eastern Queensland,Remanant Tropical Cyclone Seth,,No,No,No,,,Km2,,,,2022,1,8,2022,1,13,2,,200,,200,,,,,80000,83293,96.0463421255491,"[{""adm1_code"":473,""adm1_name"":""Queensland""}]",2022-01-21,2023-09-25
2022-0103-AUS,No,nat-hyd-flo-flo,Natural,Hydrological,Flood,Flood (General),,,AUS,Australia,Australia and New Zealand,Oceania,"Mount Glorious, Bracken Ridge, Clontarf, Cooran, Pomona, Alderley, Lower Springbrook, Brisbane, Gympie , Sunshine Coast, Gold Coast i(south-eastern Queensland); Uki, Kunghur, Rosebank, Rous River, Nimbin, Mullumbimby, Bentley, Nana Glen , Blackbutt , Sydney , Warragamba (New South Wales)",Heavy rains,,No,No,Yes,,,Km2,,,Brisbane and Mary Rivers,2022,2,22,2022,3,3,22,,54000,,54000,,,3900000,4060540,6600000,6871683,96.0463421255491,"[{""adm1_code"":470,""adm1_name"":""New South Wales""},{""adm2_code"":154667,""adm2_name"":""Gold Coast (C)""},{""adm2_code"":154693,""adm2_name"":""Sunshine Coast (R)""}]",2022-02-24,2024-10-28
2022-0183-AUS,No,nat-hyd-flo-flo,Natural,Hydrological,Flood,Flood (General),,,AUS,Australia,Australia and New Zealand,Oceania,South-east Queensland (QLD); northern New South Wales (NSW),Heavy rains,,No,No,No,,,Km2,,,,2022,3,25,2022,3,31,4,12,6000,,6012,,,,,,,96.0463421255491,"[{""adm1_code"":470,""adm1_name"":""New South Wales""},{""adm1_code"":473,""adm1_name"":""Queensland""}]",2022-03-31,2025-03-18
2022-0396-AUS,No,nat-hyd-flo-flo,Natural,Hydrological,Flood,Flood (General),,,AUS,Australia,Australia and New Zealand,Oceania,"New South Wales (south-east Australia), including Sydney City",Heavy rains,,No,No,Yes,,,Km2,,,"Hawkesbury, Nepean and Colo Rivers",2022,7,1,2022,7,8,1,,85000,,85000,,,,,466000,485182,96.0463421255491,"[{""adm1_code"":470,""adm1_name"":""New South Wales""}]",2022-07-05,2023-09-26
2022-0522-NZL,No,nat-met-sto-sev,Natural,Meteorological,Storm,Severe weather,,,NZL,New Zealand,Australia and New Zealand,Oceania,Nelson-Tasman and West Coast regions,,"Flood|Slide (land, mud, snow, rock)",No,No,Yes,,,Kph,,,Maitai,2022,8,15,2022,8,18,,,690,,690,,,,,,,96.0463421255491,,2022-08-18,2023-09-26
2022-0592-PNG,No,nat-geo-ear-gro,Natural,Geophysical,Earthquake,Ground movement,GLIDE:EQ-2022-000308,,PNG,Papua New Guinea,Melanesia,Oceania,"Morobe, Padang, Es provinces",,,No,No,No,,7.6,Moment Magnitude,-6.256,146.469,,2022,9,13,2022,9,13,7,24,,1945,1969,,,,,,,96.0463421255491,,2022-09-13,2025-03-04
2022-0679-AUS,No,nat-hyd-flo-flo,Natural,Hydrological,Flood,Flood (General),,,AUS,Australia,Australia and New Zealand,Oceania,"Victoria, New South Wales and Tasmania",Heavy rains,,No,No,Yes,,,Km2,,,,2022,10,12,2022,10,28,2,,102000,,102000,,,,,1300000,1353513,96.0463421255491,"[{""adm1_code"":470,""adm1_name"":""New South Wales""},{""adm1_code"":475,""adm1_name"":""Tasmania""},{""adm1_code"":476,""adm1_name"":""Victoria""}]",2022-10-17,2023-09-26
2022-9123-MHL,No,nat-cli-dro-dro,Natural,Climatological,Drought,Drought,GLIDE:DR-2022-000176,,MHL,Marshall Islands,Micronesia,Oceania,"Aur, Ailinglaplap, Ailuk, Jabot, Jaluit, Lae, Lib, Likiep, Maloelap, Mejit, Mejjato/Ebadon, Namdrik, Namu, Utrok, Ujae, Wotho, Wotje",,,No,No,No,,,Km2,,,,2022,1,,2022,3,,,,4480,,4480,,,,,,,96.0463421255491,,2022-03-02,2023-09-26
2023-0038-AUS,No,nat-hyd-flo-flo,Natural,Hydrological,Flood,Flood (General),,,AUS,Australia,Australia and New Zealand,Oceania,Kimberley region (Western Australia),Heavy rains,,No,No,No,,,Km2,,,,2023,1,6,2023,1,10,,,363,114,477,,,,,,,100,"[{""adm2_code"":5472,""adm2_name"":""Derby-West Kimberley (S)""},{""adm2_code"":5569,""adm2_name"":""Wyndham-East Kimberley (S)""}]",2023-01-23,2024-10-28
2023-0046-NZL,No,nat-hyd-flo-flo,Natural,Hydrological,Flood,Flood (General),,,NZL,New Zealand,Australia and New Zealand,Oceania,"Kelston, Albany, Randwick Park, Mangere, Wellsford, Warkworth and Kumeu Region (Auckland)",Heavy rains,,No,No,Yes,,,Km2,,,,2023,1,27,2023,2,2,4,,3786,1614,5400,,,1300000,1300000,1900000,1900000,100,,2023-01-30,2024-10-28
2023-0079-NZL,No,nat-met-sto-tro,Natural,Meteorological,Storm,Tropical cyclone,,Cyclone 'Gabrielle',NZL,New Zealand,Australia and New Zealand,Oceania,"Northland, Auckland, Tairawhiti, Bay of Plenty, Waikato, and Hawkes Bay",,"Flood|Slide (land, mud, snow, rock)",No,No,Yes,,140,Kph,,,,2023,2,11,2023,2,17,11,,10500,,10500,,,1900000,1900000,2800000,2800000,100,,2023-02-13,2024-01-16
2023-0119-VUT,No,nat-met-sto-tro,Natural,Meteorological,Storm,Tropical cyclone,GLIDE:EC-2023-000028,Tropical cyclone 'Judy',VUT,Vanuatu,Melanesia,Oceania,Shefa and Tafea Provinces,,,No,No,No,,,Kph,,,,2023,2,28,2023,3,3,,,251346,,251346,,,,,,,100,"[{""adm1_code"":3299,""adm1_name"":""Shefa""},{""adm1_code"":3300,""adm1_name"":""Tafea""}]",2023-03-06,2025-03-18
2023-0128-VUT,No,nat-met-sto-tro,Natural,Meteorological,Storm,Tropical cyclone,GLIDE:TC-2023-000030,Tropical cyclone 'Kevin',VUT,Vanuatu,Melanesia,Oceania,"Sanma, Penama, Malampa, Shefa and Tafea Provinces",,,No,No,Yes,,,Kph,,,,2023,3,2,2023,3,4,,,251356,,251356,,,,,,,100,"[{""adm1_code"":3296,""adm1_name"":""Malampa""},{""adm1_code"":3297,""adm1_name"":""Penama""},{""adm1_code"":3298,""adm1_name"":""Sanma""},{""adm1_code"":3299,""adm1_name"":""Shefa""},{""adm1_code"":3300,""adm1_name"":""Tafea""}]",2023-03-15,2023-09-26
2023-0129-AUS,No,nat-hyd-flo-flo,Natural,Hydrological,Flood,Flood (General),,,AUS,Australia,Australia and New Zealand,Oceania,"Daguragu, Kalkarindji, Pigeon Hole and Palumpa in the Victoria Daly Region",Heavy rains,,No,No,No,,,Km2,,,Victoria river,2023,3,1,2023,3,3,,,700,,700,,,,,,,100,,2023-03-15,2023-09-26
2023-0138-AUS,No,nat-hyd-flo-flo,Natural,Hydrological,Flood,Flood (General),,,AUS,Australia,Australia and New Zealand,Oceania,"Burketown, Riversleigh, Gregory Downs, Doomadgee, and Normanton Towns (northern Queensland)",Heavy rains,,No,No,No,,,Km2,,,,2023,3,10,2023,3,14,,,170,,170,,,,,,,100,,2023-03-16,2023-09-26
2023-0189-PNG,No,nat-geo-ear-gro,Natural,Geophysical,Earthquake,Ground movement,,,PNG,Papua New Guinea,Melanesia,Oceania,East Sepik Province,,,No,No,No,,7,Moment Magnitude,-4.326,143.159,,2023,4,2,2023,4,2,8,11,13635,2628,16274,,,,,,,100,"[{""adm1_code"":2293,""adm1_name"":""East Sepik""}]",2023-04-03,2025-03-18
2023-0214-NZL,No,nat-met-sto-tor,Natural,Meteorological,Storm,Tornado,,,NZL,New Zealand,Australia and New Zealand,Oceania,"Mapua Town, Nelson City (Tasman District); Auckland City",,Hail|Lightening,No,No,No,,,Kph,,,,2023,4,9,2023,4,10,,,303,,303,,,,,,,100,,2023-04-11,2023-09-26
2023-0300-GUM,No,nat-met-sto-tro,Natural,Meteorological,Storm,Tropical cyclone,,Typhoon 'Mawar',GUM,Guam,Micronesia,Oceania,,,Flood,No,No,Yes,,295,Kph,,,,2023,5,24,2023,5,25,2,,100000,,100000,,,,,4300000,4300000,100,,2023-06-13,2025-03-18
2023-0303-AUS,No,tec-tra-roa-roa,Technological,Transport,Road,Road,,,AUS,Australia,Australia and New Zealand,Oceania,Hunter (near Sydney),,,No,No,No,,,,,,,2023,6,11,2023,6,11,10,20,,,20,,,,,,,100,,2023-06-13,2023-09-26
2023-0309-AUS,No,tec-tra-wat-wat,Technological,Transport,Water,Water,,Fishing boat 'Lu Peng Yuan',AUS,Australia,Australia and New Zealand,Oceania,,,,No,No,No,,,,,,,2023,5,16,2023,5,16,39,,,,,,,,,,,100,,2023-06-13,2023-09-26
2023-0680-SLB,No,nat-met-sto-tro,Natural,Meteorological,Storm,Tropical cyclone,GLIDE:TC-2023-000207,Tropical cyclone 'Lola',SLB,Solomon Islands,Melanesia,Oceania,,,,No,No,No,,,Kph,,,,2023,10,24,2023,10,25,,,22319,,22319,,,,,,,100,,2023-11-03,2023-11-03
2023-0680-VUT,No,nat-met-sto-tro,Natural,Meteorological,Storm,Tropical cyclone,GLIDE:TC-2023-000207,Tropical cyclone 'Lola',VUT,Vanuatu,Melanesia,Oceania,"Penama, Malampa, Sanma, Shefa and Torba Provinces; Pentecost Island (Penama Province)",,"Flood|Slide (land, mud, snow, rock)",No,No,Yes,,205,Kph,,,,2023,10,24,2023,10,25,,,91000,,91000,,,,,,,100,,2023-10-30,2024-07-18
2023-0811-FJI,No,nat-met-sto-tro,Natural,Meteorological,Storm,Tropical cyclone,GLIDE:TC-2023-000219,Tropical cyclone 'Mal',FJI,Fiji,Melanesia,Oceania,"Central, Eastern, Northern, Western, Rotuma",,"Flood|Slide (land, mud, snow, rock)",No,No,No,,,Kph,,,,2023,11,14,2023,11,15,,,230000,,230000,,,,,,,100,,2023-11-28,2023-12-19
2023-0815-AUS,No,nat-hyd-flo-flo,Natural,Hydrological,Flood,Flood (General),,,AUS,Australia,Australia and New Zealand,Oceania,"New South Wales, Victoria, South Australia and south-eastern Queensland States",Heavy rains,Lightening|Storm,No,No,No,,,Km2,,,,2023,11,27,2023,11,30,,,390,,390,,,,,,,100,,2023-11-30,2023-12-01
2023-0828-AUS,No,nat-met-sto-tro,Natural,Meteorological,Storm,Tropical cyclone,,Cyclone 'Jasper',AUS,Australia,Australia and New Zealand,Oceania,"Cairns, Port Douglas, Daintree, Cooktown, Wujal Wujal and Hope Vale (Queensland)",,Flood,No,No,No,,220,Kph,,,,2023,12,13,2023,12,15,,,300,,300,,,,,,,100,,2023-12-13,2025-03-18
2023-0856-AUS,No,nat-met-sto-sto,Natural,Meteorological,Storm,Storm (General),,,AUS,Australia,Australia and New Zealand,Oceania,"New South Wales, Queensland, Victoria provinces (Queensland)",,Flood|Lightening|Transport accident,No,No,No,,,Kph,,,,2023,12,23,2023,12,27,10,,2100,,2100,,,,,,,100,,2024-01-02,2025-03-18
2023-9873-FSM,No,nat-cli-dro-dro,Natural,Climatological,Drought,Drought,GLIDE:DR-2023-000130,,FSM,Micronesia (Federated States of),Micronesia,Oceania,"Chuuk, Kosrae, Pohnpei, Yap",El Nino,,No,No,Yes,,,Km2,,,,2023,9,,2024,3,,,,113000,,113000,,,,,,,100,,2024-02-13,2024-04-03
2024-0073-MHL,No,nat-met-sto-sur,Natural,Meteorological,Storm,Storm surge,GLIDE:SS-2024-000006,,MHL,Marshall Islands,Micronesia,Oceania,"Ratak Chain, Ralik Chain",,Flood,No,No,No,,,Kph,,,,2024,1,22,2024,1,22,,,19532,,19532,,,,,,,,,2024-02-12,2024-04-03
2024-0140-PNG,No,nat-hyd-mmw-lan,Natural,Hydrological,Mass movement (wet),Landslide (wet),,,PNG,Papua New Guinea,Melanesia,Oceania,Chimbu Province; Lese Kavora (Gulf Province),Heavy rains,Flood,No,No,No,,,,,,,2024,3,18,2024,3,21,23,,,,,,,,,60000,,,,2024-03-22,2024-05-02
2024-0153-PNG,No,nat-geo-ear-gro,Natural,Geophysical,Earthquake,Ground movement,,,PNG,Papua New Guinea,Melanesia,Oceania,"Ambunti-Dreikikir, Angoram and Wosera-Gaui (East Sepik Province)",,"Slide (land, mud, snow, rock)",No,No,No,,6.9,Moment Magnitude,-4.139,143.159,,2024,3,20,2024,3,20,5,2,,5000,5002,,,,,,,,,2024-03-27,2024-07-29
2024-0199-AUS,No,nat-hyd-flo-fla,Natural,Hydrological,Flood,Flash flood,,,AUS,Australia,Australia and New Zealand,Oceania,Greater Sidney area (eastern New South Wales State); Queensland,Heavy rains,"Slide (land, mud, snow, rock)|Storm",No,No,No,,,Km2,,,,2024,4,5,2024,4,9,,6,200,,206,,,,,260000,,,,2024-04-09,2025-01-29
2024-0303-PNG,No,nat-hyd-mmw-lan,Natural,Hydrological,Mass movement (wet),Landslide (wet),GLIDE:LS-2024-000080,,PNG,Papua New Guinea,Melanesia,Oceania,Enga Region,Heavy rains,,No,No,No,,,,,,,2024,5,23,2024,5,24,670,,7849,,7849,,,,,,,,,2024-06-04,2025-03-03
2024-0459-NZL,No,nat-met-sto-sev,Natural,Meteorological,Storm,Severe weather,,,NZL,New Zealand,Australia and New Zealand,Oceania,Hawke's Bay and Tairawhiti regions,,Flood|Surge,No,No,Yes,,,Kph,,,,2024,6,25,2024,6,27,,,1200,,1200,,,,,,,,,2024-07-11,2024-07-15
2024-0746-AUS,No,nat-met-sto-sev,Natural,Meteorological,Storm,Severe weather,,,AUS,Australia,Australia and New Zealand,Oceania,Victoria and Tasmania states,Heavy rains,Flood|Lightening,No,No,No,,,Kph,,,,2024,8,28,2024,9,2,1,2,4400,,4402,,,,,,,,,2024-10-15,2025-03-18
2024-0911-VUT,No,nat-geo-ear-gro,Natural,Geophysical,Earthquake,Ground movement,GLIDE:EQ-2024-000227,,VUT,Vanuatu,Melanesia,Oceania,,,"Slide (land, mud, snow, rock)|Tsunami/Tidal wave",No,No,Yes,,7.3,Moment Magnitude,-17.686,168.034,,2024,12,17,2024,12,17,14,265,80000,,80265,,,,,100000,,,,2024-12-17,2025-03-18
2024-9135-MHL,No,nat-cli-dro-dro,Natural,Climatological,Drought,Drought,GLIDE:DR-2024-000016,,MHL,Marshall Islands,Micronesia,Oceania,"Ratak Chain, Ralik Chain",,,No,No,No,,,Km2,,,,2024,1,,2024,3,,,,13924,,13924,,,,,,,,"[{""adm1_code"":2002,""adm1_name"":""Administrative unit not available""}]",2024-03-13,2024-08-01
2025-0047-AUS,No,nat-cli-wil-wil,Natural,Climatological,Wildfire,Wildfire (General),,,AUS,Australia,Australia and New Zealand,Oceania,"Dimbola and Wail towns, Little Desert National Park (Shire of Hindmarshand of the Wimmera region, Victoria state)",,,No,No,No,,,Km2,,,,2025,1,27,2025,1,29,,,260,,260,,,,,,,,,2025-01-29,2025-02-13
2025-0075-AUS,No,nat-hyd-flo-flo,Natural,Hydrological,Flood,Flood (General),,,AUS,Australia,Australia and New Zealand,Oceania,"Townsville, Cardwell and Ingham (Queensland state)",,,No,No,No,,,Km2,,,,2025,2,1,2025,2,6,2,,6000,,6000,,,,,,,,,2025-02-07,2025-02-13
